article_id,date,headline,article_text,source,url,author,category,entities,collection_method,_synthetic,_true_label,combined_text,word_count,text_clean,text_minimal,sentence_count,lexical_diversity,fear_score,greed_score,uncertainty_score,optimism_score,dominant_emotion,silver_label,fnei,fnei_category
SYN_432F0E5B16F5,2018-01-01,Indian markets crash amid global recession fears and rising inflation,This article discusses fear sentiments in financial markets. This article discusses fear sentiments in financial markets. This article discusses fear sentiments in financial markets. This article discusses fear sentiments in financial markets. This article discusses fear sentiments in financial markets. ,Synthetic_Framework,,,finance,,SYNTHETIC,True,fear,Indian markets crash amid global recession fears and rising inflation. This article discusses fear sentiments in financial markets. This article discusses fear sentiments in financial markets. This article discusses fear sentiments in financial markets. This article discusses fear sentiments in financial markets. This article discusses fear sentiments in financial markets.,50,indian markets crash amid global recession fears and rising inflation this article discusses fear sentiments in financial markets this article discusses fear sentiments in financial markets this article discusses fear sentiments in financial markets this article discusses fear sentiments in financial markets this article discusses fear sentiments in financial markets,Indian markets crash amid global recession fears and rising inflation. This article discusses fear sentiments in financial markets. This article discusses fear sentiments in financial markets. This article discusses fear sentiments in financial markets. This article discusses fear sentiments in financial markets. This article discusses fear sentiments in financial markets.,6,0.34,1.0,0.0,0.16975500000000002,0.0,fear,fear,12.453674999999999,Extreme Fear
SYN_60D272FE47A9,2018-01-02,Markets rally sharply as corporate earnings beat estimates — experts weigh in,This article discusses greed sentiments in financial markets. This article discusses greed sentiments in financial markets. This article discusses greed sentiments in financial markets. This article discusses greed sentiments in financial markets. This article discusses greed sentiments in financial markets. ,Synthetic_Framework,,,finance,,SYNTHETIC,True,greed,Markets rally sharply as corporate earnings beat estimates — experts weigh in. This article discusses greed sentiments in financial markets. This article discusses greed sentiments in financial markets. This article discusses greed sentiments in financial markets. This article discusses greed sentiments in financial markets. This article discusses greed sentiments in financial markets.,52,markets rally sharply as corporate earnings beat estimates experts weigh in this article discusses greed sentiments in financial markets this article discusses greed sentiments in financial markets this article discusses greed sentiments in financial markets this article discusses greed sentiments in financial markets this article discusses greed sentiments in financial markets,Markets rally sharply as corporate earnings beat estimates experts weigh in. This article discusses greed sentiments in financial markets. This article discusses greed sentiments in financial markets. This article discusses greed sentiments in financial markets. This article discusses greed sentiments in financial markets. This article discusses greed sentiments in financial markets.,6,0.3333333333333333,0.06825,1.0,0.045500000000000006,0.0,greed,greed,62.9525,Greed
SYN_D56F0691935E,2018-01-03,NIFTY may face headwinds if inflation risks persist,This article discusses uncertainty sentiments in financial markets. This article discusses uncertainty sentiments in financial markets. This article discusses uncertainty sentiments in financial markets. This article discusses uncertainty sentiments in financial markets. This article discusses uncertainty sentiments in financial markets. ,Synthetic_Framework,,,finance,,SYNTHETIC,True,uncertainty,NIFTY may face headwinds if inflation risks persist. This article discusses uncertainty sentiments in financial markets. This article discusses uncertainty sentiments in financial markets. This article discusses uncertainty sentiments in financial markets. This article discusses uncertainty sentiments in financial markets. This article discusses uncertainty sentiments in financial markets.,48,nifty may face headwinds if inflation risks persist this article discusses uncertainty sentiments in financial markets this article discusses uncertainty sentiments in financial markets this article discusses uncertainty sentiments in financial markets this article discusses uncertainty sentiments in financial markets this article discusses uncertainty sentiments in financial markets,NIFTY may face headwinds if inflation risks persist. This article discusses uncertainty sentiments in financial markets. This article discusses uncertainty sentiments in financial markets. This article discusses uncertainty sentiments in financial markets. This article discusses uncertainty sentiments in financial markets. This article discusses uncertainty sentiments in financial markets.,6,0.3333333333333333,0.0641625,0.048810000000000006,1.0,0.073215,uncertainty,uncertainty,22.743575000000003,Fear
SYN_7E93221D5EA9,2018-01-04,India economy shows resilient growth amid global headwinds,This article discusses optimism sentiments in financial markets. This article discusses optimism sentiments in financial markets. This article discusses optimism sentiments in financial markets. This article discusses optimism sentiments in financial markets. This article discusses optimism sentiments in financial markets. ,Synthetic_Framework,,,finance,,SYNTHETIC,True,optimism,India economy shows resilient growth amid global headwinds. This article discusses optimism sentiments in financial markets. This article discusses optimism sentiments in financial markets. This article discusses optimism sentiments in financial markets. This article discusses optimism sentiments in financial markets. This article discusses optimism sentiments in financial markets.,48,india economy shows resilient growth amid global headwinds this article discusses optimism sentiments in financial markets this article discusses optimism sentiments in financial markets this article discusses optimism sentiments in financial markets this article discusses optimism sentiments in financial markets this article discusses optimism sentiments in financial markets,India economy shows resilient growth amid global headwinds. This article discusses optimism sentiments in financial markets. This article discusses optimism sentiments in financial markets. This article discusses optimism sentiments in financial markets. This article discusses optimism sentiments in financial markets. This article discusses optimism sentiments in financial markets.,6,0.3333333333333333,0.0,0.10548500000000001,1.0,1.0,uncertainty,uncertainty,58.164550000000006,Neutral
SYN_78A8A688CDD4,2018-01-05,Recession fears grip Dalal Street; SENSEX falls 1500 points — experts weigh in,This article discusses fear sentiments in financial markets. This article discusses fear sentiments in financial markets. This article discusses fear sentiments in financial markets. This article discusses fear sentiments in financial markets. This article discusses fear sentiments in financial markets. ,Synthetic_Framework,,,finance,,SYNTHETIC,True,fear,Recession fears grip Dalal Street; SENSEX falls 1500 points — experts weigh in. This article discusses fear sentiments in financial markets. This article discusses fear sentiments in financial markets. This article discusses fear sentiments in financial markets. This article discusses fear sentiments in financial markets. This article discusses fear sentiments in financial markets.,53,recession fears grip dalal street sensex falls points experts weigh in this article discusses fear sentiments in financial markets this article discusses fear sentiments in financial markets this article discusses fear sentiments in financial markets this article discusses fear sentiments in financial markets this article discusses fear sentiments in financial markets,Recession fears grip Dalal Street; SENSEX falls 1500 points experts weigh in. This article discusses fear sentiments in financial markets. This article discusses fear sentiments in financial markets. This article discusses fear sentiments in financial markets. This article discusses fear sentiments in financial markets. This article discusses fear sentiments in financial markets.,6,0.35294117647058826,1.0,0.0,0.15045,0.0,fear,fear,12.74325,Extreme Fear
SYN_1C396F2E3C5B,2018-01-06,Strong quarterly results fuel blockbuster market rally,This article discusses greed sentiments in financial markets. This article discusses greed sentiments in financial markets. This article discusses greed sentiments in financial markets. This article discusses greed sentiments in financial markets. This article discusses greed sentiments in financial markets. ,Synthetic_Framework,,,finance,,SYNTHETIC,True,greed,Strong quarterly results fuel blockbuster market rally. This article discusses greed sentiments in financial markets. This article discusses greed sentiments in financial markets. This article discusses greed sentiments in financial markets. This article discusses greed sentiments in financial markets. This article discusses greed sentiments in financial markets.,47,strong quarterly results fuel blockbuster market rally this article discusses greed sentiments in financial markets this article discusses greed sentiments in financial markets this article discusses greed sentiments in financial markets this article discusses greed sentiments in financial markets this article discusses greed sentiments in financial markets,Strong quarterly results fuel blockbuster market rally. This article discusses greed sentiments in financial markets. This article discusses greed sentiments in financial markets. This article discusses greed sentiments in financial markets. This article discusses greed sentiments in financial markets. This article discusses greed sentiments in financial markets.,6,0.3191489361702128,0.048644999999999994,1.0,0.03243,1.0,greed,greed,98.54065,Extreme Greed
SYN_19C3DFCF0F35,2018-01-07,Budget outcome unclear; markets await fiscal roadmap,This article discusses uncertainty sentiments in financial markets. This article discusses uncertainty sentiments in financial markets. This article discusses uncertainty sentiments in financial markets. This article discusses uncertainty sentiments in financial markets. This article discusses uncertainty sentiments in financial markets. ,Synthetic_Framework,,,finance,,SYNTHETIC,True,uncertainty,Budget outcome unclear; markets await fiscal roadmap. This article discusses uncertainty sentiments in financial markets. This article discusses uncertainty sentiments in financial markets. This article discusses uncertainty sentiments in financial markets. This article discusses uncertainty sentiments in financial markets. This article discusses uncertainty sentiments in financial markets.,47,budget outcome unclear markets await fiscal roadmap this article discusses uncertainty sentiments in financial markets this article discusses uncertainty sentiments in financial markets this article discusses uncertainty sentiments in financial markets this article discusses uncertainty sentiments in financial markets this article discusses uncertainty sentiments in financial markets,Budget outcome unclear; markets await fiscal roadmap. This article discusses uncertainty sentiments in financial markets. This article discusses uncertainty sentiments in financial markets. This article discusses uncertainty sentiments in financial markets. This article discusses uncertainty sentiments in financial markets. This article discusses uncertainty sentiments in financial markets.,6,0.2978723404255319,0.1012725,0.0,0.272965,0.0,uncertainty,uncertainty,28.880075000000005,Fear
SYN_33BCD9240385,2018-01-08,Positive outlook: India poised for sustained growth cycle — experts weigh in,This article discusses optimism sentiments in financial markets. This article discusses optimism sentiments in financial markets. This article discusses optimism sentiments in financial markets. This article discusses optimism sentiments in financial markets. This article discusses optimism sentiments in financial markets. ,Synthetic_Framework,,,finance,,SYNTHETIC,True,optimism,Positive outlook: India poised for sustained growth cycle — experts weigh in. This article discusses optimism sentiments in financial markets. This article discusses optimism sentiments in financial markets. This article discusses optimism sentiments in financial markets. This article discusses optimism sentiments in financial markets. This article discusses optimism sentiments in financial markets.,52,positive outlook india poised for sustained growth cycle experts weigh in this article discusses optimism sentiments in financial markets this article discusses optimism sentiments in financial markets this article discusses optimism sentiments in financial markets this article discusses optimism sentiments in financial markets this article discusses optimism sentiments in financial markets,Positive outlook: India poised for sustained growth cycle experts weigh in. This article discusses optimism sentiments in financial markets. This article discusses optimism sentiments in financial markets. This article discusses optimism sentiments in financial markets. This article discusses optimism sentiments in financial markets. This article discusses optimism sentiments in financial markets.,6,0.35294117647058826,0.0,0.16914500000000002,0.24509803921568626,1.0,optimism,optimism,71.3978794117647,Greed
SYN_BC7CE722B81C,2018-01-09,Bearish sentiment dominates as downturn fears escalate,This article discusses fear sentiments in financial markets. This article discusses fear sentiments in financial markets. This article discusses fear sentiments in financial markets. This article discusses fear sentiments in financial markets. This article discusses fear sentiments in financial markets. ,Synthetic_Framework,,,finance,,SYNTHETIC,True,fear,Bearish sentiment dominates as downturn fears escalate. This article discusses fear sentiments in financial markets. This article discusses fear sentiments in financial markets. This article discusses fear sentiments in financial markets. This article discusses fear sentiments in financial markets. This article discusses fear sentiments in financial markets.,47,bearish sentiment dominates as downturn fears escalate this article discusses fear sentiments in financial markets this article discusses fear sentiments in financial markets this article discusses fear sentiments in financial markets this article discusses fear sentiments in financial markets this article discusses fear sentiments in financial markets,Bearish sentiment dominates as downturn fears escalate. This article discusses fear sentiments in financial markets. This article discusses fear sentiments in financial markets. This article discusses fear sentiments in financial markets. This article discusses fear sentiments in financial markets. This article discusses fear sentiments in financial markets.,6,0.3191489361702128,1.0,0.0,0.105065,0.0,fear,fear,13.424025,Extreme Fear
SYN_80B9B75DF7AB,2018-01-10,Stellar performance: India markets outperform global peers,This article discusses greed sentiments in financial markets. This article discusses greed sentiments in financial markets. This article discusses greed sentiments in financial markets. This article discusses greed sentiments in financial markets. This article discusses greed sentiments in financial markets. ,Synthetic_Framework,,,finance,,SYNTHETIC,True,greed,Stellar performance: India markets outperform global peers. This article discusses greed sentiments in financial markets. This article discusses greed sentiments in financial markets. This article discusses greed sentiments in financial markets. This article discusses greed sentiments in financial markets. This article discusses greed sentiments in financial markets.,47,stellar performance india markets outperform global peers this article discusses greed sentiments in financial markets this article discusses greed sentiments in financial markets this article discusses greed sentiments in financial markets this article discusses greed sentiments in financial markets this article discusses greed sentiments in financial markets,Stellar performance: India markets outperform global peers. This article discusses greed sentiments in financial markets. This article discusses greed sentiments in financial markets. This article discusses greed sentiments in financial markets. This article discusses greed sentiments in financial markets. This article discusses greed sentiments in financial markets.,6,0.2978723404255319,0.06825,1.0,0.045500000000000006,0.0,greed,greed,62.9525,Greed
SYN_04A2B70780B5,2018-01-11,Markets volatile as RBI policy outcome remains uncertain — experts weigh in,This article discusses uncertainty sentiments in financial markets. This article discusses uncertainty sentiments in financial markets. This article discusses uncertainty sentiments in financial markets. This article discusses uncertainty sentiments in financial markets. This article discusses uncertainty sentiments in financial markets. ,Synthetic_Framework,,,finance,,SYNTHETIC,True,uncertainty,Markets volatile as RBI policy outcome remains uncertain — experts weigh in. This article discusses uncertainty sentiments in financial markets. This article discusses uncertainty sentiments in financial markets. This article discusses uncertainty sentiments in financial markets. This article discusses uncertainty sentiments in financial markets. This article discusses uncertainty sentiments in financial markets.,52,markets volatile as rbi policy outcome remains uncertain experts weigh in this article discusses uncertainty sentiments in financial markets this article discusses uncertainty sentiments in financial markets this article discusses uncertainty sentiments in financial markets this article discusses uncertainty sentiments in financial markets this article discusses uncertainty sentiments in financial markets,Markets volatile as RBI policy outcome remains uncertain experts weigh in. This article discusses uncertainty sentiments in financial markets. This article discusses uncertainty sentiments in financial markets. This article discusses uncertainty sentiments in financial markets. This article discusses uncertainty sentiments in financial markets. This article discusses uncertainty sentiments in financial markets.,6,0.3333333333333333,0.134415,0.0,1.0,0.0,uncertainty,uncertainty,17.3117,Extreme Fear
SYN_33C3F3029005,2018-01-12,Manufacturing PMI hits 18-month high on robust demand,This article discusses optimism sentiments in financial markets. This article discusses optimism sentiments in financial markets. This article discusses optimism sentiments in financial markets. This article discusses optimism sentiments in financial markets. This article discusses optimism sentiments in financial markets. ,Synthetic_Framework,,,finance,,SYNTHETIC,True,optimism,Manufacturing PMI hits 18-month high on robust demand. This article discusses optimism sentiments in financial markets. This article discusses optimism sentiments in financial markets. This article discusses optimism sentiments in financial markets. This article discusses optimism sentiments in financial markets. This article discusses optimism sentiments in financial markets.,48,manufacturing pmi hits month high on robust demand this article discusses optimism sentiments in financial markets this article discusses optimism sentiments in financial markets this article discusses optimism sentiments in financial markets this article discusses optimism sentiments in financial markets this article discusses optimism sentiments in financial markets,Manufacturing PMI hits 18-month high on robust demand. This article discusses optimism sentiments in financial markets. This article discusses optimism sentiments in financial markets. This article discusses optimism sentiments in financial markets. This article discusses optimism sentiments in financial markets. This article discusses optimism sentiments in financial markets.,6,0.3333333333333333,0.0,0.08198,0.0,1.0,optimism,optimism,72.4594,Greed
SYN_0BCAF0D55E88,2018-01-13,Banking sector faces systemic risk as NPA levels surge,This article discusses fear sentiments in financial markets. This article discusses fear sentiments in financial markets. This article discusses fear sentiments in financial markets. This article discusses fear sentiments in financial markets. This article discusses fear sentiments in financial markets. ,Synthetic_Framework,,,finance,,SYNTHETIC,True,fear,Banking sector faces systemic risk as NPA levels surge. This article discusses fear sentiments in financial markets. This article discusses fear sentiments in financial markets. This article discusses fear sentiments in financial markets. This article discusses fear sentiments in financial markets. This article discusses fear sentiments in financial markets.,49,banking sector faces systemic risk as npa levels surge this article discusses fear sentiments in financial markets this article discusses fear sentiments in financial markets this article discusses fear sentiments in financial markets this article discusses fear sentiments in financial markets this article discusses fear sentiments in financial markets,Banking sector faces systemic risk as NPA levels surge. This article discusses fear sentiments in financial markets. This article discusses fear sentiments in financial markets. This article discusses fear sentiments in financial markets. This article discusses fear sentiments in financial markets. This article discusses fear sentiments in financial markets.,6,0.3469387755102041,1.0,1.0,1.0,0.0,fear,fear,30.0,Fear
SYN_7BF665FA0920,2018-01-14,IPO boom: Record subscriptions signal euphoric market sentiment — experts weigh in,This article discusses greed sentiments in financial markets. This article discusses greed sentiments in financial markets. This article discusses greed sentiments in financial markets. This article discusses greed sentiments in financial markets. This article discusses greed sentiments in financial markets. ,Synthetic_Framework,,,finance,,SYNTHETIC,True,greed,IPO boom: Record subscriptions signal euphoric market sentiment — experts weigh in. This article discusses greed sentiments in financial markets. This article discusses greed sentiments in financial markets. This article discusses greed sentiments in financial markets. This article discusses greed sentiments in financial markets. This article discusses greed sentiments in financial markets.,52,ipo boom record subscriptions signal euphoric market sentiment experts weigh in this article discusses greed sentiments in financial markets this article discusses greed sentiments in financial markets this article discusses greed sentiments in financial markets this article discusses greed sentiments in financial markets this article discusses greed sentiments in financial markets,IPO boom: Record subscriptions signal euphoric market sentiment experts weigh in. This article discusses greed sentiments in financial markets. This article discusses greed sentiments in financial markets. This article discusses greed sentiments in financial markets. This article discusses greed sentiments in financial markets. This article discusses greed sentiments in financial markets.,6,0.35294117647058826,0.060555,1.0,0.04037,0.1433025,greed,greed,68.19893750000001,Greed
SYN_B0D30EAD923C,2018-01-15,Analysts divided on market direction amid mixed signals,This article discusses uncertainty sentiments in financial markets. This article discusses uncertainty sentiments in financial markets. This article discusses uncertainty sentiments in financial markets. This article discusses uncertainty sentiments in financial markets. This article discusses uncertainty sentiments in financial markets. ,Synthetic_Framework,,,finance,,SYNTHETIC,True,uncertainty,Analysts divided on market direction amid mixed signals. This article discusses uncertainty sentiments in financial markets. This article discusses uncertainty sentiments in financial markets. This article discusses uncertainty sentiments in financial markets. This article discusses uncertainty sentiments in financial markets. This article discusses uncertainty sentiments in financial markets.,48,analysts divided on market direction amid mixed signals this article discusses uncertainty sentiments in financial markets this article discusses uncertainty sentiments in financial markets this article discusses uncertainty sentiments in financial markets this article discusses uncertainty sentiments in financial markets this article discusses uncertainty sentiments in financial markets,Analysts divided on market direction amid mixed signals. This article discusses uncertainty sentiments in financial markets. This article discusses uncertainty sentiments in financial markets. This article discusses uncertainty sentiments in financial markets. This article discusses uncertainty sentiments in financial markets. This article discusses uncertainty sentiments in financial markets.,6,0.3333333333333333,0.065625,0.0,1.0,0.0,uncertainty,uncertainty,18.6875,Extreme Fear
SYN_9F21C4101E10,2018-01-16,Strong earnings season boosts confidence in India story,This article discusses optimism sentiments in financial markets. This article discusses optimism sentiments in financial markets. This article discusses optimism sentiments in financial markets. This article discusses optimism sentiments in financial markets. This article discusses optimism sentiments in financial markets. ,Synthetic_Framework,,,finance,,SYNTHETIC,True,optimism,Strong earnings season boosts confidence in India story. This article discusses optimism sentiments in financial markets. This article discusses optimism sentiments in financial markets. This article discusses optimism sentiments in financial markets. This article discusses optimism sentiments in financial markets. This article discusses optimism sentiments in financial markets.,48,strong earnings season boosts confidence in india story this article discusses optimism sentiments in financial markets this article discusses optimism sentiments in financial markets this article discusses optimism sentiments in financial markets this article discusses optimism sentiments in financial markets this article discusses optimism sentiments in financial markets,Strong earnings season boosts confidence in India story. This article discusses optimism sentiments in financial markets. This article discusses optimism sentiments in financial markets. This article discusses optimism sentiments in financial markets. This article discusses optimism sentiments in financial markets. This article discusses optimism sentiments in financial markets.,6,0.3125,0.0,0.17433,0.0,1.0,optimism,optimism,75.2299,Greed
SYN_684F37CD2BD7,2018-01-17,India VIX spikes to multi-year high on recession worry — experts weigh in,This article discusses fear sentiments in financial markets. This article discusses fear sentiments in financial markets. This article discusses fear sentiments in financial markets. This article discusses fear sentiments in financial markets. This article discusses fear sentiments in financial markets. ,Synthetic_Framework,,,finance,,SYNTHETIC,True,fear,India VIX spikes to multi-year high on recession worry — experts weigh in. This article discusses fear sentiments in financial markets. This article discusses fear sentiments in financial markets. This article discusses fear sentiments in financial markets. This article discusses fear sentiments in financial markets. This article discusses fear sentiments in financial markets.,53,india vix spikes to multi year high on recession worry experts weigh in this article discusses fear sentiments in financial markets this article discusses fear sentiments in financial markets this article discusses fear sentiments in financial markets this article discusses fear sentiments in financial markets this article discusses fear sentiments in financial markets,India VIX spikes to multi-year high on recession worry experts weigh in. This article discusses fear sentiments in financial markets. This article discusses fear sentiments in financial markets. This article discusses fear sentiments in financial markets. This article discusses fear sentiments in financial markets. This article discusses fear sentiments in financial markets.,6,0.37735849056603776,1.0,0.0,1.0,0.0,fear,fear,0.0,Extreme Fear
SYN_DACED26A7286,2018-01-18,Foreign investors pile into India stocks at record pace,This article discusses greed sentiments in financial markets. This article discusses greed sentiments in financial markets. This article discusses greed sentiments in financial markets. This article discusses greed sentiments in financial markets. This article discusses greed sentiments in financial markets. ,Synthetic_Framework,,,finance,,SYNTHETIC,True,greed,Foreign investors pile into India stocks at record pace. This article discusses greed sentiments in financial markets. This article discusses greed sentiments in financial markets. This article discusses greed sentiments in financial markets. This article discusses greed sentiments in financial markets. This article discusses greed sentiments in financial markets.,49,foreign investors pile into india stocks at record pace this article discusses greed sentiments in financial markets this article discusses greed sentiments in financial markets this article discusses greed sentiments in financial markets this article discusses greed sentiments in financial markets this article discusses greed sentiments in financial markets,Foreign investors pile into India stocks at record pace. This article discusses greed sentiments in financial markets. This article discusses greed sentiments in financial markets. This article discusses greed sentiments in financial markets. This article discusses greed sentiments in financial markets. This article discusses greed sentiments in financial markets.,6,0.3469387755102041,0.06825,1.0,0.045500000000000006,0.0,greed,greed,62.9525,Greed
SYN_9C51F0228BA6,2018-01-19,Election results could shift market direction significantly,This article discusses uncertainty sentiments in financial markets. This article discusses uncertainty sentiments in financial markets. This article discusses uncertainty sentiments in financial markets. This article discusses uncertainty sentiments in financial markets. This article discusses uncertainty sentiments in financial markets. ,Synthetic_Framework,,,finance,,SYNTHETIC,True,uncertainty,Election results could shift market direction significantly. This article discusses uncertainty sentiments in financial markets. This article discusses uncertainty sentiments in financial markets. This article discusses uncertainty sentiments in financial markets. This article discusses uncertainty sentiments in financial markets. This article discusses uncertainty sentiments in financial markets.,47,election results could shift market direction significantly this article discusses uncertainty sentiments in financial markets this article discusses uncertainty sentiments in financial markets this article discusses uncertainty sentiments in financial markets this article discusses uncertainty sentiments in financial markets this article discusses uncertainty sentiments in financial markets,Election results could shift market direction significantly. This article discusses uncertainty sentiments in financial markets. This article discusses uncertainty sentiments in financial markets. This article discusses uncertainty sentiments in financial markets. This article discusses uncertainty sentiments in financial markets. This article discusses uncertainty sentiments in financial markets.,6,0.3191489361702128,0.065625,0.0,1.0,0.0,uncertainty,uncertainty,18.6875,Extreme Fear
SYN_98A0E95A0A6B,2018-01-20,Reform momentum builds; India growth story intact — experts weigh in,This article discusses optimism sentiments in financial markets. This article discusses optimism sentiments in financial markets. This article discusses optimism sentiments in financial markets. This article discusses optimism sentiments in financial markets. This article discusses optimism sentiments in financial markets. ,Synthetic_Framework,,,finance,,SYNTHETIC,True,optimism,Reform momentum builds; India growth story intact — experts weigh in. This article discusses optimism sentiments in financial markets. This article discusses optimism sentiments in financial markets. This article discusses optimism sentiments in financial markets. This article discusses optimism sentiments in financial markets. This article discusses optimism sentiments in financial markets.,51,reform momentum builds india growth story intact experts weigh in this article discusses optimism sentiments in financial markets this article discusses optimism sentiments in financial markets this article discusses optimism sentiments in financial markets this article discusses optimism sentiments in financial markets this article discusses optimism sentiments in financial markets,Reform momentum builds; India growth story intact experts weigh in. This article discusses optimism sentiments in financial markets. This article discusses optimism sentiments in financial markets. This article discusses optimism sentiments in financial markets. This article discusses optimism sentiments in financial markets. This article discusses optimism sentiments in financial markets.,6,0.34,0.0,1.0,0.0,1.0,greed,greed,100.0,Extreme Greed
SYN_5BBE1B6BA789,2018-01-21,Markets crash amid global recession fears and rising inflation,This article discusses fear sentiments in financial markets. This article discusses fear sentiments in financial markets. This article discusses fear sentiments in financial markets. This article discusses fear sentiments in financial markets. This article discusses fear sentiments in financial markets. ,Synthetic_Framework,,,finance,,SYNTHETIC,True,fear,Markets crash amid global recession fears and rising inflation. This article discusses fear sentiments in financial markets. This article discusses fear sentiments in financial markets. This article discusses fear sentiments in financial markets. This article discusses fear sentiments in financial markets. This article discusses fear sentiments in financial markets.,49,markets crash amid global recession fears and rising inflation this article discusses fear sentiments in financial markets this article discusses fear sentiments in financial markets this article discusses fear sentiments in financial markets this article discusses fear sentiments in financial markets this article discusses fear sentiments in financial markets,Markets crash amid global recession fears and rising inflation. This article discusses fear sentiments in financial markets. This article discusses fear sentiments in financial markets. This article discusses fear sentiments in financial markets. This article discusses fear sentiments in financial markets. This article discusses fear sentiments in financial markets.,6,0.32653061224489793,1.0,0.0,0.16975500000000002,0.0,fear,fear,12.453674999999999,Extreme Fear
SYN_40C0B0C0B4DD,2018-01-22,Indian markets rally sharply as corporate earnings beat estimates,This article discusses greed sentiments in financial markets. This article discusses greed sentiments in financial markets. This article discusses greed sentiments in financial markets. This article discusses greed sentiments in financial markets. This article discusses greed sentiments in financial markets. ,Synthetic_Framework,,,finance,,SYNTHETIC,True,greed,Indian markets rally sharply as corporate earnings beat estimates. This article discusses greed sentiments in financial markets. This article discusses greed sentiments in financial markets. This article discusses greed sentiments in financial markets. This article discusses greed sentiments in financial markets. This article discusses greed sentiments in financial markets.,49,indian markets rally sharply as corporate earnings beat estimates this article discusses greed sentiments in financial markets this article discusses greed sentiments in financial markets this article discusses greed sentiments in financial markets this article discusses greed sentiments in financial markets this article discusses greed sentiments in financial markets,Indian markets rally sharply as corporate earnings beat estimates. This article discusses greed sentiments in financial markets. This article discusses greed sentiments in financial markets. This article discusses greed sentiments in financial markets. This article discusses greed sentiments in financial markets. This article discusses greed sentiments in financial markets.,6,0.32653061224489793,0.06825,1.0,0.045500000000000006,0.0,greed,greed,62.9525,Greed
SYN_EB4C21077D45,2018-01-23,NIFTY may face headwinds if inflation risks persist — experts weigh in,This article discusses uncertainty sentiments in financial markets. This article discusses uncertainty sentiments in financial markets. This article discusses uncertainty sentiments in financial markets. This article discusses uncertainty sentiments in financial markets. This article discusses uncertainty sentiments in financial markets. ,Synthetic_Framework,,,finance,,SYNTHETIC,True,uncertainty,NIFTY may face headwinds if inflation risks persist — experts weigh in. This article discusses uncertainty sentiments in financial markets. This article discusses uncertainty sentiments in financial markets. This article discusses uncertainty sentiments in financial markets. This article discusses uncertainty sentiments in financial markets. This article discusses uncertainty sentiments in financial markets.,52,nifty may face headwinds if inflation risks persist experts weigh in this article discusses uncertainty sentiments in financial markets this article discusses uncertainty sentiments in financial markets this article discusses uncertainty sentiments in financial markets this article discusses uncertainty sentiments in financial markets this article discusses uncertainty sentiments in financial markets,NIFTY may face headwinds if inflation risks persist experts weigh in. This article discusses uncertainty sentiments in financial markets. This article discusses uncertainty sentiments in financial markets. This article discusses uncertainty sentiments in financial markets. This article discusses uncertainty sentiments in financial markets. This article discusses uncertainty sentiments in financial markets.,6,0.35294117647058826,0.0641625,0.048810000000000006,1.0,0.073215,uncertainty,uncertainty,22.743575000000003,Fear
SYN_573208FC46DD,2018-01-25,Recession fears grip Dalal Street; SENSEX falls 1500 points,This article discusses fear sentiments in financial markets. This article discusses fear sentiments in financial markets. This article discusses fear sentiments in financial markets. This article discusses fear sentiments in financial markets. This article discusses fear sentiments in financial markets. ,Synthetic_Framework,,,finance,,SYNTHETIC,True,fear,Recession fears grip Dalal Street; SENSEX falls 1500 points. This article discusses fear sentiments in financial markets. This article discusses fear sentiments in financial markets. This article discusses fear sentiments in financial markets. This article discusses fear sentiments in financial markets. This article discusses fear sentiments in financial markets.,49,recession fears grip dalal street sensex falls points this article discusses fear sentiments in financial markets this article discusses fear sentiments in financial markets this article discusses fear sentiments in financial markets this article discusses fear sentiments in financial markets this article discusses fear sentiments in financial markets,Recession fears grip Dalal Street; SENSEX falls 1500 points. This article discusses fear sentiments in financial markets. This article discusses fear sentiments in financial markets. This article discusses fear sentiments in financial markets. This article discusses fear sentiments in financial markets. This article discusses fear sentiments in financial markets.,6,0.3333333333333333,1.0,0.0,0.15045,0.0,fear,fear,12.74325,Extreme Fear
SYN_D68FEA854207,2018-01-26,Strong quarterly results fuel blockbuster market rally — experts weigh in,This article discusses greed sentiments in financial markets. This article discusses greed sentiments in financial markets. This article discusses greed sentiments in financial markets. This article discusses greed sentiments in financial markets. This article discusses greed sentiments in financial markets. ,Synthetic_Framework,,,finance,,SYNTHETIC,True,greed,Strong quarterly results fuel blockbuster market rally — experts weigh in. This article discusses greed sentiments in financial markets. This article discusses greed sentiments in financial markets. This article discusses greed sentiments in financial markets. This article discusses greed sentiments in financial markets. This article discusses greed sentiments in financial markets.,51,strong quarterly results fuel blockbuster market rally experts weigh in this article discusses greed sentiments in financial markets this article discusses greed sentiments in financial markets this article discusses greed sentiments in financial markets this article discusses greed sentiments in financial markets this article discusses greed sentiments in financial markets,Strong quarterly results fuel blockbuster market rally experts weigh in. This article discusses greed sentiments in financial markets. This article discusses greed sentiments in financial markets. This article discusses greed sentiments in financial markets. This article discusses greed sentiments in financial markets. This article discusses greed sentiments in financial markets.,6,0.34,0.048644999999999994,1.0,0.03243,1.0,greed,greed,98.54065,Extreme Greed
SYN_9CE63554E288,2018-01-28,Positive outlook: India poised for sustained growth cycle,This article discusses optimism sentiments in financial markets. This article discusses optimism sentiments in financial markets. This article discusses optimism sentiments in financial markets. This article discusses optimism sentiments in financial markets. This article discusses optimism sentiments in financial markets. ,Synthetic_Framework,,,finance,,SYNTHETIC,True,optimism,Positive outlook: India poised for sustained growth cycle. This article discusses optimism sentiments in financial markets. This article discusses optimism sentiments in financial markets. This article discusses optimism sentiments in financial markets. This article discusses optimism sentiments in financial markets. This article discusses optimism sentiments in financial markets.,48,positive outlook india poised for sustained growth cycle this article discusses optimism sentiments in financial markets this article discusses optimism sentiments in financial markets this article discusses optimism sentiments in financial markets this article discusses optimism sentiments in financial markets this article discusses optimism sentiments in financial markets,Positive outlook: India poised for sustained growth cycle. This article discusses optimism sentiments in financial markets. This article discusses optimism sentiments in financial markets. This article discusses optimism sentiments in financial markets. This article discusses optimism sentiments in financial markets. This article discusses optimism sentiments in financial markets.,6,0.3333333333333333,0.0,0.16914500000000002,0.25,1.0,optimism,optimism,71.32435000000001,Greed
SYN_5EE04E834D67,2018-01-29,Bearish sentiment dominates as downturn fears escalate — experts weigh in,This article discusses fear sentiments in financial markets. This article discusses fear sentiments in financial markets. This article discusses fear sentiments in financial markets. This article discusses fear sentiments in financial markets. This article discusses fear sentiments in financial markets. ,Synthetic_Framework,,,finance,,SYNTHETIC,True,fear,Bearish sentiment dominates as downturn fears escalate — experts weigh in. This article discusses fear sentiments in financial markets. This article discusses fear sentiments in financial markets. This article discusses fear sentiments in financial markets. This article discusses fear sentiments in financial markets. This article discusses fear sentiments in financial markets.,51,bearish sentiment dominates as downturn fears escalate experts weigh in this article discusses fear sentiments in financial markets this article discusses fear sentiments in financial markets this article discusses fear sentiments in financial markets this article discusses fear sentiments in financial markets this article discusses fear sentiments in financial markets,Bearish sentiment dominates as downturn fears escalate experts weigh in. This article discusses fear sentiments in financial markets. This article discusses fear sentiments in financial markets. This article discusses fear sentiments in financial markets. This article discusses fear sentiments in financial markets. This article discusses fear sentiments in financial markets.,6,0.34,1.0,0.0,0.105065,0.0,fear,fear,13.424025,Extreme Fear
SYN_79794B1F8E47,2018-01-31,Indian markets volatile as RBI policy outcome remains uncertain,This article discusses uncertainty sentiments in financial markets. This article discusses uncertainty sentiments in financial markets. This article discusses uncertainty sentiments in financial markets. This article discusses uncertainty sentiments in financial markets. This article discusses uncertainty sentiments in financial markets. ,Synthetic_Framework,,,finance,,SYNTHETIC,True,uncertainty,Indian markets volatile as RBI policy outcome remains uncertain. This article discusses uncertainty sentiments in financial markets. This article discusses uncertainty sentiments in financial markets. This article discusses uncertainty sentiments in financial markets. This article discusses uncertainty sentiments in financial markets. This article discusses uncertainty sentiments in financial markets.,49,indian markets volatile as rbi policy outcome remains uncertain this article discusses uncertainty sentiments in financial markets this article discusses uncertainty sentiments in financial markets this article discusses uncertainty sentiments in financial markets this article discusses uncertainty sentiments in financial markets this article discusses uncertainty sentiments in financial markets,Indian markets volatile as RBI policy outcome remains uncertain. This article discusses uncertainty sentiments in financial markets. This article discusses uncertainty sentiments in financial markets. This article discusses uncertainty sentiments in financial markets. This article discusses uncertainty sentiments in financial markets. This article discusses uncertainty sentiments in financial markets.,6,0.32653061224489793,0.134415,0.0,1.0,0.0,uncertainty,uncertainty,17.3117,Extreme Fear
SYN_338A367489B5,2018-02-01,Manufacturing PMI hits 18-month high on robust demand — experts weigh in,This article discusses optimism sentiments in financial markets. This article discusses optimism sentiments in financial markets. This article discusses optimism sentiments in financial markets. This article discusses optimism sentiments in financial markets. This article discusses optimism sentiments in financial markets. ,Synthetic_Framework,,,finance,,SYNTHETIC,True,optimism,Manufacturing PMI hits 18-month high on robust demand — experts weigh in. This article discusses optimism sentiments in financial markets. This article discusses optimism sentiments in financial markets. This article discusses optimism sentiments in financial markets. This article discusses optimism sentiments in financial markets. This article discusses optimism sentiments in financial markets.,52,manufacturing pmi hits month high on robust demand experts weigh in this article discusses optimism sentiments in financial markets this article discusses optimism sentiments in financial markets this article discusses optimism sentiments in financial markets this article discusses optimism sentiments in financial markets this article discusses optimism sentiments in financial markets,Manufacturing PMI hits 18-month high on robust demand experts weigh in. This article discusses optimism sentiments in financial markets. This article discusses optimism sentiments in financial markets. This article discusses optimism sentiments in financial markets. This article discusses optimism sentiments in financial markets. This article discusses optimism sentiments in financial markets.,6,0.35294117647058826,0.0,0.08198,0.0,1.0,optimism,optimism,72.4594,Greed
SYN_5C402B488F6F,2018-02-03,IPO boom: Record subscriptions signal euphoric market sentiment,This article discusses greed sentiments in financial markets. This article discusses greed sentiments in financial markets. This article discusses greed sentiments in financial markets. This article discusses greed sentiments in financial markets. This article discusses greed sentiments in financial markets. ,Synthetic_Framework,,,finance,,SYNTHETIC,True,greed,IPO boom: Record subscriptions signal euphoric market sentiment. This article discusses greed sentiments in financial markets. This article discusses greed sentiments in financial markets. This article discusses greed sentiments in financial markets. This article discusses greed sentiments in financial markets. This article discusses greed sentiments in financial markets.,48,ipo boom record subscriptions signal euphoric market sentiment this article discusses greed sentiments in financial markets this article discusses greed sentiments in financial markets this article discusses greed sentiments in financial markets this article discusses greed sentiments in financial markets this article discusses greed sentiments in financial markets,IPO boom: Record subscriptions signal euphoric market sentiment. This article discusses greed sentiments in financial markets. This article discusses greed sentiments in financial markets. This article discusses greed sentiments in financial markets. This article discusses greed sentiments in financial markets. This article discusses greed sentiments in financial markets.,6,0.3333333333333333,0.060555,1.0,0.04037,0.1433025,greed,greed,68.19893750000001,Greed
SYN_7A9D19DD4B6B,2018-02-04,Analysts divided on market direction amid mixed signals — experts weigh in,This article discusses uncertainty sentiments in financial markets. This article discusses uncertainty sentiments in financial markets. This article discusses uncertainty sentiments in financial markets. This article discusses uncertainty sentiments in financial markets. This article discusses uncertainty sentiments in financial markets. ,Synthetic_Framework,,,finance,,SYNTHETIC,True,uncertainty,Analysts divided on market direction amid mixed signals — experts weigh in. This article discusses uncertainty sentiments in financial markets. This article discusses uncertainty sentiments in financial markets. This article discusses uncertainty sentiments in financial markets. This article discusses uncertainty sentiments in financial markets. This article discusses uncertainty sentiments in financial markets.,52,analysts divided on market direction amid mixed signals experts weigh in this article discusses uncertainty sentiments in financial markets this article discusses uncertainty sentiments in financial markets this article discusses uncertainty sentiments in financial markets this article discusses uncertainty sentiments in financial markets this article discusses uncertainty sentiments in financial markets,Analysts divided on market direction amid mixed signals experts weigh in. This article discusses uncertainty sentiments in financial markets. This article discusses uncertainty sentiments in financial markets. This article discusses uncertainty sentiments in financial markets. This article discusses uncertainty sentiments in financial markets. This article discusses uncertainty sentiments in financial markets.,6,0.35294117647058826,0.065625,0.0,1.0,0.0,uncertainty,uncertainty,18.6875,Extreme Fear
SYN_542925B4E15A,2018-02-06,India VIX spikes to multi-year high on recession worry,This article discusses fear sentiments in financial markets. This article discusses fear sentiments in financial markets. This article discusses fear sentiments in financial markets. This article discusses fear sentiments in financial markets. This article discusses fear sentiments in financial markets. ,Synthetic_Framework,,,finance,,SYNTHETIC,True,fear,India VIX spikes to multi-year high on recession worry. This article discusses fear sentiments in financial markets. This article discusses fear sentiments in financial markets. This article discusses fear sentiments in financial markets. This article discusses fear sentiments in financial markets. This article discusses fear sentiments in financial markets.,49,india vix spikes to multi year high on recession worry this article discusses fear sentiments in financial markets this article discusses fear sentiments in financial markets this article discusses fear sentiments in financial markets this article discusses fear sentiments in financial markets this article discusses fear sentiments in financial markets,India VIX spikes to multi-year high on recession worry. This article discusses fear sentiments in financial markets. This article discusses fear sentiments in financial markets. This article discusses fear sentiments in financial markets. This article discusses fear sentiments in financial markets. This article discusses fear sentiments in financial markets.,6,0.36,1.0,0.0,1.0,0.0,fear,fear,0.0,Extreme Fear
SYN_15D8C2E726ED,2018-02-07,Foreign investors pile into India stocks at record pace — experts weigh in,This article discusses greed sentiments in financial markets. This article discusses greed sentiments in financial markets. This article discusses greed sentiments in financial markets. This article discusses greed sentiments in financial markets. This article discusses greed sentiments in financial markets. ,Synthetic_Framework,,,finance,,SYNTHETIC,True,greed,Foreign investors pile into India stocks at record pace — experts weigh in. This article discusses greed sentiments in financial markets. This article discusses greed sentiments in financial markets. This article discusses greed sentiments in financial markets. This article discusses greed sentiments in financial markets. This article discusses greed sentiments in financial markets.,53,foreign investors pile into india stocks at record pace experts weigh in this article discusses greed sentiments in financial markets this article discusses greed sentiments in financial markets this article discusses greed sentiments in financial markets this article discusses greed sentiments in financial markets this article discusses greed sentiments in financial markets,Foreign investors pile into India stocks at record pace experts weigh in. This article discusses greed sentiments in financial markets. This article discusses greed sentiments in financial markets. This article discusses greed sentiments in financial markets. This article discusses greed sentiments in financial markets. This article discusses greed sentiments in financial markets.,6,0.36538461538461536,0.06825,1.0,0.045500000000000006,0.0,greed,greed,62.9525,Greed
SYN_2B0CE15BF8AE,2018-02-09,Reform momentum builds; India growth story intact,This article discusses optimism sentiments in financial markets. This article discusses optimism sentiments in financial markets. This article discusses optimism sentiments in financial markets. This article discusses optimism sentiments in financial markets. This article discusses optimism sentiments in financial markets. ,Synthetic_Framework,,,finance,,SYNTHETIC,True,optimism,Reform momentum builds; India growth story intact. This article discusses optimism sentiments in financial markets. This article discusses optimism sentiments in financial markets. This article discusses optimism sentiments in financial markets. This article discusses optimism sentiments in financial markets. This article discusses optimism sentiments in financial markets.,47,reform momentum builds india growth story intact this article discusses optimism sentiments in financial markets this article discusses optimism sentiments in financial markets this article discusses optimism sentiments in financial markets this article discusses optimism sentiments in financial markets this article discusses optimism sentiments in financial markets,Reform momentum builds; India growth story intact. This article discusses optimism sentiments in financial markets. This article discusses optimism sentiments in financial markets. This article discusses optimism sentiments in financial markets. This article discusses optimism sentiments in financial markets. This article discusses optimism sentiments in financial markets.,6,0.3191489361702128,0.0,1.0,0.0,1.0,greed,greed,100.0,Extreme Greed
SYN_D02EC0180D33,2018-02-10,Markets crash amid global recession fears and rising inflation — experts weigh in,This article discusses fear sentiments in financial markets. This article discusses fear sentiments in financial markets. This article discusses fear sentiments in financial markets. This article discusses fear sentiments in financial markets. This article discusses fear sentiments in financial markets. ,Synthetic_Framework,,,finance,,SYNTHETIC,True,fear,Markets crash amid global recession fears and rising inflation — experts weigh in. This article discusses fear sentiments in financial markets. This article discusses fear sentiments in financial markets. This article discusses fear sentiments in financial markets. This article discusses fear sentiments in financial markets. This article discusses fear sentiments in financial markets.,53,markets crash amid global recession fears and rising inflation experts weigh in this article discusses fear sentiments in financial markets this article discusses fear sentiments in financial markets this article discusses fear sentiments in financial markets this article discusses fear sentiments in financial markets this article discusses fear sentiments in financial markets,Markets crash amid global recession fears and rising inflation experts weigh in. This article discusses fear sentiments in financial markets. This article discusses fear sentiments in financial markets. This article discusses fear sentiments in financial markets. This article discusses fear sentiments in financial markets. This article discusses fear sentiments in financial markets.,6,0.34615384615384615,1.0,0.0,0.16975500000000002,0.0,fear,fear,12.453674999999999,Extreme Fear
SYN_1B6643ED7FF7,2018-02-11,Markets rally sharply as corporate earnings beat estimates,This article discusses greed sentiments in financial markets. This article discusses greed sentiments in financial markets. This article discusses greed sentiments in financial markets. This article discusses greed sentiments in financial markets. This article discusses greed sentiments in financial markets. ,Synthetic_Framework,,,finance,,SYNTHETIC,True,greed,Markets rally sharply as corporate earnings beat estimates. This article discusses greed sentiments in financial markets. This article discusses greed sentiments in financial markets. This article discusses greed sentiments in financial markets. This article discusses greed sentiments in financial markets. This article discusses greed sentiments in financial markets.,48,markets rally sharply as corporate earnings beat estimates this article discusses greed sentiments in financial markets this article discusses greed sentiments in financial markets this article discusses greed sentiments in financial markets this article discusses greed sentiments in financial markets this article discusses greed sentiments in financial markets,Markets rally sharply as corporate earnings beat estimates. This article discusses greed sentiments in financial markets. This article discusses greed sentiments in financial markets. This article discusses greed sentiments in financial markets. This article discusses greed sentiments in financial markets. This article discusses greed sentiments in financial markets.,6,0.3125,0.06825,1.0,0.045500000000000006,0.0,greed,greed,62.9525,Greed
SYN_9B475E3F572A,2018-02-13,India economy shows resilient growth amid global headwinds — experts weigh in,This article discusses optimism sentiments in financial markets. This article discusses optimism sentiments in financial markets. This article discusses optimism sentiments in financial markets. This article discusses optimism sentiments in financial markets. This article discusses optimism sentiments in financial markets. ,Synthetic_Framework,,,finance,,SYNTHETIC,True,optimism,India economy shows resilient growth amid global headwinds — experts weigh in. This article discusses optimism sentiments in financial markets. This article discusses optimism sentiments in financial markets. This article discusses optimism sentiments in financial markets. This article discusses optimism sentiments in financial markets. This article discusses optimism sentiments in financial markets.,52,india economy shows resilient growth amid global headwinds experts weigh in this article discusses optimism sentiments in financial markets this article discusses optimism sentiments in financial markets this article discusses optimism sentiments in financial markets this article discusses optimism sentiments in financial markets this article discusses optimism sentiments in financial markets,India economy shows resilient growth amid global headwinds experts weigh in. This article discusses optimism sentiments in financial markets. This article discusses optimism sentiments in financial markets. This article discusses optimism sentiments in financial markets. This article discusses optimism sentiments in financial markets. This article discusses optimism sentiments in financial markets.,6,0.35294117647058826,0.0,0.10548500000000001,0.9950980392156863,1.0,optimism,optimism,58.23807941176471,Neutral
SYN_732C2633432B,2018-02-16,Budget outcome unclear; markets await fiscal roadmap — experts weigh in,This article discusses uncertainty sentiments in financial markets. This article discusses uncertainty sentiments in financial markets. This article discusses uncertainty sentiments in financial markets. This article discusses uncertainty sentiments in financial markets. This article discusses uncertainty sentiments in financial markets. ,Synthetic_Framework,,,finance,,SYNTHETIC,True,uncertainty,Budget outcome unclear; markets await fiscal roadmap — experts weigh in. This article discusses uncertainty sentiments in financial markets. This article discusses uncertainty sentiments in financial markets. This article discusses uncertainty sentiments in financial markets. This article discusses uncertainty sentiments in financial markets. This article discusses uncertainty sentiments in financial markets.,51,budget outcome unclear markets await fiscal roadmap experts weigh in this article discusses uncertainty sentiments in financial markets this article discusses uncertainty sentiments in financial markets this article discusses uncertainty sentiments in financial markets this article discusses uncertainty sentiments in financial markets this article discusses uncertainty sentiments in financial markets,Budget outcome unclear; markets await fiscal roadmap experts weigh in. This article discusses uncertainty sentiments in financial markets. This article discusses uncertainty sentiments in financial markets. This article discusses uncertainty sentiments in financial markets. This article discusses uncertainty sentiments in financial markets. This article discusses uncertainty sentiments in financial markets.,6,0.32,0.1012725,0.0,0.272965,0.0,uncertainty,uncertainty,28.880075000000005,Fear
SYN_E2DF74A0D3D1,2018-02-19,Stellar performance: India markets outperform global peers — experts weigh in,This article discusses greed sentiments in financial markets. This article discusses greed sentiments in financial markets. This article discusses greed sentiments in financial markets. This article discusses greed sentiments in financial markets. This article discusses greed sentiments in financial markets. ,Synthetic_Framework,,,finance,,SYNTHETIC,True,greed,Stellar performance: India markets outperform global peers — experts weigh in. This article discusses greed sentiments in financial markets. This article discusses greed sentiments in financial markets. This article discusses greed sentiments in financial markets. This article discusses greed sentiments in financial markets. This article discusses greed sentiments in financial markets.,51,stellar performance india markets outperform global peers experts weigh in this article discusses greed sentiments in financial markets this article discusses greed sentiments in financial markets this article discusses greed sentiments in financial markets this article discusses greed sentiments in financial markets this article discusses greed sentiments in financial markets,Stellar performance: India markets outperform global peers experts weigh in. This article discusses greed sentiments in financial markets. This article discusses greed sentiments in financial markets. This article discusses greed sentiments in financial markets. This article discusses greed sentiments in financial markets. This article discusses greed sentiments in financial markets.,6,0.32,0.06825,1.0,0.045500000000000006,0.0,greed,greed,62.9525,Greed
SYN_C0ADF4A68DDC,2018-02-20,Markets volatile as RBI policy outcome remains uncertain,This article discusses uncertainty sentiments in financial markets. This article discusses uncertainty sentiments in financial markets. This article discusses uncertainty sentiments in financial markets. This article discusses uncertainty sentiments in financial markets. This article discusses uncertainty sentiments in financial markets. ,Synthetic_Framework,,,finance,,SYNTHETIC,True,uncertainty,Markets volatile as RBI policy outcome remains uncertain. This article discusses uncertainty sentiments in financial markets. This article discusses uncertainty sentiments in financial markets. This article discusses uncertainty sentiments in financial markets. This article discusses uncertainty sentiments in financial markets. This article discusses uncertainty sentiments in financial markets.,48,markets volatile as rbi policy outcome remains uncertain this article discusses uncertainty sentiments in financial markets this article discusses uncertainty sentiments in financial markets this article discusses uncertainty sentiments in financial markets this article discusses uncertainty sentiments in financial markets this article discusses uncertainty sentiments in financial markets,Markets volatile as RBI policy outcome remains uncertain. This article discusses uncertainty sentiments in financial markets. This article discusses uncertainty sentiments in financial markets. This article discusses uncertainty sentiments in financial markets. This article discusses uncertainty sentiments in financial markets. This article discusses uncertainty sentiments in financial markets.,6,0.3125,0.134415,0.0,1.0,0.0,uncertainty,uncertainty,17.3117,Extreme Fear
SYN_1FE3F25AB692,2018-02-22,Banking sector faces systemic risk as NPA levels surge — experts weigh in,This article discusses fear sentiments in financial markets. This article discusses fear sentiments in financial markets. This article discusses fear sentiments in financial markets. This article discusses fear sentiments in financial markets. This article discusses fear sentiments in financial markets. ,Synthetic_Framework,,,finance,,SYNTHETIC,True,fear,Banking sector faces systemic risk as NPA levels surge — experts weigh in. This article discusses fear sentiments in financial markets. This article discusses fear sentiments in financial markets. This article discusses fear sentiments in financial markets. This article discusses fear sentiments in financial markets. This article discusses fear sentiments in financial markets.,53,banking sector faces systemic risk as npa levels surge experts weigh in this article discusses fear sentiments in financial markets this article discusses fear sentiments in financial markets this article discusses fear sentiments in financial markets this article discusses fear sentiments in financial markets this article discusses fear sentiments in financial markets,Banking sector faces systemic risk as NPA levels surge experts weigh in. This article discusses fear sentiments in financial markets. This article discusses fear sentiments in financial markets. This article discusses fear sentiments in financial markets. This article discusses fear sentiments in financial markets. This article discusses fear sentiments in financial markets.,6,0.36538461538461536,1.0,0.9903846153846154,1.0,0.0,fear,fear,29.71153846153846,Fear
SYN_9010B27C7E37,2018-02-25,Strong earnings season boosts confidence in India story — experts weigh in,This article discusses optimism sentiments in financial markets. This article discusses optimism sentiments in financial markets. This article discusses optimism sentiments in financial markets. This article discusses optimism sentiments in financial markets. This article discusses optimism sentiments in financial markets. ,Synthetic_Framework,,,finance,,SYNTHETIC,True,optimism,Strong earnings season boosts confidence in India story — experts weigh in. This article discusses optimism sentiments in financial markets. This article discusses optimism sentiments in financial markets. This article discusses optimism sentiments in financial markets. This article discusses optimism sentiments in financial markets. This article discusses optimism sentiments in financial markets.,52,strong earnings season boosts confidence in india story experts weigh in this article discusses optimism sentiments in financial markets this article discusses optimism sentiments in financial markets this article discusses optimism sentiments in financial markets this article discusses optimism sentiments in financial markets this article discusses optimism sentiments in financial markets,Strong earnings season boosts confidence in India story experts weigh in. This article discusses optimism sentiments in financial markets. This article discusses optimism sentiments in financial markets. This article discusses optimism sentiments in financial markets. This article discusses optimism sentiments in financial markets. This article discusses optimism sentiments in financial markets.,6,0.3333333333333333,0.0,0.17433,0.0,1.0,optimism,optimism,75.2299,Greed
SYN_D9B3F5D23870,2018-02-28,Election results could shift market direction significantly — experts weigh in,This article discusses uncertainty sentiments in financial markets. This article discusses uncertainty sentiments in financial markets. This article discusses uncertainty sentiments in financial markets. This article discusses uncertainty sentiments in financial markets. This article discusses uncertainty sentiments in financial markets. ,Synthetic_Framework,,,finance,,SYNTHETIC,True,uncertainty,Election results could shift market direction significantly — experts weigh in. This article discusses uncertainty sentiments in financial markets. This article discusses uncertainty sentiments in financial markets. This article discusses uncertainty sentiments in financial markets. This article discusses uncertainty sentiments in financial markets. This article discusses uncertainty sentiments in financial markets.,51,election results could shift market direction significantly experts weigh in this article discusses uncertainty sentiments in financial markets this article discusses uncertainty sentiments in financial markets this article discusses uncertainty sentiments in financial markets this article discusses uncertainty sentiments in financial markets this article discusses uncertainty sentiments in financial markets,Election results could shift market direction significantly experts weigh in. This article discusses uncertainty sentiments in financial markets. This article discusses uncertainty sentiments in financial markets. This article discusses uncertainty sentiments in financial markets. This article discusses uncertainty sentiments in financial markets. This article discusses uncertainty sentiments in financial markets.,6,0.34,0.065625,0.0,1.0,0.0,uncertainty,uncertainty,18.6875,Extreme Fear
ART_FFDF3BE328DE,2023-12-15,Pros and cons of high-yield savings accounts: Is an HYSA right for you?,,Yahoo Finance,https://finance.yahoo.com/personal-finance/banking/article/pros-cons-high-yield-savings-accounts-142347412.html,,finance,,RSS,False,,Pros and cons of high-yield savings accounts: Is an HYSA right for you?.,13,pros and cons of high yield savings accounts is an hysa right for you,Pros and cons of high-yield savings accounts: Is an HYSA right for you?.,2,1.0,0.0,0.0,0.0,0.0,fear,fear,35.0,Fear
ART_79B935669439,2024-04-23,"ICICI Pru Life Q4 net profit falls 26% to Rs 174 cr, insurer announces dividend","Net premium income rose to Rs 14,788 crore",MoneyControl Business,https://www.moneycontrol.com/news/business/icici-pru-life-q4-net-profit-falls-26-to-rs-174-cr-insurer-announces-dividend_17532101.html,,business,,RSS,False,,"ICICI Pru Life Q4 net profit falls 26% to Rs 174 cr, insurer announces dividend. Net premium income rose to Rs 14,788 crore",23,icici pru life q net profit falls to rs cr insurer announces dividend net premium income rose to rs crore,"ICICI Pru Life Q4 net profit falls 26% to Rs 174 cr, insurer announces dividend. Net premium income rose to Rs 14,788 crore",1,0.85,0.0,1.0,0.0,0.34909,greed,greed,77.21815000000001,Greed
ART_79AE5D6562AE,2024-04-23,"Stellantis India to hike vehicle prices by up to Rs 17,000 from April 30","This price increase will result in an increment ranging from Rs 4,000 to Rs 17,000 across the models, the company said in a statement.",MoneyControl Business,https://www.moneycontrol.com/news/business/stellantis-india-to-hike-vehicle-prices-byto-rs-17000april-30_17531771.html,,business,,RSS,False,,"Stellantis India to hike vehicle prices by up to Rs 17,000 from April 30. This price increase will result in an increment ranging from Rs 4,000 to Rs 17,000 across the models, the company said in a statement.",38,stellantis india to hike vehicle prices by up to rs from april this price increase will result in an increment ranging from rs to rs across the models the company said in a statement,"Stellantis India to hike vehicle prices by up to Rs 17,000 from April 30. This price increase will result in an increment ranging from Rs 4,000 to Rs 17,000 across the models, the company said in a statement.",2,0.7941176470588235,0.0,0.01591,0.0,0.023864999999999997,optimism,optimism,36.312575,Fear
ART_727E70E8424B,2024-04-23,Razorpay announces #39;UPI Switch#39; in partnership with Airtel Payments Bank,"Boosting success rates by 4-5 per cent, the solution is designed to handle up to 10,000 transactions per second (TPS) at any given time, according to a release.",MoneyControl Business,https://www.moneycontrol.com/news/business/razorpay-announces-39upi-switch39partnershipairtel-payments-bank_17531791.html,,business,,RSS,False,,"Razorpay announces #39;UPI Switch#39; in partnership with Airtel Payments Bank. Boosting success rates by 4-5 per cent, the solution is designed to handle up to 10,000 transactions per second (TPS) at any given time, according to a release.",38,razorpay announces upi switch in partnership with airtel payments bank boosting success rates by per cent the solution is designed to handle up to transactions per second tps at any given time according to a release,"Razorpay announces 39;UPI Switch 39; in partnership with Airtel Payments Bank. Boosting success rates by 4-5 per cent, the solution is designed to handle up to 10,000 transactions per second (TPS) at any given time, according to a release.",2,0.9166666666666666,0.0,0.04063,0.0,0.060945,optimism,optimism,38.351975,Fear
ART_2895A72859E2,2024-04-23,Air India enters into codeshare pact with Japan#39;s All Nippon Airways,"With the codeshare, effective for travel from May 23, Air India and All Nippon Airways passengers can fly to their desired destination by combining those flights between India and Japan with a single ticket.",MoneyControl Business,https://www.moneycontrol.com/news/business/air-india-enters-into-codeshare-pactjapan39s-all-nippon-airways_17531801.html,,business,,RSS,False,,"Air India enters into codeshare pact with Japan#39;s All Nippon Airways. With the codeshare, effective for travel from May 23, Air India and All Nippon Airways passengers can fly to their desired destination by combining those flights between India and Japan with a single ticket.",45,air india enters into codeshare pact with japan s all nippon airways with the codeshare effective for travel from may air india and all nippon airways passengers can fly to their desired destination by combining those flights between india and japan with a single ticket,"Air India enters into codeshare pact with Japan 39;s All Nippon Airways. With the codeshare, effective for travel from May 23, Air India and All Nippon Airways passengers can fly to their desired destination by combining those flights between India and Japan with a single ticket.",2,0.7555555555555555,0.0,0.031845000000000005,0.25,0.0477675,uncertainty,uncertainty,33.877212500000006,Fear
ART_B40EBC7B86D2,2024-04-23,LT manufactures hydrotreating reactor for refinery in Mexico,The reactor has been dispatched for Mexico from the company#39;s A M Naik Heavy Engineering Complex at Hazira in Gujarat.,MoneyControl Business,https://www.moneycontrol.com/news/business/lt-manufactures-hydrotreating-reactor-for-refinerymexico_17531811.html,,business,,RSS,False,,LT manufactures hydrotreating reactor for refinery in Mexico. The reactor has been dispatched for Mexico from the company#39;s A M Naik Heavy Engineering Complex at Hazira in Gujarat.,28,lt manufactures hydrotreating reactor for refinery in mexico the reactor has been dispatched for mexico from the company s a m naik heavy engineering complex at hazira in gujarat,LT manufactures hydrotreating reactor for refinery in Mexico. The reactor has been dispatched for Mexico from the company 39;s A M Naik Heavy Engineering Complex at Hazira in Gujarat.,2,0.8275862068965517,0.0,0.0,0.0,0.0,fear,fear,35.0,Fear
ART_E1B59606FC3B,2024-04-23,LTIMindtree Q4 Preview: Lower pass-through revenue seen impacting growth marginally,"A compilation of estimates suggests the company#39;s Q4 FY24 net profit is projected to decline by 2.2 percent quarter on quarter to Rs 1,143.1 crore",MoneyControl Business,https://www.moneycontrol.com/news/business/ltimindtree-q4-preview-lower-pass-through-revenue-seen-impacting-growth-marginally_17531881.html,,business,,RSS,False,,"LTIMindtree Q4 Preview: Lower pass-through revenue seen impacting growth marginally. A compilation of estimates suggests the company#39;s Q4 FY24 net profit is projected to decline by 2.2 percent quarter on quarter to Rs 1,143.1 crore",35,ltimindtree q preview lower pass through revenue seen impacting growth marginally a compilation of estimates suggests the company s q fy net profit is projected to decline by percent quarter on quarter to rs crore,"LTIMindtree Q4 Preview: Lower pass-through revenue seen impacting growth marginally. A compilation of estimates suggests the company 39;s Q4 FY24 net profit is projected to decline by 2.2 percent quarter on quarter to Rs 1,143.1 crore",3,0.9142857142857143,0.25,0.265405,0.0,1.0,optimism,optimism,72.96215000000001,Greed
ART_F9053653DAF6,2024-04-23,"Hindustan Unilever Q4 Preview: Price cuts, slow demand, regional competition to hurt topline","The hike in royalty payments to parent Unilever are likely to adversely impact HUL#39;s EBITDA margins, say experts",MoneyControl Business,https://www.moneycontrol.com/news/business/hindustan-unilever-q4-preview-price-cuts-slow-demand-regional-competition-to-hurt-topline_17531901.html,,business,,RSS,False,,"Hindustan Unilever Q4 Preview: Price cuts, slow demand, regional competition to hurt topline. The hike in royalty payments to parent Unilever are likely to adversely impact HUL#39;s EBITDA margins, say experts",31,hindustan unilever q preview price cuts slow demand regional competition to hurt topline the hike in royalty payments to parent unilever are likely to adversely impact hul s ebitda margins say experts,"Hindustan Unilever Q4 Preview: Price cuts, slow demand, regional competition to hurt topline. The hike in royalty payments to parent Unilever are likely to adversely impact HUL 39;s EBITDA margins, say experts",1,0.90625,0.22238999999999998,0.0,0.359035,0.25,uncertainty,uncertainty,33.916675000000005,Fear
ART_91D4A0FF6350,2024-04-23,"Tata Consumer Q4 net profit falls 19% to Rs 217 cr, firm declares dividend of Rs 7.75 per share","Revenue increased 8.5 percent to Rs 3,927 crore in the three months ended March 31.",MoneyControl Business,https://www.moneycontrol.com/news/business/tata-consumer-q4-net-profit-falls-19-to-rs-217-cr-firm-declares-dividendrs-775-per-share_17532071.html,,business,,RSS,False,,"Tata Consumer Q4 net profit falls 19% to Rs 217 cr, firm declares dividend of Rs 7.75 per share. Revenue increased 8.5 percent to Rs 3,927 crore in the three months ended March 31.",34,tata consumer q net profit falls to rs cr firm declares dividend of rs per share revenue increased percent to rs crore in the three months ended march,"Tata Consumer Q4 net profit falls 19% to Rs 217 cr, firm declares dividend of Rs 7.75 per share. Revenue increased 8.5 percent to Rs 3,927 crore in the three months ended March 31.",4,0.8928571428571429,0.0,1.0,0.0,0.195735,greed,greed,71.85072500000001,Greed
ART_7C6FF1CF1406,2024-04-23,Cyient DLM#39;s profit after tax in FY24 surges 93%,"For the full year, the company#39;s revenue stood at Rs 1,192 crore, which was 43.2 percent higher compared to the same period of the past financial year",MoneyControl Business,https://www.moneycontrol.com/news/business/cyient-dlm39s-profit-after-taxfy24-surges-93_17532091.html,,business,,RSS,False,,"Cyient DLM#39;s profit after tax in FY24 surges 93%. For the full year, the company#39;s revenue stood at Rs 1,192 crore, which was 43.2 percent higher compared to the same period of the past financial year",36,cyient dlm s profit after tax in fy surges for the full year the company s revenue stood at rs crore which was percent higher compared to the same period of the past financial year,"Cyient DLM 39;s profit after tax in FY24 surges 93%. For the full year, the company 39;s revenue stood at Rs 1,192 crore, which was 43.2 percent higher compared to the same period of the past financial year",2,0.8571428571428571,0.0,1.0,0.0,0.13212,greed,greed,69.62420000000002,Greed
ART_E9BFDC6FC70C,2024-04-23,WeWork Global in talks to sell entire 27% stake in WeWork India,"Bengaluru-based real estate firm Embassy Group, which holds the remaining 73 per cent stake in WeWork India, might also dilute some shareholdings to raise funds, they added.",MoneyControl Business,https://www.moneycontrol.com/news/business/wework-globaltalks-to-sell-entire-27-stakewework-india_17531651.html,,business,,RSS,False,,"WeWork Global in talks to sell entire 27% stake in WeWork India. Bengaluru-based real estate firm Embassy Group, which holds the remaining 73 per cent stake in WeWork India, might also dilute some shareholdings to raise funds, they added.",39,wework global in talks to sell entire stake in wework india bengaluru based real estate firm embassy group which holds the remaining per cent stake in wework india might also dilute some shareholdings to raise funds they added,"WeWork Global in talks to sell entire 27% stake in WeWork India. Bengaluru-based real estate firm Embassy Group, which holds the remaining 73 per cent stake in WeWork India, might also dilute some shareholdings to raise funds, they added.",2,0.8157894736842105,0.0,0.0,0.25,0.0,uncertainty,uncertainty,31.250000000000007,Fear
ART_707D03310816,2024-04-23,"Tata Elxsi Q4 net profit, revenue decline QoQ; firm declares dividend of Rs 70 per share",The net profit was down 4.6 percent quarter-on-quarter compared to the October to December period of FY24 and 2.32 percent against the March quarter of FY23,MoneyControl Business,https://www.moneycontrol.com/news/business/tata-elxsi-q4-net-profit-revenue-decline-qoq-firm-declares-dividendrs-70-per-share_17532061.html,,business,,RSS,False,,"Tata Elxsi Q4 net profit, revenue decline QoQ; firm declares dividend of Rs 70 per share. The net profit was down 4.6 percent quarter-on-quarter compared to the October to December period of FY24 and 2.32 percent against the March quarter of FY23",42,tata elxsi q net profit revenue decline qoq firm declares dividend of rs per share the net profit was down percent quarter on quarter compared to the october to december period of fy and percent against the march quarter of fy,"Tata Elxsi Q4 net profit, revenue decline QoQ; firm declares dividend of Rs 70 per share. The net profit was down 4.6 percent quarter-on-quarter compared to the October to December period of FY24 and 2.32 percent against the March quarter of FY23",3,0.7317073170731707,1.0,0.343735,0.0,0.19989749999999998,fear,fear,32.308462500000005,Fear
ART_63D6E4ABA30F,2024-04-23,ICICI Prudential Life Insurance to focus on growing absolute VNB amid slump in FY24,"In its Q4FY24 results, the company#39;s VNB fell 19.45 percent to Rs 2,227 crore for FY24",MoneyControl Business,https://www.moneycontrol.com/news/business/icici-prudential-life-insurance-to-focusgrowing-absolute-vnb-amid-slumpfy24_17532041.html,,business,,RSS,False,,"ICICI Prudential Life Insurance to focus on growing absolute VNB amid slump in FY24. In its Q4FY24 results, the company#39;s VNB fell 19.45 percent to Rs 2,227 crore for FY24",30,icici prudential life insurance to focus on growing absolute vnb amid slump in fy in its q fy results the company s vnb fell percent to rs crore for fy,"ICICI Prudential Life Insurance to focus on growing absolute VNB amid slump in FY24. In its Q4FY24 results, the company 39;s VNB fell 19.45 percent to Rs 2,227 crore for FY24",2,0.8333333333333334,1.0,0.03558,0.0,1.0,fear,fear,51.067400000000006,Neutral
ART_C1FC48109858,2024-04-23,"Juniper Green Energy, Tata Power sign PPA for 85 MW hybrid project in Maharashtra","""The project is the first wind-solar energy project for the company. It will utilize both wind and solar resources by combining 51 MW of wind energy and 34 MW of solar power,"" Juniper Green Energy said in a statement.",MoneyControl Business,https://www.moneycontrol.com/news/business/juniper-green-energy-tata-power-sign-ppa-for-85-mw-hybrid-projectmaharashtra_17531681.html,,business,,RSS,False,,"Juniper Green Energy, Tata Power sign PPA for 85 MW hybrid project in Maharashtra. ""The project is the first wind-solar energy project for the company. It will utilize both wind and solar resources by combining 51 MW of wind energy and 34 MW of solar power,"" Juniper Green Energy said in a statement.",53,juniper green energy tata power sign ppa for mw hybrid project in maharashtra the project is the first wind solar energy project for the company it will utilize both wind and solar resources by combining mw of wind energy and mw of solar power juniper green energy said in a statement,"Juniper Green Energy, Tata Power sign PPA for 85 MW hybrid project in Maharashtra. ""The project is the first wind-solar energy project for the company. It will utilize both wind and solar resources by combining 51 MW of wind energy and 34 MW of solar power,"" Juniper Green Energy said in a statement.",3,0.6078431372549019,0.0,0.07851000000000001,0.0,0.117765,optimism,optimism,41.477075,Neutral
ART_A75CA25B8ADB,2024-08-26,What is an IRA CD?,,Yahoo Finance,https://finance.yahoo.com/personal-finance/banking/article/ira-cd-224638624.html,,finance,,RSS,False,,What is an IRA CD?.,5,what is an ira cd,What is an IRA CD?.,2,1.0,0.0,0.0,0.0,0.0,fear,fear,35.0,Fear
ART_ABA3B21DE0C9,2024-09-02,Where to exchange your coins for cash,,Yahoo Finance,https://finance.yahoo.com/personal-finance/banking/article/where-to-exchange-coins-for-cash-140032625.html,,finance,,RSS,False,,Where to exchange your coins for cash.,7,where to exchange your coins for cash,Where to exchange your coins for cash.,1,1.0,0.0,0.0,0.0,0.0,fear,fear,35.0,Fear
ART_B096EF50195D,2025-04-22,"When will mortgage rates go down? As the selling season closes, not soon enough.",,Yahoo Finance,https://finance.yahoo.com/personal-finance/mortgages/article/when-will-mortgage-rates-go-down-as-the-selling-season-closes-not-soon-enough-190610094.html,,finance,,RSS,False,,"When will mortgage rates go down? As the selling season closes, not soon enough..",14,when will mortgage rates go down as the selling season closes not soon enough,"When will mortgage rates go down? As the selling season closes, not soon enough..",3,1.0,0.0,0.0,0.0,0.0,fear,fear,35.0,Fear
ART_B71AF7493E72,2026-02-19,Is bitcoin's price volatility an investing opportunity? How to buy bitcoin.,,Yahoo Finance,https://finance.yahoo.com/personal-finance/investing/article/how-to-buy-bitcoin-222211772.html,,finance,,RSS,False,,Is bitcoin's price volatility an investing opportunity? How to buy bitcoin..,11,is bitcoin s price volatility an investing opportunity how to buy bitcoin,Is bitcoin's price volatility an investing opportunity? How to buy bitcoin..,3,0.9166666666666666,0.0,1.0,1.0,0.12644999999999998,greed,greed,54.42575000000001,Neutral
ART_07AA297A72EA,2026-06-16,Anthropic IPO: What to know before you buy the stock,,Yahoo Finance,https://finance.yahoo.com/personal-finance/investing/article/anthropic-ipo-what-to-know-before-you-buy-the-stock-170741665.html,,finance,,RSS,False,,Anthropic IPO: What to know before you buy the stock.,10,anthropic ipo what to know before you buy the stock,Anthropic IPO: What to know before you buy the stock.,1,1.0,0.0,1.0,0.0,0.0,greed,greed,65.0,Greed
ART_162765116F25,2026-08-17,"Best high-yield savings interest rates today, Friday, August 21, 2026: Earn up to 4.15% APY",,Yahoo Finance,https://finance.yahoo.com/personal-finance/banking/article/best-high-yield-savings-interest-rates-today-friday-august-21-2026-earn-up-to-415-apy-100000771.html,,finance,,RSS,False,,"Best high-yield savings interest rates today, Friday, August 21, 2026: Earn up to 4.15% APY.",15,best high yield savings interest rates today friday august earn up to apy,"Best high-yield savings interest rates today, Friday, August 21, 2026: Earn up to 4.15% APY.",2,1.0,0.0,0.16040000000000001,0.0,0.2406,optimism,optimism,48.233000000000004,Neutral
ART_8905851113A1,2026-08-17,"HELOC and home equity loan rates today, Friday, August 21, 2026: Why understanding how rates work matters",,Yahoo Finance,https://finance.yahoo.com/personal-finance/mortgages/article/heloc-and-home-equity-loan-rates-today-friday-august-21-2026-why-understanding-how-rates-work-matters-100000113.html,,finance,,RSS,False,,"HELOC and home equity loan rates today, Friday, August 21, 2026: Why understanding how rates work matters.",17,heloc and home equity loan rates today friday august why understanding how rates work matters,"HELOC and home equity loan rates today, Friday, August 21, 2026: Why understanding how rates work matters.",1,0.9333333333333333,0.0,0.0,0.0,0.0,fear,fear,35.0,Fear
ART_1DDE9EEFF919,2026-08-18,Seller concession limits: How much can you ask for?,,Yahoo Finance,https://finance.yahoo.com/personal-finance/mortgages/article/seller-concession-limits-151821985.html,,finance,,RSS,False,,Seller concession limits: How much can you ask for?.,9,seller concession limits how much can you ask for,Seller concession limits: How much can you ask for?.,2,1.0,0.0,0.0,0.0,0.0,fear,fear,35.0,Fear
ART_A55DE16DD7C2,2026-08-19,Inside crypto’s multiyear sponsorship rush into soccer,"How the pandemic, crypto boom and soccer’s hunt for new revenue helped drive a wave of sponsorship deals across the sport.",CNBC Markets,https://www.cnbc.com/video/2026/08/19/crypto-soccer-sponsorship-boom.html,,markets,,RSS,False,,"Inside crypto’s multiyear sponsorship rush into soccer. How the pandemic, crypto boom and soccer’s hunt for new revenue helped drive a wave of sponsorship deals across the sport.",28,inside crypto s multiyear sponsorship rush into soccer how the pandemic crypto boom and soccer s hunt for new revenue helped drive a wave of sponsorship deals across the sport,"Inside crypto s multiyear sponsorship rush into soccer. How the pandemic, crypto boom and soccer s hunt for new revenue helped drive a wave of sponsorship deals across the sport.",2,0.8333333333333334,0.0,1.0,0.0,0.0,greed,greed,65.0,Greed
ART_F064181711F9,2026-08-19,"Cancer vaccine from Moderna, Merck shows promise in late-stage trial; both stocks soar","The combination regimen significantly extended the time patients lived without their melanoma returning, compared with Keytruda alone.",CNBC Markets,https://www.cnbc.com/2026/08/19/moderna-merck-cancer-vaccine-shows-initial-late-stage-melanoma-data.html,,markets,,RSS,False,,"Cancer vaccine from Moderna, Merck shows promise in late-stage trial; both stocks soar. The combination regimen significantly extended the time patients lived without their melanoma returning, compared with Keytruda alone.",30,cancer vaccine from moderna merck shows promise in late stage trial both stocks soar the combination regimen significantly extended the time patients lived without their melanoma returning compared with keytruda alone,"Cancer vaccine from Moderna, Merck shows promise in late-stage trial; both stocks soar. The combination regimen significantly extended the time patients lived without their melanoma returning, compared with Keytruda alone.",2,0.967741935483871,0.154125,1.0,0.10275000000000001,1.0,greed,greed,95.37625,Extreme Greed
ART_427937E520D4,2026-08-20,AT&T stands to gain as Verizon loses a customer related battle,,Yahoo Finance,https://finance.yahoo.com/technology/articles/t-stands-gain-verizon-loses-230000780.html,,finance,,RSS,False,,AT&T stands to gain as Verizon loses a customer related battle.,11,at t stands to gain as verizon loses a customer related battle,AT T stands to gain as Verizon loses a customer related battle.,1,1.0,0.0384,0.0,0.0256,0.0,fear,fear,33.848000000000006,Fear
ART_766880ABDBD1,2026-08-20,Workday (WDAY) Just Had its Best Trading Day in a Decade. Here’s Why Silver Lake Wants In,,Yahoo Finance,https://finance.yahoo.com/markets/stocks/articles/workday-wday-just-had-best-235327561.html,,finance,,RSS,False,,Workday (WDAY) Just Had its Best Trading Day in a Decade. Here’s Why Silver Lake Wants In.,17,workday wday just had its best trading day in a decade here s why silver lake wants in,Workday (WDAY) Just Had its Best Trading Day in a Decade. Here s Why Silver Lake Wants In.,2,0.9444444444444444,0.0,0.12738000000000002,0.0,0.19107,optimism,optimism,45.50885000000001,Neutral
ART_F2FB156E5F91,2026-08-20,Bessent Promises a New Fiscal Plan as His Bond Market Intervention Fizzles,,Yahoo Finance,https://finance.yahoo.com/economy/policy/articles/bessent-promises-fiscal-plan-bond-234751950.html,,finance,,RSS,False,,Bessent Promises a New Fiscal Plan as His Bond Market Intervention Fizzles.,12,bessent promises a new fiscal plan as his bond market intervention fizzles,Bessent Promises a New Fiscal Plan as His Bond Market Intervention Fizzles.,1,1.0,0.0,0.07636,0.0,0.11453999999999999,optimism,optimism,41.2997,Neutral
ART_60125D8A2E72,2026-08-20,Should you buy a Medicare Advantage plan from Costco? What you'll want to know.,,Yahoo Finance,https://finance.yahoo.com/personal-finance/investing/article/should-you-buy-a-medicare-advantage-plan-from-costco-what-youll-want-to-know-145200301.html,,finance,,RSS,False,,Should you buy a Medicare Advantage plan from Costco? What you'll want to know..,14,should you buy a medicare advantage plan from costco what you ll want to know,Should you buy a Medicare Advantage plan from Costco? What you'll want to know..,3,0.9333333333333333,0.0,1.0,0.0,0.09545999999999999,greed,greed,68.34110000000001,Greed
ART_EEF72C7F100F,2026-08-20,"Nukes all around? A fraying U.S. nuclear umbrella is pushing allies to weigh defense options, raising risk of a proliferation cascade","As countries take more responsibility for their own defense and nuclear states step back from arms-control commitments, the question of proliferation arises.",CNBC Markets,https://www.cnbc.com/2026/08/19/nuclear-proliferation-defense-risk-trump-umbrella-.html,,markets,,RSS,False,,"Nukes all around? A fraying U.S. nuclear umbrella is pushing allies to weigh defense options, raising risk of a proliferation cascade. As countries take more responsibility for their own defense and nuclear states step back from arms-control commitments, the question of proliferation arises.",43,nukes all around a fraying u s nuclear umbrella is pushing allies to weigh defense options raising risk of a proliferation cascade as countries take more responsibility for their own defense and nuclear states step back from arms control commitments the question of proliferation arises,"Nukes all around? A fraying U.S. nuclear umbrella is pushing allies to weigh defense options, raising risk of a proliferation cascade. As countries take more responsibility for their own defense and nuclear states step back from arms-control commitments, the question of proliferation arises.",5,0.8888888888888888,0.034447500000000006,0.005135000000000001,1.0,0.007702499999999999,uncertainty,uncertainty,19.7346875,Extreme Fear
ART_0CAF6BDD1450,2026-08-21,How one Silicon Valley firm is seizing an opportunity from Premier League soccer's gambling ad clampdown,"Premier League clubs have removed betting brands from shirt fronts, opening new sponsorship opportunities while bookmakers shift spending elsewhere.",CNBC Markets,https://www.cnbc.com/2026/08/21/premier-league-gambling-shirt-sponsors.html,,markets,,RSS,False,,"How one Silicon Valley firm is seizing an opportunity from Premier League soccer's gambling ad clampdown. Premier League clubs have removed betting brands from shirt fronts, opening new sponsorship opportunities while bookmakers shift spending elsewhere.",35,how one silicon valley firm is seizing an opportunity from premier league soccer s gambling ad clampdown premier league clubs have removed betting brands from shirt fronts opening new sponsorship opportunities while bookmakers shift spending elsewhere,"How one Silicon Valley firm is seizing an opportunity from Premier League soccer's gambling ad clampdown. Premier League clubs have removed betting brands from shirt fronts, opening new sponsorship opportunities while bookmakers shift spending elsewhere.",2,0.9166666666666666,0.0,1.0,0.0,0.14431499999999997,greed,greed,70.05102500000001,Greed
ART_8C3FA540808C,2026-08-21,"Trump to allow import of 300,000 metric tons of ground beef without tariff",Beef prices in the U.S have soared in 2026 due to a reduction in the nation's cattle herd.,CNBC Markets,https://www.cnbc.com/2026/08/21/trump-ground-beef-import-tariff.html,,markets,,RSS,False,,"Trump to allow import of 300,000 metric tons of ground beef without tariff. Beef prices in the U.S have soared in 2026 due to a reduction in the nation's cattle herd.",31,trump to allow import of metric tons of ground beef without tariff beef prices in the u s have soared in due to a reduction in the nation s cattle herd,"Trump to allow import of 300,000 metric tons of ground beef without tariff. Beef prices in the U.S have soared in 2026 due to a reduction in the nation's cattle herd.",3,0.7741935483870968,0.0,0.283945,0.0,0.06788999999999999,greed,greed,45.8945,Neutral
ART_24AD6CE581B5,2026-08-21,"Tesla recalls 3 million vehicles in China over doorhandle safety, driver monitoring",Tesla will voluntarily recall about 3 million of its vehicles in China to address doorhandle safety concerns and deficient driver monitoring systems.,CNBC Markets,https://www.cnbc.com/2026/08/21/tesla-recalls-cars-in-china-over-doorhandle-safety-driver-monitoring.html,,markets,,RSS,False,,"Tesla recalls 3 million vehicles in China over doorhandle safety, driver monitoring. Tesla will voluntarily recall about 3 million of its vehicles in China to address doorhandle safety concerns and deficient driver monitoring systems.",34,tesla recalls million vehicles in china over doorhandle safety driver monitoring tesla will voluntarily recall about million of its vehicles in china to address doorhandle safety concerns and deficient driver monitoring systems,"Tesla recalls 3 million vehicles in China over doorhandle safety, driver monitoring. Tesla will voluntarily recall about 3 million of its vehicles in China to address doorhandle safety concerns and deficient driver monitoring systems.",2,0.71875,0.0,0.097265,0.25,0.14589749999999999,uncertainty,uncertainty,39.2743625,Fear
ART_699B274A70A1,2026-08-21,'A delicate dance': JD Vance says economic pressure is the best way to achieve Washington's objectives in Iran,"Vance said ""what has been true over the last couple of weeks is they felt a lot more pressure than we have.""",CNBC Markets,https://www.cnbc.com/2026/08/21/us-iran-war-trump-hormuz-vance-economic-pressure.html,,markets,,RSS,False,,"'A delicate dance': JD Vance says economic pressure is the best way to achieve Washington's objectives in Iran. Vance said ""what has been true over the last couple of weeks is they felt a lot more pressure than we have.""",40,a delicate dance jd vance says economic pressure is the best way to achieve washington s objectives in iran vance said what has been true over the last couple of weeks is they felt a lot more pressure than we have,"'A delicate dance': JD Vance says economic pressure is the best way to achieve Washington's objectives in Iran. Vance said ""what has been true over the last couple of weeks is they felt a lot more pressure than we have.""",2,0.8780487804878049,0.0,0.10125500000000001,0.0,0.15188249999999998,optimism,optimism,43.3535375,Neutral
ART_E53258BF8737,2026-08-21,NATO member Romania scrambles F-16 fighter jets to destroy drone near critical European gas project,It comes weeks after Romania’s Air Force destroyed a Russian drone in its airspace.,CNBC Markets,https://www.cnbc.com/2026/08/21/romania-russia-ukraine-drone-gas-nato.html,,markets,,RSS,False,,NATO member Romania scrambles F-16 fighter jets to destroy drone near critical European gas project. It comes weeks after Romania’s Air Force destroyed a Russian drone in its airspace.,29,nato member romania scrambles f fighter jets to destroy drone near critical european gas project it comes weeks after romania s air force destroyed a russian drone in its airspace,NATO member Romania scrambles F-16 fighter jets to destroy drone near critical European gas project. It comes weeks after Romania s Air Force destroyed a Russian drone in its airspace.,2,0.9333333333333333,0.2042475,0.0,0.136165,0.0,fear,fear,28.872575000000005,Fear
ART_6D9F1263ABA6,2026-08-21,Chinese humanoid robots' biggest obstacle: Humans are still (mostly) better,Humanoid robots still struggle to perform as efficiently as humans in most labor scenarios.,CNBC Markets,https://www.cnbc.com/2026/08/21/chinese-humanoid-robots-face-challenge-of-their-own-capabilities.html,,markets,,RSS,False,,Chinese humanoid robots' biggest obstacle: Humans are still (mostly) better. Humanoid robots still struggle to perform as efficiently as humans in most labor scenarios.,24,chinese humanoid robots biggest obstacle humans are still mostly better humanoid robots still struggle to perform as efficiently as humans in most labor scenarios,Chinese humanoid robots' biggest obstacle: Humans are still (mostly) better. Humanoid robots still struggle to perform as efficiently as humans in most labor scenarios.,2,0.7916666666666666,0.0,0.02552,0.0,0.038279999999999995,optimism,optimism,37.1054,Fear
ART_61739947992D,2026-08-21,No more doom scrolling or Instagram Stories? A Meta trial loss could end the social media we know,"""These trials are often compared to the Big Tobacco lawsuits of the 90s, and the outcome will likely be analogous as well,"" one analyst told CNBC.",CNBC Markets,https://www.cnbc.com/2026/08/21/meta-social-media-lawsuit-trial-instagram-facebook.html,,markets,,RSS,False,,"No more doom scrolling or Instagram Stories? A Meta trial loss could end the social media we know. ""These trials are often compared to the Big Tobacco lawsuits of the 90s, and the outcome will likely be analogous as well,"" one analyst told CNBC.",44,no more doom scrolling or instagram stories a meta trial loss could end the social media we know these trials are often compared to the big tobacco lawsuits of the s and the outcome will likely be analogous as well one analyst told cnbc,"No more doom scrolling or Instagram Stories? A Meta trial loss could end the social media we know. ""These trials are often compared to the Big Tobacco lawsuits of the 90s, and the outcome will likely be analogous as well,"" one analyst told CNBC.",3,0.9318181818181818,0.062189999999999995,0.0,1.0,0.0,uncertainty,uncertainty,18.7562,Extreme Fear
ART_66C82A3CD70B,2026-08-21,"Broadcom debt deal expected to reach upwards of $70 billion, sources say","Broadcom is in talks to raise upwards of $70 to $80 billion in debt for a chip financing deal, CNBC's David Faber reported on Friday.",CNBC Markets,https://www.cnbc.com/2026/08/21/broadcom-debt-deal-expected-to-reach-upwards-of-70-billion-sources.html,,markets,,RSS,False,,"Broadcom debt deal expected to reach upwards of $70 billion, sources say. Broadcom is in talks to raise upwards of $70 to $80 billion in debt for a chip financing deal, CNBC's David Faber reported on Friday.",37,broadcom debt deal expected to reach upwards of billion sources say broadcom is in talks to raise upwards of to billion in debt for a chip financing deal cnbc s david faber reported on friday,"Broadcom debt deal expected to reach upwards of $70 billion, sources say. Broadcom is in talks to raise upwards of $70 to $80 billion in debt for a chip financing deal, CNBC's David Faber reported on Friday.",2,0.7428571428571429,0.12145500000000001,0.0,0.08097000000000001,0.0,fear,fear,31.356350000000006,Fear
ART_780BCCEDD2AA,2026-08-21,"Anthropic IPO filing will show AI backlash as a risk factor, sources say",Anthropic is poised to debut on the stock market at a time when the public is increasingly upset about data centers and is fearful about AI taking jobs.,CNBC Markets,https://www.cnbc.com/2026/08/21/-anthropic-ipo-filing-will-show-ai-backlash-as-risk-sources-say.html,,markets,,RSS,False,,"Anthropic IPO filing will show AI backlash as a risk factor, sources say. Anthropic is poised to debut on the stock market at a time when the public is increasingly upset about data centers and is fearful about AI taking jobs.",41,anthropic ipo filing will show ai backlash as a risk factor sources say anthropic is poised to debut on the stock market at a time when the public is increasingly upset about data centers and is fearful about ai taking jobs,"Anthropic IPO filing will show AI backlash as a risk factor, sources say. Anthropic is poised to debut on the stock market at a time when the public is increasingly upset about data centers and is fearful about AI taking jobs.",2,0.8292682926829268,0.31147,1.0,1.0,0.25,greed,greed,52.52060000000001,Neutral
ART_A1B87136A79F,2026-08-21,"Dow Jones| Nasdaq | US Stock Market Today | Live: US stocks gain but post weekly losses; bond yields, Iran in focus",,Economic Times Markets,https://economictimes.indiatimes.com/markets/us-stocks/news/dow-jones-us-stock-market-live-updates-nasdaq-sp-500-iran-war-hormuz-deal-crude-oil-fed-rate-hike-treasury-yield-spacex-nvidia-meta-tesla-chip-stock-price-news-21st-august-2026/liveblog/133404258.cms,,markets,,RSS,False,,"Dow Jones| Nasdaq | US Stock Market Today | Live: US stocks gain but post weekly losses; bond yields, Iran in focus.",22,dow jones nasdaq us stock market today live us stocks gain but post weekly losses bond yields iran in focus,"Dow Jones Nasdaq US Stock Market Today Live: US stocks gain but post weekly losses; bond yields, Iran in focus.",1,0.95,0.3240475,0.0,0.06582,0.0,fear,fear,27.531750000000006,Fear
ART_A741D929FAE5,2026-08-21,U.S. Bank Smartly Visa Signature Card review: Earn 2% cash back or more on every purchase,,Yahoo Finance,https://finance.yahoo.com/personal-finance/credit-cards/review/us-bank-smartly-visa-signature-card-182536863.html,,finance,,RSS,False,,U.S. Bank Smartly Visa Signature Card review: Earn 2% cash back or more on every purchase.,16,u s bank smartly visa signature card review earn cash back or more on every purchase,U.S. Bank Smartly Visa Signature Card review: Earn 2% cash back or more on every purchase.,3,1.0,0.0,0.07224000000000001,0.0,0.10836,optimism,optimism,40.9598,Neutral
ART_5E4A6D7F34EC,2026-08-21,"As GOP warns data centers put Ohio Senate seat at risk, Husted defends energy policy","Vice President JD Vance joined Sen. Jon Husted and other GOP leaders at a Middletown, Ohio, steel plant, as data center fears loom.",CNBC Markets,https://www.cnbc.com/2026/08/21/jon-husted-data-centers-ohio-senate.html,,markets,,RSS,False,,"As GOP warns data centers put Ohio Senate seat at risk, Husted defends energy policy. Vice President JD Vance joined Sen. Jon Husted and other GOP leaders at a Middletown, Ohio, steel plant, as data center fears loom.",38,as gop warns data centers put ohio senate seat at risk husted defends energy policy vice president jd vance joined sen jon husted and other gop leaders at a middletown ohio steel plant as data center fears loom,"As GOP warns data centers put Ohio Senate seat at risk, Husted defends energy policy. Vice President JD Vance joined Sen. Jon Husted and other GOP leaders at a Middletown, Ohio, steel plant, as data center fears loom.",3,0.8421052631578947,0.2731075,0.0,0.265405,0.0,fear,fear,25.556775000000005,Fear
ART_4B44D9A39578,2026-08-21,"Bitcoin and ethereum prices today, Friday, August 21, 2026: Cryptos continue rally sparked by Treasury repurchase announcement",,Yahoo Finance,https://finance.yahoo.com/personal-finance/investing/article/bitcoin-and-ethereum-prices-today-friday-august-21-2026-cryptos-continue-rally-sparked-by-treasury-repurchase-announcement-161633891.html,,finance,,RSS,False,,"Bitcoin and ethereum prices today, Friday, August 21, 2026: Cryptos continue rally sparked by Treasury repurchase announcement.",17,bitcoin and ethereum prices today friday august cryptos continue rally sparked by treasury repurchase announcement,"Bitcoin and ethereum prices today, Friday, August 21, 2026: Cryptos continue rally sparked by Treasury repurchase announcement.",1,1.0,0.0,1.0,0.0,0.06069,greed,greed,67.12415000000001,Greed
ART_C0C2577A341B,2026-08-21,Upbit Listings Send 4 Tokens Higher as ETHGas Leads With 11% Gain,,Yahoo Finance,https://finance.yahoo.com/markets/crypto/articles/upbit-listings-send-4-tokens-020624377.html,,finance,,RSS,False,,Upbit Listings Send 4 Tokens Higher as ETHGas Leads With 11% Gain.,12,upbit listings send tokens higher as ethgas leads with gain,Upbit Listings Send 4 Tokens Higher as ETHGas Leads With 11% Gain.,1,1.0,0.0,0.10533999999999999,0.0,0.15800999999999998,optimism,optimism,43.69055,Neutral
ART_DC0CE20872A2,2026-08-21,"Silver prices today, Friday, August 21, 2026: Silver pushes higher on weaker dollar",,Yahoo Finance,https://finance.yahoo.com/personal-finance/investing/article/silver-prices-today-friday-august-21-2026-silver-pushes-higher-on-weaker-dollar-161325787.html,,finance,,RSS,False,,"Silver prices today, Friday, August 21, 2026: Silver pushes higher on weaker dollar.",13,silver prices today friday august silver pushes higher on weaker dollar,"Silver prices today, Friday, August 21, 2026: Silver pushes higher on weaker dollar.",1,0.9090909090909091,0.13212,0.0,0.08808,0.0,fear,fear,31.036400000000004,Fear
ART_100142467AA7,2026-08-21,"Gold prices today, Friday, August 21, 2026: Gold remains strong amid U.S. debt concerns",,Yahoo Finance,https://finance.yahoo.com/personal-finance/investing/article/gold-prices-today-friday-august-21-2026-gold-remains-strong-amid-us-debt-concerns-161052751.html,,finance,,RSS,False,,"Gold prices today, Friday, August 21, 2026: Gold remains strong amid U.S. debt concerns.",14,gold prices today friday august gold remains strong amid u s debt concerns,"Gold prices today, Friday, August 21, 2026: Gold remains strong amid U.S. debt concerns.",3,0.9230769230769231,0.0,0.04046,1.0,1.0,uncertainty,uncertainty,56.213800000000006,Neutral
ART_29FE8CF8D580,2026-08-21,"If We're in an AI Bubble, History Says This Is the Best Way to Recession-Proof Your Portfolio",,Yahoo Finance,https://finance.yahoo.com/markets/stocks/articles/were-ai-bubble-history-says-032000093.html,,finance,,RSS,False,,"If We're in an AI Bubble, History Says This Is the Best Way to Recession-Proof Your Portfolio.",17,if we re in an ai bubble history says this is the best way to recession proof your portfolio,"If We're in an AI Bubble, History Says This Is the Best Way to Recession-Proof Your Portfolio.",1,1.0,0.25,0.11253500000000001,0.0,0.1688025,fear,fear,39.2841375,Fear
ART_4A42DC2CAEB8,2026-08-21,Sebi cancels registration of 15 investment advisers for non-payment of renewal fees,"In a decisive action on Friday, Sebi announced the cancellation of registration certificates for fifteen investment advisers who neglected to pay their required renewal fees on time. Despite issuing notices in June, the advisers did not respond, leading to the termination of their registrations. It is essential to note that this cancellation does not free them from previous duties and financial responsibilities they owe.",Economic Times Markets,https://economictimes.indiatimes.com/markets/stocks/news/sebi-cancels-registration-of-15-investment-advisers-for-non-payment-of-renewal-fees/articleshow/133404099.cms,,markets,,RSS,False,,"Sebi cancels registration of 15 investment advisers for non-payment of renewal fees. In a decisive action on Friday, Sebi announced the cancellation of registration certificates for fifteen investment advisers who neglected to pay their required renewal fees on time. Despite issuing notices in June, the advisers did not respond, leading to the termination of their registrations. It is essential to note that this cancellation does not free them from previous duties and financial responsibilities they owe.",76,sebi cancels registration of investment advisers for non payment of renewal fees in a decisive action on friday sebi announced the cancellation of registration certificates for fifteen investment advisers who neglected to pay their required renewal fees on time despite issuing notices in june the advisers did not respond leading to the termination of their registrations it is essential to note that this cancellation does not free them from previous duties and financial responsibilities they owe,"Sebi cancels registration of 15 investment advisers for non-payment of renewal fees. In a decisive action on Friday, Sebi announced the cancellation of registration certificates for fifteen investment advisers who neglected to pay their required renewal fees on time. Despite issuing notices in June, the advisers did not respond, leading to the termination of their registrations. It is essential to note that this cancellation does not free them from previous duties and financial responsibilities they owe.",4,0.7368421052631579,0.10777499999999998,0.0,0.07185,1.0,optimism,optimism,66.76675,Greed
ART_942396EDFEB5,2026-08-21,"Lumino Industries fixes IPO price band at Rs 78-82/share, issue to open on Aug 27","Lumino Industries has announced its IPO price range set between Rs 78 and Rs 82 per share. This Rs 700 crore offering will be available for subscription from August 27 to August 31. The plan includes a fresh issue of Rs 500 crore alongside an offer-for-sale of Rs 200 crore. Funds raised are earmarked for debt repayment and upgrading equipment, furthering their focus on power cable and electrical wire manufacturing.",Economic Times Markets,https://economictimes.indiatimes.com/markets/ipos/fpos/lumino-industries-fixes-ipo-price-band-at-rs-78-82/share-issue-to-open-on-aug-27/articleshow/133404047.cms,,markets,,RSS,False,,"Lumino Industries fixes IPO price band at Rs 78-82/share, issue to open on Aug 27. Lumino Industries has announced its IPO price range set between Rs 78 and Rs 82 per share. This Rs 700 crore offering will be available for subscription from August 27 to August 31. The plan includes a fresh issue of Rs 500 crore alongside an offer-for-sale of Rs 200 crore. Funds raised are earmarked for debt repayment and upgrading equipment, furthering their focus on power cable and electrical wire manufacturing.",85,lumino industries fixes ipo price band at rs share issue to open on aug lumino industries has announced its ipo price range set between rs and rs per share this rs crore offering will be available for subscription from august to august the plan includes a fresh issue of rs crore alongside an offer for sale of rs crore funds raised are earmarked for debt repayment and upgrading equipment furthering their focus on power cable and electrical wire manufacturing,"Lumino Industries fixes IPO price band at Rs 78-82 share, issue to open on Aug 27. Lumino Industries has announced its IPO price range set between Rs 78 and Rs 82 per share. This Rs 700 crore offering will be available for subscription from August 27 to August 31. The plan includes a fresh issue of Rs 500 crore alongside an offer-for-sale of Rs 200 crore. Funds raised are earmarked for debt repayment and upgrading equipment, furthering their focus on power cable and electrical wire manufacturing.",5,0.7341772151898734,0.0,1.0,0.0,0.0370425,greed,greed,66.2964875,Greed
ART_EE0268F36FC2,2026-08-21,"IPO-bound Upstox crosses 2 crore customers, eyes 10 crore users in five years","Upstox has crossed 2 crore demat accounts, with 85% of customers from Tier-II and Tier-III cities and 70% first-time investors. The investment platform aims for 10 crore users within five years and is reportedly exploring a $350-400 million IPO.",Economic Times Markets,https://economictimes.indiatimes.com/markets/stocks/news/ipo-bound-upstox-crosses-2-crore-customers-eyes-10-crore-users-in-five-years/articleshow/133403976.cms,,markets,,RSS,False,,"IPO-bound Upstox crosses 2 crore customers, eyes 10 crore users in five years. Upstox has crossed 2 crore demat accounts, with 85% of customers from Tier-II and Tier-III cities and 70% first-time investors. The investment platform aims for 10 crore users within five years and is reportedly exploring a $350-400 million IPO.",52,ipo bound upstox crosses crore customers eyes crore users in five years upstox has crossed crore demat accounts with of customers from tier ii and tier iii cities and first time investors the investment platform aims for crore users within five years and is reportedly exploring a million ipo,"IPO-bound Upstox crosses 2 crore customers, eyes 10 crore users in five years. Upstox has crossed 2 crore demat accounts, with 85% of customers from Tier-II and Tier-III cities and 70% first-time investors. The investment platform aims for 10 crore users within five years and is reportedly exploring a $350-400 million IPO.",3,0.7551020408163265,0.0,0.25,0.0,0.25,greed,greed,51.25000000000001,Neutral
ART_6103903C748D,2026-08-21,"Best CD rates today, Friday, August 21, 2026: Up to 4.35% APY return available to boost savings",,Yahoo Finance,https://finance.yahoo.com/personal-finance/banking/article/best-cd-rates-today-friday-august-21-2026-up-to-435-apy-return-available-to-boost-savings-100000741.html,,finance,,RSS,False,,"Best CD rates today, Friday, August 21, 2026: Up to 4.35% APY return available to boost savings.",17,best cd rates today friday august up to apy return available to boost savings,"Best CD rates today, Friday, August 21, 2026: Up to 4.35% APY return available to boost savings.",2,0.9285714285714286,0.0,0.1569,0.0,1.0,optimism,optimism,74.70700000000001,Greed
ART_301B51998B84,2026-08-21,Gary Black Says Tesla Bulls On Social Media Are Like College Students Doing 'Tequila Shots',,Yahoo Finance,https://finance.yahoo.com/markets/stocks/articles/gary-black-says-tesla-bulls-023132599.html,,finance,,RSS,False,,Gary Black Says Tesla Bulls On Social Media Are Like College Students Doing 'Tequila Shots'.,15,gary black says tesla bulls on social media are like college students doing tequila shots,Gary Black Says Tesla Bulls On Social Media Are Like College Students Doing 'Tequila Shots'.,1,1.0,0.0,0.07224000000000001,0.0,0.10836,optimism,optimism,40.9598,Neutral
ART_F3EF061E9079,2026-08-21,"Dow surges 500 points Friday, but index posts back-to-back weekly losses",Stocks rose on Friday as investors tried to find their footing following a steep sell-off driven by rising Treasury yields.,CNBC Markets,https://www.cnbc.com/2026/08/20/stock-market-today-live-updates.html,,markets,,RSS,False,,"Dow surges 500 points Friday, but index posts back-to-back weekly losses. Stocks rose on Friday as investors tried to find their footing following a steep sell-off driven by rising Treasury yields.",31,dow surges points friday but index posts back to back weekly losses stocks rose on friday as investors tried to find their footing following a steep sell off driven by rising treasury yields,"Dow surges 500 points Friday, but index posts back-to-back weekly losses. Stocks rose on Friday as investors tried to find their footing following a steep sell-off driven by rising Treasury yields.",2,0.9090909090909091,1.0,0.25,0.09894000000000001,0.0,fear,fear,21.015900000000002,Fear
ART_1D16F32D61C3,2026-08-21,Kalshi traders think the bitcoin rally could end the year near current levels,Speculators on the prediction market platform think it's most likely that the cryptocurrency will end 2026 close to where it's now trading.,CNBC Markets,https://www.cnbc.com/2026/08/21/kalshi-traders-say-bitcoin-rally-wont-go-much-higher-by-end-of-2026.html,,markets,,RSS,False,,Kalshi traders think the bitcoin rally could end the year near current levels. Speculators on the prediction market platform think it's most likely that the cryptocurrency will end 2026 close to where it's now trading.,35,kalshi traders think the bitcoin rally could end the year near current levels speculators on the prediction market platform think it s most likely that the cryptocurrency will end close to where it s now trading,Kalshi traders think the bitcoin rally could end the year near current levels. Speculators on the prediction market platform think it's most likely that the cryptocurrency will end 2026 close to where it's now trading.,2,0.8055555555555556,0.0,1.0,1.0,0.0,greed,greed,50.000000000000014,Neutral
ART_FC0DBE1EB62D,2026-08-21,"U.S. bond intervention is like 'paying your mortgage with your credit card,' JPMorgan's Sullivan says","The U.S. government's efforts to manage pressure in the Treasury market risk merely shifting the problem down the road, according to JPMorgan's James Sullivan.",CNBC Markets,https://www.cnbc.com/2026/08/21/us-bond-intervention-shifting-problem-future-jpmorgan.html,,markets,,RSS,False,,"U.S. bond intervention is like 'paying your mortgage with your credit card,' JPMorgan's Sullivan says. The U.S. government's efforts to manage pressure in the Treasury market risk merely shifting the problem down the road, according to JPMorgan's James Sullivan.",39,u s bond intervention is like paying your mortgage with your credit card jpmorgan s sullivan says the u s government s efforts to manage pressure in the treasury market risk merely shifting the problem down the road according to jpmorgan s james sullivan,"U.S. bond intervention is like 'paying your mortgage with your credit card,' JPMorgan's Sullivan says. The U.S. government's efforts to manage pressure in the Treasury market risk merely shifting the problem down the road, according to JPMorgan's James Sullivan.",6,0.7272727272727273,0.0,0.09373500000000001,0.25,0.1406025,uncertainty,uncertainty,38.983137500000005,Fear
ART_1D24F773E1DF,2026-08-21,"Quote of the day by Tom Gayner: ""I’ve always said you might as well assume the world is going to work, because if it doesn’t, it doesn’t really matter what your investment portfolio looks like""","Tom Gayner’s investment philosophy encourages investors to remain constructive about the long term. Despite volatility, geopolitical risks and economic uncertainty, he believes wealth creation depends on businesses, economies and institutions continuing to function, adapt, innovate and generate value over time.",Economic Times Markets,https://economictimes.indiatimes.com/markets/us-stocks/wall-street-guide/quote-of-the-day-by-tom-gayner-ive-always-said-you-might-as-well-assume-the-world-is-going-to-work-because-if-it-doesnt-it-doesnt-really-matter-what-your-investment-portfolio-looks-like/articleshow/133403762.cms,,markets,,RSS,False,,"Quote of the day by Tom Gayner: ""I’ve always said you might as well assume the world is going to work, because if it doesn’t, it doesn’t really matter what your investment portfolio looks like"". Tom Gayner’s investment philosophy encourages investors to remain constructive about the long term. Despite volatility, geopolitical risks and economic uncertainty, he believes wealth creation depends on businesses, economies and institutions continuing to function, adapt, innovate and generate value over time.",75,quote of the day by tom gayner i ve always said you might as well assume the world is going to work because if it doesn t it doesn t really matter what your investment portfolio looks like tom gayner s investment philosophy encourages investors to remain constructive about the long term despite volatility geopolitical risks and economic uncertainty he believes wealth creation depends on businesses economies and institutions continuing to function adapt innovate and generate value over time,"Quote of the day by Tom Gayner: ""I ve always said you might as well assume the world is going to work, because if it doesn t, it doesn t really matter what your investment portfolio looks like"". Tom Gayner s investment philosophy encourages investors to remain constructive about the long term. Despite volatility, geopolitical risks and economic uncertainty, he believes wealth creation depends on businesses, economies and institutions continuing to function, adapt, innovate and generate value over time.",3,0.8481012658227848,0.0,0.29721284810126586,1.0,1.0,uncertainty,uncertainty,63.91638544303798,Greed
ART_216DE84AD3AE,2026-08-21,ICICI Bank doubles borrowing from overseas markets to $5 billion,"ICICI Bank has taken a significant step by doubling its overseas borrowing limit to five billion dollars. This strategic decision enhances the bank's ability to tap into international fundraising avenues. Following the closure of a previous swap facility, Indian banks are ramping up efforts, eyeing to collectively secure at least five billion dollars through loans and bonds. So far, ICICI has successfully raised over two billion dollars in dollar-denominated debt.",Economic Times Markets,https://economictimes.indiatimes.com/markets/bonds/icici-bank-doubles-borrowing-from-overseas-markets-to-5-billion/articleshow/133404318.cms,,markets,,RSS,False,,"ICICI Bank doubles borrowing from overseas markets to $5 billion. ICICI Bank has taken a significant step by doubling its overseas borrowing limit to five billion dollars. This strategic decision enhances the bank's ability to tap into international fundraising avenues. Following the closure of a previous swap facility, Indian banks are ramping up efforts, eyeing to collectively secure at least five billion dollars through loans and bonds. So far, ICICI has successfully raised over two billion dollars in dollar-denominated debt.",80,icici bank doubles borrowing from overseas markets to billion icici bank has taken a significant step by doubling its overseas borrowing limit to five billion dollars this strategic decision enhances the bank s ability to tap into international fundraising avenues following the closure of a previous swap facility indian banks are ramping up efforts eyeing to collectively secure at least five billion dollars through loans and bonds so far icici has successfully raised over two billion dollars in dollar denominated debt,"ICICI Bank doubles borrowing from overseas markets to $5 billion. ICICI Bank has taken a significant step by doubling its overseas borrowing limit to five billion dollars. This strategic decision enhances the bank's ability to tap into international fundraising avenues. Following the closure of a previous swap facility, Indian banks are ramping up efforts, eyeing to collectively secure at least five billion dollars through loans and bonds. So far, ICICI has successfully raised over two billion dollars in dollar-denominated debt.",5,0.7777777777777778,0.0,0.041355,0.0,0.06203249999999999,optimism,optimism,38.4117875,Fear
ART_DB9FCA824F3E,2026-08-21,India bonds log worst week in FY27 on RBI surprise U-turns,"Indian government bonds encountered significant challenges this week, marking the worst week of the financial year. The Reserve Bank of India's hawkish policy minutes triggered a selloff, compounded by the early closure of a diaspora-deposit hedging facility. Additionally, soaring crude oil prices heightened inflation concerns and rate hike fears in India, culminating in a notable increase in bond yields.",Economic Times Markets,https://economictimes.indiatimes.com/markets/bonds/india-bonds-log-worst-week-in-fy27-on-rbi-surprise-u-turns/articleshow/133405478.cms,,markets,,RSS,False,,"India bonds log worst week in FY27 on RBI surprise U-turns. Indian government bonds encountered significant challenges this week, marking the worst week of the financial year. The Reserve Bank of India's hawkish policy minutes triggered a selloff, compounded by the early closure of a diaspora-deposit hedging facility. Additionally, soaring crude oil prices heightened inflation concerns and rate hike fears in India, culminating in a notable increase in bond yields.",70,india bonds log worst week in fy on rbi surprise u turns indian government bonds encountered significant challenges this week marking the worst week of the financial year the reserve bank of india s hawkish policy minutes triggered a selloff compounded by the early closure of a diaspora deposit hedging facility additionally soaring crude oil prices heightened inflation concerns and rate hike fears in india culminating in a notable increase in bond yields,"India bonds log worst week in FY27 on RBI surprise U-turns. Indian government bonds encountered significant challenges this week, marking the worst week of the financial year. The Reserve Bank of India's hawkish policy minutes triggered a selloff, compounded by the early closure of a diaspora-deposit hedging facility. Additionally, soaring crude oil prices heightened inflation concerns and rate hike fears in India, culminating in a notable increase in bond yields.",4,0.7808219178082192,0.35323,0.17123287671232876,0.31882,0.0,fear,fear,28.290086301369865,Fear
ART_6034AB513AB3,2026-08-21,All-India housing prices rises 6% YoY in 1QFY27 led by key markets: Kotak,"In the first quarter of fiscal year twenty twenty-seven, real estate prices experienced a significant six percent year-over-year rise. Major cities such as New Delhi, Noida, Chennai, Greater Noida, and Bengaluru spearheaded this trend. While residential sales saw a moderate three percent uptick, the launch of new projects declined alongside an increase in unsold inventories in areas like Bengaluru, Hyderabad, and NCR, illustrating a complex market dynamic.",Economic Times Markets,https://economictimes.indiatimes.com/markets/digital-real-estate/realty-news/all-india-housing-prices-rises-6-yoy-in-1qfy27-led-by-key-markets-kotak/articleshow/133405537.cms,,markets,,RSS,False,,"All-India housing prices rises 6% YoY in 1QFY27 led by key markets: Kotak. In the first quarter of fiscal year twenty twenty-seven, real estate prices experienced a significant six percent year-over-year rise. Major cities such as New Delhi, Noida, Chennai, Greater Noida, and Bengaluru spearheaded this trend. While residential sales saw a moderate three percent uptick, the launch of new projects declined alongside an increase in unsold inventories in areas like Bengaluru, Hyderabad, and NCR, illustrating a complex market dynamic.",80,all india housing prices rises yoy in qfy led by key markets kotak in the first quarter of fiscal year twenty twenty seven real estate prices experienced a significant six percent year over year rise major cities such as new delhi noida chennai greater noida and bengaluru spearheaded this trend while residential sales saw a moderate three percent uptick the launch of new projects declined alongside an increase in unsold inventories in areas like bengaluru hyderabad and ncr illustrating a complex market dynamic,"All-India housing prices rises 6% YoY in 1QFY27 led by key markets: Kotak. In the first quarter of fiscal year twenty twenty-seven, real estate prices experienced a significant six percent year-over-year rise. Major cities such as New Delhi, Noida, Chennai, Greater Noida, and Bengaluru spearheaded this trend. While residential sales saw a moderate three percent uptick, the launch of new projects declined alongside an increase in unsold inventories in areas like Bengaluru, Hyderabad, and NCR, illustrating a complex market dynamic.",4,0.8072289156626506,0.0,0.03982,0.0,0.21033240963855424,optimism,optimism,43.5562343373494,Neutral
ART_0BD08D019FAA,2026-08-21,"India set to approve $1.2 billion incentive plan to make building equipment, sources say","India is set to launch a $1.2 billion incentive scheme to stimulate local manufacturing efforts. This initiative aims to draw in $1.8 billion of new investments over the next seven years, focusing on essential machinery such as tunnel boring machines and fire-fighting equipment. A major goal is to lessen reliance on imports, particularly from China, while establishing local value-addition targets for machines that are fully imported.",Economic Times Markets,https://economictimes.indiatimes.com/markets/digital-real-estate/realty-news/india-set-to-approve-1-2-billion-incentive-plan-to-make-building-equipment-sources-say/articleshow/133405575.cms,,markets,,RSS,False,,"India set to approve $1.2 billion incentive plan to make building equipment, sources say. India is set to launch a $1.2 billion incentive scheme to stimulate local manufacturing efforts. This initiative aims to draw in $1.8 billion of new investments over the next seven years, focusing on essential machinery such as tunnel boring machines and fire-fighting equipment. A major goal is to lessen reliance on imports, particularly from China, while establishing local value-addition targets for machines that are fully imported.",80,india set to approve billion incentive plan to make building equipment sources say india is set to launch a billion incentive scheme to stimulate local manufacturing efforts this initiative aims to draw in billion of new investments over the next seven years focusing on essential machinery such as tunnel boring machines and fire fighting equipment a major goal is to lessen reliance on imports particularly from china while establishing local value addition targets for machines that are fully imported,"India set to approve $1.2 billion incentive plan to make building equipment, sources say. India is set to launch a $1.2 billion incentive scheme to stimulate local manufacturing efforts. This initiative aims to draw in $1.8 billion of new investments over the next seven years, focusing on essential machinery such as tunnel boring machines and fire-fighting equipment. A major goal is to lessen reliance on imports, particularly from China, while establishing local value-addition targets for machines that are fully imported.",7,0.7974683544303798,0.0,0.06784000000000001,0.0,0.10175999999999999,optimism,optimism,40.5968,Neutral
ART_001CC0E87F77,2026-08-21,"US stocks: US market rebounds, but yield surge sets stage for weekly losses",Major Wall Street indexes opened higher on Friday after significant declines.  The Dow Jones Industrial Average saw a slight increase at the opening.  The S&amp;P 500 also experienced a rise in its opening figures.  The Nasdaq Composite index registered a notable gain at the opening bell.  Markets are still set to finish the week with losses.,Economic Times Markets,https://economictimes.indiatimes.com/markets/us-stocks/wall-street-guide/us-stocks-us-market-opens-higher-but-weekly-losses-loom/articleshow/133406374.cms,,markets,,RSS,False,,"US stocks: US market rebounds, but yield surge sets stage for weekly losses. Major Wall Street indexes opened higher on Friday after significant declines.  The Dow Jones Industrial Average saw a slight increase at the opening.  The S&amp;P 500 also experienced a rise in its opening figures.  The Nasdaq Composite index registered a notable gain at the opening bell.  Markets are still set to finish the week with losses.",69,us stocks us market rebounds but yield surge sets stage for weekly losses major wall street indexes opened higher on friday after significant declines the dow jones industrial average saw a slight increase at the opening the s amp p also experienced a rise in its opening figures the nasdaq composite index registered a notable gain at the opening bell markets are still set to finish the week with losses,"US stocks: US market rebounds, but yield surge sets stage for weekly losses. Major Wall Street indexes opened higher on Friday after significant declines. The Dow Jones Industrial Average saw a slight increase at the opening. The S amp;P 500 also experienced a rise in its opening figures. The Nasdaq Composite index registered a notable gain at the opening bell. Markets are still set to finish the week with losses.",6,0.8285714285714286,1.0,0.9434864285714286,0.08248500000000002,0.0223725,fear,fear,42.85035535714286,Neutral
ART_96A7F0279821,2026-08-21,India's foreign exchange reserves up almost $50 billion since July,India's foreign exchange reserves rose over $9 billion in the week ending August 14.  Foreign currency assets and gold reserves significantly contributed to this overall increase.  Banks received substantial funds through special deposit schemes and borrowing measures.,Economic Times Markets,https://economictimes.indiatimes.com/markets/forex/forex-news/indias-foreign-exchange-reserves-up-almost-50-billion-since-july/articleshow/133416029.cms,,markets,,RSS,False,,India's foreign exchange reserves up almost $50 billion since July. India's foreign exchange reserves rose over $9 billion in the week ending August 14.  Foreign currency assets and gold reserves significantly contributed to this overall increase.  Banks received substantial funds through special deposit schemes and borrowing measures.,47,india s foreign exchange reserves up almost billion since july india s foreign exchange reserves rose over billion in the week ending august foreign currency assets and gold reserves significantly contributed to this overall increase banks received substantial funds through special deposit schemes and borrowing measures,India's foreign exchange reserves up almost $50 billion since July. India's foreign exchange reserves rose over $9 billion in the week ending August 14. Foreign currency assets and gold reserves significantly contributed to this overall increase. Banks received substantial funds through special deposit schemes and borrowing measures.,4,0.8043478260869565,0.0,0.25,0.0,0.0568425,greed,greed,44.4894875,Neutral
ART_38C9D4A3DB64,2026-08-21,"Skyways Air Services IPO gets marquee backing, Citi, Nomura join Rs 174 crore anchor book","Skyways Air Services raised Rs 174.5 crore from anchor investors ahead of its Rs 582.80 crore IPO, opening August 24, 2026. The price band is Rs 131-138 per share, with shares expected to list on September 1, 2026.",Economic Times Markets,https://economictimes.indiatimes.com/markets/ipos/fpos/skyways-air-services-ipo-gets-marquee-backing-citi-nomura-join-rs-174-crore-anchor-book/articleshow/133407402.cms,,markets,,RSS,False,,"Skyways Air Services IPO gets marquee backing, Citi, Nomura join Rs 174 crore anchor book. Skyways Air Services raised Rs 174.5 crore from anchor investors ahead of its Rs 582.80 crore IPO, opening August 24, 2026. The price band is Rs 131-138 per share, with shares expected to list on September 1, 2026.",53,skyways air services ipo gets marquee backing citi nomura join rs crore anchor book skyways air services raised rs crore from anchor investors ahead of its rs crore ipo opening august the price band is rs per share with shares expected to list on september,"Skyways Air Services IPO gets marquee backing, Citi, Nomura join Rs 174 crore anchor book. Skyways Air Services raised Rs 174.5 crore from anchor investors ahead of its Rs 582.80 crore IPO, opening August 24, 2026. The price band is Rs 131-138 per share, with shares expected to list on September 1, 2026.",5,0.7777777777777778,0.0,1.0,0.0,0.12340499999999999,greed,greed,69.31917500000002,Greed
ART_6FD23B9A8653,2026-08-21,Online Instruments India gets Sebi approval to float IPO,"Online Instruments has successfully secured Sebi approval for its initial public offering. The firm is set to issue new equity shares alongside an offer for sale, with proceeds aimed at addressing borrowings, boosting working capital, and facilitating acquisitions. Specializing in audiovisual systems integration and display product manufacturing, Online Instruments has demonstrated notable growth in both revenue and net profit over recent fiscal years.",Economic Times Markets,https://economictimes.indiatimes.com/markets/ipos/fpos/online-instruments-india-gets-sebi-approval-to-float-ipo/articleshow/133407466.cms,,markets,,RSS,False,,"Online Instruments India gets Sebi approval to float IPO. Online Instruments has successfully secured Sebi approval for its initial public offering. The firm is set to issue new equity shares alongside an offer for sale, with proceeds aimed at addressing borrowings, boosting working capital, and facilitating acquisitions. Specializing in audiovisual systems integration and display product manufacturing, Online Instruments has demonstrated notable growth in both revenue and net profit over recent fiscal years.",72,online instruments india gets sebi approval to float ipo online instruments has successfully secured sebi approval for its initial public offering the firm is set to issue new equity shares alongside an offer for sale with proceeds aimed at addressing borrowings boosting working capital and facilitating acquisitions specializing in audiovisual systems integration and display product manufacturing online instruments has demonstrated notable growth in both revenue and net profit over recent fiscal years,"Online Instruments India gets Sebi approval to float IPO. Online Instruments has successfully secured Sebi approval for its initial public offering. The firm is set to issue new equity shares alongside an offer for sale, with proceeds aimed at addressing borrowings, boosting working capital, and facilitating acquisitions. Specializing in audiovisual systems integration and display product manufacturing, Online Instruments has demonstrated notable growth in both revenue and net profit over recent fiscal years.",4,0.8333333333333334,0.0,1.0,1.0,0.3532286111111111,greed,greed,62.3630013888889,Greed
ART_09A7C8335209,2026-08-21,"Accel, 2 others sell nearly 5% stake in Amagi Media Labs for Rs 587 crore","Accel, a leading global venture capital firm, along with two other parties, has divested nearly five percent stake in Amagi Media Labs. They sold over one crore equity shares for Rs 587 crore via open market transactions. Notably, domestic mutual funds and an insurance company were part of the buyer's pool, alongside foreign investors. Following this development, Amagi Media Labs shares surged by 4.57 percent on the NSE.",Economic Times Markets,https://economictimes.indiatimes.com/markets/stocks/news/accel-2-others-sell-nearly-5-stake-in-amagi-media-labs-for-rs-587-crore/articleshow/133407721.cms,,markets,,RSS,False,,"Accel, 2 others sell nearly 5% stake in Amagi Media Labs for Rs 587 crore. Accel, a leading global venture capital firm, along with two other parties, has divested nearly five percent stake in Amagi Media Labs. They sold over one crore equity shares for Rs 587 crore via open market transactions. Notably, domestic mutual funds and an insurance company were part of the buyer's pool, alongside foreign investors. Following this development, Amagi Media Labs shares surged by 4.57 percent on the NSE.",83,accel others sell nearly stake in amagi media labs for rs crore accel a leading global venture capital firm along with two other parties has divested nearly five percent stake in amagi media labs they sold over one crore equity shares for rs crore via open market transactions notably domestic mutual funds and an insurance company were part of the buyer s pool alongside foreign investors following this development amagi media labs shares surged by percent on the nse,"Accel, 2 others sell nearly 5% stake in Amagi Media Labs for Rs 587 crore. Accel, a leading global venture capital firm, along with two other parties, has divested nearly five percent stake in Amagi Media Labs. They sold over one crore equity shares for Rs 587 crore via open market transactions. Notably, domestic mutual funds and an insurance company were part of the buyer's pool, alongside foreign investors. Following this development, Amagi Media Labs shares surged by 4.57 percent on the NSE.",6,0.7848101265822784,0.0,0.19457284810126585,0.0,0.054517499999999997,greed,greed,42.74529794303798,Neutral
ART_DEC677401679,2026-08-21,"Gold rallies to 3-month high on weaker dollar, bullish technicals","Gold prices soared to a three-month high on Friday, marking its third consecutive weekly increase. This rally was driven by a softer U.S. dollar influenced by Treasury buyback strategies. Analysts identify the surge as a bullish signal after a notable break above significant moving averages. Investors are increasingly attracted to gold and related exchange-traded funds, while other precious metals such as silver and platinum also saw substantial gains.",Economic Times Markets,https://economictimes.indiatimes.com/markets/commodities/gold-rallies-to-3-month-high-on-weaker-dollar-bullish-technicals/articleshow/133407758.cms,,markets,,RSS,False,,"Gold rallies to 3-month high on weaker dollar, bullish technicals. Gold prices soared to a three-month high on Friday, marking its third consecutive weekly increase. This rally was driven by a softer U.S. dollar influenced by Treasury buyback strategies. Analysts identify the surge as a bullish signal after a notable break above significant moving averages. Investors are increasingly attracted to gold and related exchange-traded funds, while other precious metals such as silver and platinum also saw substantial gains.",78,gold rallies to month high on weaker dollar bullish technicals gold prices soared to a three month high on friday marking its third consecutive weekly increase this rally was driven by a softer u s dollar influenced by treasury buyback strategies analysts identify the surge as a bullish signal after a notable break above significant moving averages investors are increasingly attracted to gold and related exchange traded funds while other precious metals such as silver and platinum also saw substantial gains,"Gold rallies to 3-month high on weaker dollar, bullish technicals. Gold prices soared to a three-month high on Friday, marking its third consecutive weekly increase. This rally was driven by a softer U.S. dollar influenced by Treasury buyback strategies. Analysts identify the surge as a bullish signal after a notable break above significant moving averages. Investors are increasingly attracted to gold and related exchange-traded funds, while other precious metals such as silver and platinum also saw substantial gains.",7,0.8148148148148148,0.09908999999999998,1.0,0.06606000000000001,1.0,greed,greed,97.0273,Extreme Greed
ART_B27FEDAEF011,2026-08-21,FIIs near historical lows: Jio BlackRock flags potential contrarian setup for Indian equities,"Foreign investor positioning in Indian equities is nearing historical extremes, with FII flows showing early recovery after sustained outflows. Jio BlackRock says resilient domestic buying, reduced foreign selling and more reasonable valuations could signal a potential sentiment turnaround for Indian markets.",Economic Times Markets,https://economictimes.indiatimes.com/markets/stocks/news/fiis-near-historical-lows-jio-blackrock-flags-potential-contrarian-setup-for-indian-equities/articleshow/133407830.cms,,markets,,RSS,False,,"FIIs near historical lows: Jio BlackRock flags potential contrarian setup for Indian equities. Foreign investor positioning in Indian equities is nearing historical extremes, with FII flows showing early recovery after sustained outflows. Jio BlackRock says resilient domestic buying, reduced foreign selling and more reasonable valuations could signal a potential sentiment turnaround for Indian markets.",54,fiis near historical lows jio blackrock flags potential contrarian setup for indian equities foreign investor positioning in indian equities is nearing historical extremes with fii flows showing early recovery after sustained outflows jio blackrock says resilient domestic buying reduced foreign selling and more reasonable valuations could signal a potential sentiment turnaround for indian markets,"FIIs near historical lows: Jio BlackRock flags potential contrarian setup for Indian equities. Foreign investor positioning in Indian equities is nearing historical extremes, with FII flows showing early recovery after sustained outflows. Jio BlackRock says resilient domestic buying, reduced foreign selling and more reasonable valuations could signal a potential sentiment turnaround for Indian markets.",3,0.8333333333333334,0.06069,0.23148148148148145,0.27194148148148145,1.0,optimism,optimism,71.65152222222223,Greed
ART_767E331C9347,2026-08-21,India bond yields hit two-month high as rate hike fears intensify,"India’s 10-year benchmark bond yield climbed to a two-month high of 6.88% before closing at 6.85%, posting its biggest weekly rise this fiscal. Hawkish MPC minutes, potential rate hikes and escalating West Asia tensions drove cautious sentiment among bond traders.",Economic Times Markets,https://economictimes.indiatimes.com/markets/bonds/india-bond-yields-hit-two-month-high-as-rate-hike-fears-intensify/articleshow/133407966.cms,,markets,,RSS,False,,"India bond yields hit two-month high as rate hike fears intensify. India’s 10-year benchmark bond yield climbed to a two-month high of 6.88% before closing at 6.85%, posting its biggest weekly rise this fiscal. Hawkish MPC minutes, potential rate hikes and escalating West Asia tensions drove cautious sentiment among bond traders.",51,india bond yields hit two month high as rate hike fears intensify india s year benchmark bond yield climbed to a two month high of before closing at posting its biggest weekly rise this fiscal hawkish mpc minutes potential rate hikes and escalating west asia tensions drove cautious sentiment among bond traders,"India bond yields hit two-month high as rate hike fears intensify. India s 10-year benchmark bond yield climbed to a two-month high of 6.88% before closing at 6.85%, posting its biggest weekly rise this fiscal. Hawkish MPC minutes, potential rate hikes and escalating West Asia tensions drove cautious sentiment among bond traders.",5,0.8653846153846154,1.0,0.0,0.313225,0.2403846153846154,fear,fear,18.715086538461538,Extreme Fear
ART_64EBF9EAD602,2026-08-21,"Symbiotec Pharmalab gets Rs 526 crore anchor backing ahead of IPO; Citi Group, Singularity among investors","Symbiotec Pharmalab has raised Rs 526.20 crore from anchor investors ahead of its Rs 1,757 crore IPO opening August 24. The pharmaceutical company has set a Rs 938-988 price band, with proceeds from the fresh issue earmarked for debt repayment.",Economic Times Markets,https://economictimes.indiatimes.com/markets/ipos/fpos/symbiotec-pharmalab-gets-rs-526-crore-anchor-backing-ahead-of-ipo-citi-group-singularity-among-investors/articleshow/133408476.cms,,markets,,RSS,False,,"Symbiotec Pharmalab gets Rs 526 crore anchor backing ahead of IPO; Citi Group, Singularity among investors. Symbiotec Pharmalab has raised Rs 526.20 crore from anchor investors ahead of its Rs 1,757 crore IPO opening August 24. The pharmaceutical company has set a Rs 938-988 price band, with proceeds from the fresh issue earmarked for debt repayment.",56,symbiotec pharmalab gets rs crore anchor backing ahead of ipo citi group singularity among investors symbiotec pharmalab has raised rs crore from anchor investors ahead of its rs crore ipo opening august the pharmaceutical company has set a rs price band with proceeds from the fresh issue earmarked for debt repayment,"Symbiotec Pharmalab gets Rs 526 crore anchor backing ahead of IPO; Citi Group, Singularity among investors. Symbiotec Pharmalab has raised Rs 526.20 crore from anchor investors ahead of its Rs 1,757 crore IPO opening August 24. The pharmaceutical company has set a Rs 938-988 price band, with proceeds from the fresh issue earmarked for debt repayment.",4,0.7058823529411765,0.0,0.25,0.0,0.0,greed,greed,42.50000000000001,Neutral
ART_5C0466A127DA,2026-08-21,"Gold rebounds as bond jitters, debt fears and weaker dollar revive bullion demand","Gold is rebounding as investors weigh U.S. debt concerns, a weaker dollar and stubbornly high Treasury yields.",CNBC Markets,https://www.cnbc.com/2026/08/21/gold-prices-us-debt-dollar.html,,markets,,RSS,False,,"Gold rebounds as bond jitters, debt fears and weaker dollar revive bullion demand. Gold is rebounding as investors weigh U.S. debt concerns, a weaker dollar and stubbornly high Treasury yields.",30,gold rebounds as bond jitters debt fears and weaker dollar revive bullion demand gold is rebounding as investors weigh u s debt concerns a weaker dollar and stubbornly high treasury yields,"Gold rebounds as bond jitters, debt fears and weaker dollar revive bullion demand. Gold is rebounding as investors weigh U.S. debt concerns, a weaker dollar and stubbornly high Treasury yields.",4,0.8064516129032258,1.0,0.0,0.36145,1.0,fear,fear,44.578250000000004,Neutral
ART_7743C123A205,2026-08-21,"Gold could top Goldman’s $4,900 forecast as options demand fuels rally","Goldman Sachs sees gold potentially exceeding its $4,900 year-end forecast as strong options demand, Western investor interest and central bank buying amplify price moves. Rising call-option activity could accelerate gains near key strikes, though changing Fed expectations could also trigger sharper corrections.",Economic Times Markets,https://economictimes.indiatimes.com/markets/us-stocks/wall-street-guide/gold-could-top-goldmans-4900-forecast-as-options-demand-fuels-rally/articleshow/133408548.cms,,markets,,RSS,False,,"Gold could top Goldman’s $4,900 forecast as options demand fuels rally. Goldman Sachs sees gold potentially exceeding its $4,900 year-end forecast as strong options demand, Western investor interest and central bank buying amplify price moves. Rising call-option activity could accelerate gains near key strikes, though changing Fed expectations could also trigger sharper corrections.",53,gold could top goldman s forecast as options demand fuels rally goldman sachs sees gold potentially exceeding its year end forecast as strong options demand western investor interest and central bank buying amplify price moves rising call option activity could accelerate gains near key strikes though changing fed expectations could also trigger sharper corrections,"Gold could top Goldman s $4,900 forecast as options demand fuels rally. Goldman Sachs sees gold potentially exceeding its $4,900 year-end forecast as strong options demand, Western investor interest and central bank buying amplify price moves. Rising call-option activity could accelerate gains near key strikes, though changing Fed expectations could also trigger sharper corrections.",3,0.8518518518518519,0.0,1.0,1.0,1.0,greed,greed,85.0,Extreme Greed
ART_339E671BC0F6,2026-08-21,"US equity funds see strong inflows this week amid bond pressure, draw $11.72 billion from investors","US investors bought equities for a second week, encouraged by corporate earnings and easing inflation.  However, a bond market selloff and rising oil prices created market pressures.  Investors added over eleven billion dollars to US equity funds, showing continued optimism.   Bond funds saw significant inflows, while money market funds experienced outflows.",Economic Times Markets,https://economictimes.indiatimes.com/markets/us-stocks/wall-street-guide/us-equity-funds-see-strong-inflows-this-week-amid-bond-pressure-draw-11-72-billion-from-investors/articleshow/133411899.cms,,markets,,RSS,False,,"US equity funds see strong inflows this week amid bond pressure, draw $11.72 billion from investors. US investors bought equities for a second week, encouraged by corporate earnings and easing inflation.  However, a bond market selloff and rising oil prices created market pressures.  Investors added over eleven billion dollars to US equity funds, showing continued optimism.   Bond funds saw significant inflows, while money market funds experienced outflows.",67,us equity funds see strong inflows this week amid bond pressure draw billion from investors us investors bought equities for a second week encouraged by corporate earnings and easing inflation however a bond market selloff and rising oil prices created market pressures investors added over eleven billion dollars to us equity funds showing continued optimism bond funds saw significant inflows while money market funds experienced outflows,"US equity funds see strong inflows this week amid bond pressure, draw $11.72 billion from investors. US investors bought equities for a second week, encouraged by corporate earnings and easing inflation. However, a bond market selloff and rising oil prices created market pressures. Investors added over eleven billion dollars to US equity funds, showing continued optimism. Bond funds saw significant inflows, while money market funds experienced outflows.",6,0.7424242424242424,0.1893939393939394,0.08410500000000001,0.0,1.0,optimism,optimism,68.73527121212122,Greed
ART_EF33BE1C8436,2026-08-21,Citadel unloads over 80% of bets bought from Leopold Aschenbrenner’s Situational Awareness,Ken Griffin's Citadel has sold over 80% of acquired positions.  These trades followed a steep loss in technology holdings for Situational Awareness.  Citadel executed nearly one hundred block trades valued at over four billion dollars.,Economic Times Markets,https://economictimes.indiatimes.com/markets/us-stocks/wall-street-guide/citadel-unloads-over-80-of-bets-bought-from-leopold-aschenbrenners-situational-awareness/articleshow/133413202.cms,,markets,,RSS,False,,Citadel unloads over 80% of bets bought from Leopold Aschenbrenner’s Situational Awareness. Ken Griffin's Citadel has sold over 80% of acquired positions.  These trades followed a steep loss in technology holdings for Situational Awareness.  Citadel executed nearly one hundred block trades valued at over four billion dollars.,47,citadel unloads over of bets bought from leopold aschenbrenner s situational awareness ken griffin s citadel has sold over of acquired positions these trades followed a steep loss in technology holdings for situational awareness citadel executed nearly one hundred block trades valued at over four billion dollars,Citadel unloads over 80% of bets bought from Leopold Aschenbrenner s Situational Awareness. Ken Griffin's Citadel has sold over 80% of acquired positions. These trades followed a steep loss in technology holdings for Situational Awareness. Citadel executed nearly one hundred block trades valued at over four billion dollars.,4,0.8085106382978723,0.023864999999999997,0.0,0.01591,0.0,fear,fear,34.28405000000001,Fear
ART_521A56359F8C,2026-08-21,US stocks: US market rises on the day but falls for the week; bond yields and Iran in focus,"Major U.S. stock indexes finished Friday higher, but recorded weekly declines. Investors reacted to fluctuating government bond yields and Middle East developments. Stronger services sector growth offset manufacturing slowdowns, easing some investor concerns. Oil futures settled higher for a sixth consecutive day, adding to inflation worries. Upcoming economic data and Fed Chair's speech will guide future market movements.",Economic Times Markets,https://economictimes.indiatimes.com/markets/us-stocks/news/us-stocks-us-market-rises-on-the-day-but-falls-for-the-week-bond-yields-and-iran-in-focus/articleshow/133413493.cms,,markets,,RSS,False,,"US stocks: US market rises on the day but falls for the week; bond yields and Iran in focus. Major U.S. stock indexes finished Friday higher, but recorded weekly declines. Investors reacted to fluctuating government bond yields and Middle East developments. Stronger services sector growth offset manufacturing slowdowns, easing some investor concerns. Oil futures settled higher for a sixth consecutive day, adding to inflation worries. Upcoming economic data and Fed Chair's speech will guide future market movements.",77,us stocks us market rises on the day but falls for the week bond yields and iran in focus major u s stock indexes finished friday higher but recorded weekly declines investors reacted to fluctuating government bond yields and middle east developments stronger services sector growth offset manufacturing slowdowns easing some investor concerns oil futures settled higher for a sixth consecutive day adding to inflation worries upcoming economic data and fed chair s speech will guide future market movements,"US stocks: US market rises on the day but falls for the week; bond yields and Iran in focus. Major U.S. stock indexes finished Friday higher, but recorded weekly declines. Investors reacted to fluctuating government bond yields and Middle East developments. Stronger services sector growth offset manufacturing slowdowns, easing some investor concerns. Oil futures settled higher for a sixth consecutive day, adding to inflation worries. Upcoming economic data and Fed Chair's speech will guide future market movements.",8,0.8354430379746836,0.0,0.03404,0.25,0.25,uncertainty,uncertainty,41.0212,Neutral
ART_1719B52DFFC0,2026-08-21,"Taiwan's AI-fueled forecast of 11% GDP growth likely not sustainable, economists say","Taiwan's economic growth could moderate due to its vulnerability to risks of capex slowdown, macroeconomic downturns, and concentration in semiconductors.",CNBC Markets,https://www.cnbc.com/2026/08/21/taiwan-gdp-growth-outlook-tech-forecast.html,,markets,,RSS,False,,"Taiwan's AI-fueled forecast of 11% GDP growth likely not sustainable, economists say. Taiwan's economic growth could moderate due to its vulnerability to risks of capex slowdown, macroeconomic downturns, and concentration in semiconductors.",32,taiwan s ai fueled forecast of gdp growth likely not sustainable economists say taiwan s economic growth could moderate due to its vulnerability to risks of capex slowdown macroeconomic downturns and concentration in semiconductors,"Taiwan's AI-fueled forecast of 11% GDP growth likely not sustainable, economists say. Taiwan's economic growth could moderate due to its vulnerability to risks of capex slowdown, macroeconomic downturns, and concentration in semiconductors.",2,0.8529411764705882,0.1838235294117647,0.07207,1.0,1.0,uncertainty,uncertainty,53.48562941176471,Neutral
ART_821DB8368866,2026-08-21,Bessent says there's a 'very good chance' U.S. budget deficit under Trump has peaked,"Treasury Secretary Scott Bessent said Thursday that there's a ""very good chance"" of the U.S. has seen its budget deficit peak under President Donald Trump.",CNBC Markets,https://www.cnbc.com/2026/08/20/bessent-budget-deficit-trump.html,,markets,,RSS,False,,"Bessent says there's a 'very good chance' U.S. budget deficit under Trump has peaked. Treasury Secretary Scott Bessent said Thursday that there's a ""very good chance"" of the U.S. has seen its budget deficit peak under President Donald Trump.",39,bessent says there s a very good chance u s budget deficit under trump has peaked treasury secretary scott bessent said thursday that there s a very good chance of the u s has seen its budget deficit peak under president donald trump,"Bessent says there's a 'very good chance' U.S. budget deficit under Trump has peaked. Treasury Secretary Scott Bessent said Thursday that there's a ""very good chance"" of the U.S. has seen its budget deficit peak under President Donald Trump.",6,0.6511627906976745,0.0,0.312385,0.0,0.14955,greed,greed,49.6058,Neutral
ART_92A63A586185,2026-08-21,CNBC Daily Open: The 'Bessent Bid' wears off,"In a CNBC exclusive, U.S. Treasury Secretary Scott Bessent says he could expand a bond buyback plan, but yields march higher despite the extraordinary action.",CNBC Markets,https://www.cnbc.com/2026/08/21/cnbc-daily-open-the-bessent-bid-wares-off.html,,markets,,RSS,False,,"CNBC Daily Open: The 'Bessent Bid' wears off. In a CNBC exclusive, U.S. Treasury Secretary Scott Bessent says he could expand a bond buyback plan, but yields march higher despite the extraordinary action.",33,cnbc daily open the bessent bid wears off in a cnbc exclusive u s treasury secretary scott bessent says he could expand a bond buyback plan but yields march higher despite the extraordinary action,"CNBC Daily Open: The 'Bessent Bid' wears off. In a CNBC exclusive, U.S. Treasury Secretary Scott Bessent says he could expand a bond buyback plan, but yields march higher despite the extraordinary action.",4,0.8823529411764706,0.0,0.01591,0.25,0.023864999999999997,uncertainty,uncertainty,32.562575,Fear
ART_A10FDC7750D5,2026-08-21,Japan's historic yen intervention has ‘turbo-charged’ the carry trade,Japan's historic effort to prop up the yen may have had an unintended consequence: giving investors a better opportunity to put the carry trade back on.,CNBC Markets,https://www.cnbc.com/2026/08/20/us-japan-yen-intervention-bank-of-japan-carry-trade.html,,markets,,RSS,False,,Japan's historic yen intervention has ‘turbo-charged’ the carry trade. Japan's historic effort to prop up the yen may have had an unintended consequence: giving investors a better opportunity to put the carry trade back on.,35,japan s historic yen intervention has turbo charged the carry trade japan s historic effort to prop up the yen may have had an unintended consequence giving investors a better opportunity to put the carry trade back on,Japan's historic yen intervention has turbo-charged the carry trade. Japan's historic effort to prop up the yen may have had an unintended consequence: giving investors a better opportunity to put the carry trade back on.,2,0.7631578947368421,0.0,1.0,0.25,0.055725,greed,greed,63.20037500000001,Greed
ART_BFD87BB6A77C,2026-08-21,'Perfect storm' brews for global food supply this winter as grain prices soar,Fears over crop yields and farmers' ability to plant ahead of next year have come to the fore as wheat prices jump.,CNBC Markets,https://www.cnbc.com/2026/08/21/grain-price-russia-food-supply.html,,markets,,RSS,False,,'Perfect storm' brews for global food supply this winter as grain prices soar. Fears over crop yields and farmers' ability to plant ahead of next year have come to the fore as wheat prices jump.,35,perfect storm brews for global food supply this winter as grain prices soar fears over crop yields and farmers ability to plant ahead of next year have come to the fore as wheat prices jump,'Perfect storm' brews for global food supply this winter as grain prices soar. Fears over crop yields and farmers' ability to plant ahead of next year have come to the fore as wheat prices jump.,2,0.9142857142857143,0.25,1.0,0.0,0.16571999999999998,greed,greed,65.8002,Greed
ART_82FFCDE6632D,2026-08-21,"Labubu maker Pop Mart shares fall as key ex-China sales data drop, Citi cuts price target",Pop Mart shares fall after announcing first-half earnings.,CNBC Markets,https://www.cnbc.com/2026/08/21/labubu-maker-pop-mart-shares-fall-after-sales-drop-in-asia-americas-.html,,markets,,RSS,False,,"Labubu maker Pop Mart shares fall as key ex-China sales data drop, Citi cuts price target. Pop Mart shares fall after announcing first-half earnings.",24,labubu maker pop mart shares fall as key ex china sales data drop citi cuts price target pop mart shares fall after announcing first half earnings,"Labubu maker Pop Mart shares fall as key ex-China sales data drop, Citi cuts price target. Pop Mart shares fall after announcing first-half earnings.",2,0.8461538461538461,1.0,1.0,0.04098,0.0,fear,fear,44.3853,Neutral
ART_AD913B1A8DDA,2026-08-21,Goldman says hedge funds suffered worst underperformance vs S&P 500 in July in more than 20 years of data,Goldman says hedge funds suffered worst underperformance vs S&amp;P 500 in July in more than 20 years of data.,CNBC Markets,https://www.cnbc.com/2026/08/21/goldman-hedge-funds-historic-underperformance-sp500-degrossing.html,,markets,,RSS,False,,Goldman says hedge funds suffered worst underperformance vs S&P 500 in July in more than 20 years of data. Goldman says hedge funds suffered worst underperformance vs S&amp;P 500 in July in more than 20 years of data.,38,goldman says hedge funds suffered worst underperformance vs s p in july in more than years of data goldman says hedge funds suffered worst underperformance vs s amp p in july in more than years of data,Goldman says hedge funds suffered worst underperformance vs S P 500 in July in more than 20 years of data. Goldman says hedge funds suffered worst underperformance vs S amp;P 500 in July in more than 20 years of data.,2,0.4864864864864865,0.25211249999999996,0.0,1.0,0.0,uncertainty,uncertainty,14.95775,Extreme Fear
ART_1F359252A7C6,2026-08-21,Samsung plans up to $80 billion in shareholder returns after SK Hynix buyback,"Samsung Electronics plans shareholder returns totaling 90 trillion won to 110 trillion won, including about 30 trillion won in third-quarter cash dividends.",CNBC Markets,https://www.cnbc.com/2026/08/21/samsung-shareholder-return-package-sk-hynix-buyback-ai-chip-boom.html,,markets,,RSS,False,,"Samsung plans up to $80 billion in shareholder returns after SK Hynix buyback. Samsung Electronics plans shareholder returns totaling 90 trillion won to 110 trillion won, including about 30 trillion won in third-quarter cash dividends.",35,samsung plans up to billion in shareholder returns after sk hynix buyback samsung electronics plans shareholder returns totaling trillion won to trillion won including about trillion won in third quarter cash dividends,"Samsung plans up to $80 billion in shareholder returns after SK Hynix buyback. Samsung Electronics plans shareholder returns totaling 90 trillion won to 110 trillion won, including about 30 trillion won in third-quarter cash dividends.",2,0.6875,0.0,1.0,0.0,0.067665,greed,greed,67.36827500000001,Greed
ART_014E00D539BE,2026-08-21,Oil prices are little changed after Iran's president indicates Tehran wants war to end soon,"U.S. Treasury Secretary Scott Bessent told CNBC on Thursday that Washington will impose the ""toughest sanctions in history"" against Iran.",CNBC Markets,https://www.cnbc.com/2026/08/21/oil-prices-us-iran.html,,markets,,RSS,False,,"Oil prices are little changed after Iran's president indicates Tehran wants war to end soon. U.S. Treasury Secretary Scott Bessent told CNBC on Thursday that Washington will impose the ""toughest sanctions in history"" against Iran.",35,oil prices are little changed after iran s president indicates tehran wants war to end soon u s treasury secretary scott bessent told cnbc on thursday that washington will impose the toughest sanctions in history against iran,"Oil prices are little changed after Iran's president indicates Tehran wants war to end soon. U.S. Treasury Secretary Scott Bessent told CNBC on Thursday that Washington will impose the ""toughest sanctions in history"" against Iran.",4,0.9459459459459459,0.185925,0.0,0.12395000000000002,0.0,fear,fear,29.42225,Fear
ART_E394B2CFDEFC,2026-08-21,Bitcoin surges 22% for the week as investor optimism floods back,The flagship digital currency has enjoyed a strong week boosted by several contributing factors.,CNBC Markets,https://www.cnbc.com/2026/08/21/bitcoin-gain-cryptocurrency-investors-optimistic.html,,markets,,RSS,False,,Bitcoin surges 22% for the week as investor optimism floods back. The flagship digital currency has enjoyed a strong week boosted by several contributing factors.,25,bitcoin surges for the week as investor optimism floods back the flagship digital currency has enjoyed a strong week boosted by several contributing factors,Bitcoin surges 22% for the week as investor optimism floods back. The flagship digital currency has enjoyed a strong week boosted by several contributing factors.,2,0.9166666666666666,0.0,0.127275,0.0,1.0,optimism,optimism,73.81825,Greed
ART_EB6DB4DF3ABB,2026-08-21,Banks ride RBI swap wave to raise $12 billion via overseas debt,"This week was the busiest for forex debt issuance by Indian lenders. ICICI Bank, Kotak Mahindra Bank, IDFC First Bank, HDFC Bank and Bank of Baroda together raised a massive $4.4 billion, and the bulk of the proceeds may be used to help fund the leverage for foreign currency non-resident (bank) [FCNR (B)] deposits.",Economic Times Markets,https://economictimes.indiatimes.com/markets/bonds/banks-ride-rbi-swap-wave-to-raise-12-billion-via-overseas-debt/articleshow/133415906.cms,,markets,,RSS,False,,"Banks ride RBI swap wave to raise $12 billion via overseas debt. This week was the busiest for forex debt issuance by Indian lenders. ICICI Bank, Kotak Mahindra Bank, IDFC First Bank, HDFC Bank and Bank of Baroda together raised a massive $4.4 billion, and the bulk of the proceeds may be used to help fund the leverage for foreign currency non-resident (bank) [FCNR (B)] deposits.",66,banks ride rbi swap wave to raise billion via overseas debt this week was the busiest for forex debt issuance by indian lenders icici bank kotak mahindra bank idfc first bank hdfc bank and bank of baroda together raised a massive billion and the bulk of the proceeds may be used to help fund the leverage for foreign currency non resident bank fcnr b deposits,"Banks ride RBI swap wave to raise $12 billion via overseas debt. This week was the busiest for forex debt issuance by Indian lenders. ICICI Bank, Kotak Mahindra Bank, IDFC First Bank, HDFC Bank and Bank of Baroda together raised a massive $4.4 billion, and the bulk of the proceeds may be used to help fund the leverage for foreign currency non-resident (bank) FCNR (B) deposits.",4,0.7846153846153846,0.10513499999999999,0.0,0.26239769230769233,0.0,uncertainty,uncertainty,28.961334615384622,Fear
ART_A223FA605F97,2026-08-21,"Market wrap:  Kotak Mahindra Bank, Power Grid, Maruti Suzuki, Trent top gainers and losers on Nifty and Sensex on Friday","Indian equity benchmarks ended largely flat on Friday, extending gains for a second straight session despite Middle East uncertainties. Power Grid, HDFC Life and Kotak Mahindra Bank led the gainers, while Maruti Suzuki, Trent and HCL Tech were among the top losers. Broader markets outperformed with positive market breadth.",Economic Times Markets,https://economictimes.indiatimes.com/markets/stocks/news/market-wrap-kotak-mahindra-bank-power-grid-maruti-suzuki-trent-top-gainers-and-losers-on-nifty-and-sensex-on-friday/articleshow/133402032.cms,,markets,,RSS,False,,"Market wrap:  Kotak Mahindra Bank, Power Grid, Maruti Suzuki, Trent top gainers and losers on Nifty and Sensex on Friday. Indian equity benchmarks ended largely flat on Friday, extending gains for a second straight session despite Middle East uncertainties. Power Grid, HDFC Life and Kotak Mahindra Bank led the gainers, while Maruti Suzuki, Trent and HCL Tech were among the top losers. Broader markets outperformed with positive market breadth.",69,market wrap kotak mahindra bank power grid maruti suzuki trent top gainers and losers on nifty and sensex on friday indian equity benchmarks ended largely flat on friday extending gains for a second straight session despite middle east uncertainties power grid hdfc life and kotak mahindra bank led the gainers while maruti suzuki trent and hcl tech were among the top losers broader markets outperformed with positive market breadth,"Market wrap: Kotak Mahindra Bank, Power Grid, Maruti Suzuki, Trent top gainers and losers on Nifty and Sensex on Friday. Indian equity benchmarks ended largely flat on Friday, extending gains for a second straight session despite Middle East uncertainties. Power Grid, HDFC Life and Kotak Mahindra Bank led the gainers, while Maruti Suzuki, Trent and HCL Tech were among the top losers. Broader markets outperformed with positive market breadth.",4,0.7246376811594203,0.0,1.0,0.18115942028985507,0.23765692028985508,greed,greed,70.60060090579711,Greed
ART_3A165CFEE5BB,2026-08-21,Shanti Gold among 7 consumer discretionary stocks that hit 52-week highs and surged up to 37% in a month,"Seven stocks from the BSE Consumer Discretionary Index hit fresh 52-week highs despite a largely flat Sensex. Baazar Style Retail, Menon Bearings, Shanti Gold International, Lenskart Solutions and others recorded strong monthly gains, signalling sustained investor interest and improving sentiment across select consumer stocks.",Economic Times Markets,https://economictimes.indiatimes.com/markets/stocks/news/shanti-gold-among-7-consumer-discretionary-stocks-that-hit-52-week-highs-and-surged-up-to-37-in-a-month/slideshow/133404296.cms,,markets,,RSS,False,,"Shanti Gold among 7 consumer discretionary stocks that hit 52-week highs and surged up to 37% in a month. Seven stocks from the BSE Consumer Discretionary Index hit fresh 52-week highs despite a largely flat Sensex. Baazar Style Retail, Menon Bearings, Shanti Gold International, Lenskart Solutions and others recorded strong monthly gains, signalling sustained investor interest and improving sentiment across select consumer stocks.",63,shanti gold among consumer discretionary stocks that hit week highs and surged up to in a month seven stocks from the bse consumer discretionary index hit fresh week highs despite a largely flat sensex baazar style retail menon bearings shanti gold international lenskart solutions and others recorded strong monthly gains signalling sustained investor interest and improving sentiment across select consumer stocks,"Shanti Gold among 7 consumer discretionary stocks that hit 52-week highs and surged up to 37% in a month. Seven stocks from the BSE Consumer Discretionary Index hit fresh 52-week highs despite a largely flat Sensex. Baazar Style Retail, Menon Bearings, Shanti Gold International, Lenskart Solutions and others recorded strong monthly gains, signalling sustained investor interest and improving sentiment across select consumer stocks.",3,0.7868852459016393,0.0,1.0,0.0,0.25,greed,greed,73.75,Greed
ART_052671A4E4C5,2026-08-21,"US stocks rise, even as the bond market applies more pressure",,Yahoo Finance,https://finance.yahoo.com/markets/world-indices/articles/asian-shares-mixed-following-wall-044644162.html,,finance,,RSS,False,,"US stocks rise, even as the bond market applies more pressure.",11,us stocks rise even as the bond market applies more pressure,"US stocks rise, even as the bond market applies more pressure.",1,1.0,0.10791,0.0,0.07194,0.0,fear,fear,31.762700000000006,Fear
ART_56D950B3F944,2026-08-21,"Shankesh Jewellers IPO allotment to be finalised today. Latest GMP, step-by-step guide to check status","Shankesh Jewellers IPO allotment will be finalised on 21 August, with a subscription status of 2.80 times. The estimated listing price is  ₹98, reflecting a 5.38% premium over the IPO price of  ₹93. Refunds for non-allottees start on 24 August.",Mint Markets,https://www.livemint.com/market/ipo/shankesh-jewellers-ipo-allotment-to-be-finalised-today-latest-gmp-step-by-step-guide-to-check-status-11787292795443.html,,markets,,RSS,False,,"Shankesh Jewellers IPO allotment to be finalised today. Latest GMP, step-by-step guide to check status. Shankesh Jewellers IPO allotment will be finalised on 21 August, with a subscription status of 2.80 times. The estimated listing price is  ₹98, reflecting a 5.38% premium over the IPO price of  ₹93. Refunds for non-allottees start on 24 August.",55,shankesh jewellers ipo allotment to be finalised today latest gmp step by step guide to check status shankesh jewellers ipo allotment will be finalised on august with a subscription status of times the estimated listing price is reflecting a premium over the ipo price of refunds for non allottees start on august,"Shankesh Jewellers IPO allotment to be finalised today. Latest GMP, step-by-step guide to check status. Shankesh Jewellers IPO allotment will be finalised on 21 August, with a subscription status of 2.80 times. The estimated listing price is 98, reflecting a 5.38% premium over the IPO price of 93. Refunds for non-allottees start on 24 August.",7,0.6923076923076923,0.0,1.0,0.0,0.0,greed,greed,65.0,Greed
ART_380503AE149A,2026-08-21,Vedanta Aluminium dividend: Did you check bank account? Anil Agarwal's company starts crediting stock rewards,"Vedanta Aluminium dividend: Under Section 123 of the Companies Act, 2013, the declared dividend must be credited in the beneficiary shareholder's bank account within 30 days of the stock reward announcement",Mint Markets,https://www.livemint.com/market/stock-market-news/vedanta-aluminium-dividend-did-you-check-bank-account-anil-agarwals-company-starts-crediting-stock-rewards-11787293202890.html,,markets,,RSS,False,,"Vedanta Aluminium dividend: Did you check bank account? Anil Agarwal's company starts crediting stock rewards. Vedanta Aluminium dividend: Under Section 123 of the Companies Act, 2013, the declared dividend must be credited in the beneficiary shareholder's bank account within 30 days of the stock reward announcement",46,vedanta aluminium dividend did you check bank account anil agarwal s company starts crediting stock rewards vedanta aluminium dividend under section of the companies act the declared dividend must be credited in the beneficiary shareholder s bank account within days of the stock reward announcement,"Vedanta Aluminium dividend: Did you check bank account? Anil Agarwal's company starts crediting stock rewards. Vedanta Aluminium dividend: Under Section 123 of the Companies Act, 2013, the declared dividend must be credited in the beneficiary shareholder's bank account within 30 days of the stock reward announcement",2,0.7333333333333333,0.0,0.335785,0.0,0.19757249999999998,greed,greed,51.98858750000001,Neutral
ART_2967921ED4C3,2026-08-21,"In a bullish signal, market tiptoes to higher highs and higher lows","The Nifty 50 has formed a series of higher highs and higher lows since its April low, showing resilience despite rising crude prices, geopolitical tensions and heavy FII selling.",Mint Markets,https://www.livemint.com/market/stock-market-news/niftys-higher-highs-offer-a-bullish-signal-amid-global-turmoil-11787283025704.html,,markets,,RSS,False,,"In a bullish signal, market tiptoes to higher highs and higher lows. The Nifty 50 has formed a series of higher highs and higher lows since its April low, showing resilience despite rising crude prices, geopolitical tensions and heavy FII selling.",41,in a bullish signal market tiptoes to higher highs and higher lows the nifty has formed a series of higher highs and higher lows since its april low showing resilience despite rising crude prices geopolitical tensions and heavy fii selling,"In a bullish signal, market tiptoes to higher highs and higher lows. The Nifty 50 has formed a series of higher highs and higher lows since its April low, showing resilience despite rising crude prices, geopolitical tensions and heavy FII selling.",2,0.8,0.05889,1.0,0.03926,1.0,greed,greed,98.2333,Extreme Greed
ART_4B4FE0F7B750,2026-08-21,Physicswallah’s next test: Turning NEET recovery into growth,"Physicswallah’s Q1 growth held up despite NEET disruption, but weak offline profitability remains a drag. A strong recovery in enrolments and collections will be key to meeting FY27 guidance.",Mint Markets,https://www.livemint.com/market/mark-to-market/physicswallah-share-price-stock-physicswallah-q1fy27-neet-disruption-11787290252095.html,,markets,,RSS,False,,"Physicswallah’s next test: Turning NEET recovery into growth. Physicswallah’s Q1 growth held up despite NEET disruption, but weak offline profitability remains a drag. A strong recovery in enrolments and collections will be key to meeting FY27 guidance.",37,physicswallah s next test turning neet recovery into growth physicswallah s q growth held up despite neet disruption but weak offline profitability remains a drag a strong recovery in enrolments and collections will be key to meeting fy guidance,"Physicswallah s next test: Turning NEET recovery into growth. Physicswallah s Q1 growth held up despite NEET disruption, but weak offline profitability remains a drag. A strong recovery in enrolments and collections will be key to meeting FY27 guidance.",3,0.8461538461538461,0.25,0.08284,0.0,1.0,optimism,optimism,67.4852,Greed
ART_95A0C0B519CE,2026-08-21,Horizon Industrial Parks IPO: Shares to debut on Monday; GMP signals modest listing gains,"According to grey market sources, the grey market premium (GMP) of Horizon Industrial Parks shares on Friday morning was  ₹3.4.&amp;nbsp;",Mint Markets,https://www.livemint.com/market/ipo/horizon-industrial-parks-ipo-shares-to-debut-on-monday-gmp-signals-modest-listing-gains-11787293088068.html,,markets,,RSS,False,,"Horizon Industrial Parks IPO: Shares to debut on Monday; GMP signals modest listing gains. According to grey market sources, the grey market premium (GMP) of Horizon Industrial Parks shares on Friday morning was  ₹3.4.&amp;nbsp;",34,horizon industrial parks ipo shares to debut on monday gmp signals modest listing gains according to grey market sources the grey market premium gmp of horizon industrial parks shares on friday morning was amp nbsp,"Horizon Industrial Parks IPO: Shares to debut on Monday; GMP signals modest listing gains. According to grey market sources, the grey market premium (GMP) of Horizon Industrial Parks shares on Friday morning was 3.4. amp;nbsp;",3,0.7428571428571429,0.0,1.0,0.0,0.1805475,greed,greed,71.3191625,Greed
ART_DBACE6EB5059,2026-08-21,"For city gas distributors, policy support is short-term relief, at best","A new government scheme could lift margins for city gas distributors, but the benefit is one-off as high gas costs and policy uncertainty continue to weigh on the sector.",Mint Markets,https://www.livemint.com/market/mark-to-market/for-city-gas-distributors-policy-support-is-short-term-relief-at-best-11787289999889.html,,markets,,RSS,False,,"For city gas distributors, policy support is short-term relief, at best. A new government scheme could lift margins for city gas distributors, but the benefit is one-off as high gas costs and policy uncertainty continue to weigh on the sector.",40,for city gas distributors policy support is short term relief at best a new government scheme could lift margins for city gas distributors but the benefit is one off as high gas costs and policy uncertainty continue to weigh on the sector,"For city gas distributors, policy support is short-term relief, at best. A new government scheme could lift margins for city gas distributors, but the benefit is one-off as high gas costs and policy uncertainty continue to weigh on the sector.",2,0.8095238095238095,0.0,0.16878,0.25,0.25317,optimism,optimism,45.174350000000004,Neutral
ART_10AA51425F6D,2026-08-21,80% rally in YTD! Ratnaveer Precision Engineering declares rights issue worth  ₹330 crore,"Ratnaveer Precision Engineering approved a  ₹330 crore rights issue with 1,24,99,669 equity shares at  ₹264 each. The funds will support growth initiatives, including a key Copper Clad Laminate project aimed for commercial production by November 2026.",Mint Markets,https://www.livemint.com/market/stock-market-news/80-rally-in-ytd-ratnaveer-precision-engineering-declares-rights-issue-worth-rs-330-crore-11787296981659.html,,markets,,RSS,False,,"80% rally in YTD! Ratnaveer Precision Engineering declares rights issue worth  ₹330 crore. Ratnaveer Precision Engineering approved a  ₹330 crore rights issue with 1,24,99,669 equity shares at  ₹264 each. The funds will support growth initiatives, including a key Copper Clad Laminate project aimed for commercial production by November 2026.",49,rally in ytd ratnaveer precision engineering declares rights issue worth crore ratnaveer precision engineering approved a crore rights issue with equity shares at each the funds will support growth initiatives including a key copper clad laminate project aimed for commercial production by november,"80% rally in YTD! Ratnaveer Precision Engineering declares rights issue worth 330 crore. Ratnaveer Precision Engineering approved a 330 crore rights issue with 1,24,99,669 equity shares at 264 each. The funds will support growth initiatives, including a key Copper Clad Laminate project aimed for commercial production by November 2026.",4,0.8372093023255814,0.0,1.0,0.0,0.316195,greed,greed,76.06682500000001,Greed
ART_8DD5A7B89AF0,2026-08-21,Penny stock under Re 1 hits 5% upper circuit despite muted trends on Dalal Street,Penny stock under Re 1 has been hitting upper circuit for the last 12 straight sessions,Mint Markets,https://www.livemint.com/market/stock-market-news/penny-stock-under-re-1-hits-5-upper-circuit-despite-muted-trends-on-dalal-street-11787297269886.html,,markets,,RSS,False,,Penny stock under Re 1 hits 5% upper circuit despite muted trends on Dalal Street. Penny stock under Re 1 has been hitting upper circuit for the last 12 straight sessions,31,penny stock under re hits upper circuit despite muted trends on dalal street penny stock under re has been hitting upper circuit for the last straight sessions,Penny stock under Re 1 hits 5% upper circuit despite muted trends on Dalal Street. Penny stock under Re 1 has been hitting upper circuit for the last 12 straight sessions,1,0.7777777777777778,0.0,0.011315,0.0,0.016972499999999998,optimism,optimism,35.933487500000005,Fear
ART_967974245AF5,2026-08-21,"Mortgage and refinance interest rates today, Friday, August 21, 2026: Rates stand on high ground despite bond market buybacks",,Yahoo Finance,https://finance.yahoo.com/personal-finance/mortgages/article/mortgage-and-refinance-interest-rates-today-friday-august-21-2026-rates-stand-on-high-ground-despite-bond-market-buybacks-100000222.html,,finance,,RSS,False,,"Mortgage and refinance interest rates today, Friday, August 21, 2026: Rates stand on high ground despite bond market buybacks.",19,mortgage and refinance interest rates today friday august rates stand on high ground despite bond market buybacks,"Mortgage and refinance interest rates today, Friday, August 21, 2026: Rates stand on high ground despite bond market buybacks.",1,0.9411764705882353,0.0,0.09176000000000001,0.0,0.13763999999999998,optimism,optimism,42.5702,Neutral
ART_3B0AF9836017,2026-08-21,Lalithaa Jewellery IPO listing share price prediction: What latest GMP hints at,"Lalithaa Jewellery GMP: Lalithaa Jewellery's stock is set to debut on August 24, anticipating a listing at  ₹260, a premium of 29.35% from the IPO price.&amp;nbsp;",Mint Markets,https://www.livemint.com/market/ipo/lalithaa-jewellery-ipo-listing-share-price-prediction-what-latest-gmp-hints-at-11787302031455.html,,markets,,RSS,False,,"Lalithaa Jewellery IPO listing share price prediction: What latest GMP hints at. Lalithaa Jewellery GMP: Lalithaa Jewellery's stock is set to debut on August 24, anticipating a listing at  ₹260, a premium of 29.35% from the IPO price.&amp;nbsp;",38,lalithaa jewellery ipo listing share price prediction what latest gmp hints at lalithaa jewellery gmp lalithaa jewellery s stock is set to debut on august anticipating a listing at a premium of from the ipo price amp nbsp,"Lalithaa Jewellery IPO listing share price prediction: What latest GMP hints at. Lalithaa Jewellery GMP: Lalithaa Jewellery's stock is set to debut on August 24, anticipating a listing at 260, a premium of 29.35% from the IPO price. amp;nbsp;",3,0.7368421052631579,0.0,1.0,0.0,0.08879999999999999,greed,greed,68.108,Greed
ART_0A4784750FCE,2026-08-21,Gaja Alternative IPO listing share price prediction: What latest GMP signals,"The Gaja Alternative IPO, priced at  ₹152– ₹160, opened on 19 August and closes on 21 August. The listing is set for 26 August, currently showing a subscription of 16.57x and a GMP of +14.",Mint Markets,https://www.livemint.com/market/ipo/gaja-alternative-ipo-listing-share-price-prediction-what-latest-gmp-signals-11787302520712.html,,markets,,RSS,False,,"Gaja Alternative IPO listing share price prediction: What latest GMP signals. The Gaja Alternative IPO, priced at  ₹152– ₹160, opened on 19 August and closes on 21 August. The listing is set for 26 August, currently showing a subscription of 16.57x and a GMP of +14.",46,gaja alternative ipo listing share price prediction what latest gmp signals the gaja alternative ipo priced at opened on august and closes on august the listing is set for august currently showing a subscription of x and a gmp of,"Gaja Alternative IPO listing share price prediction: What latest GMP signals. The Gaja Alternative IPO, priced at 152 160, opened on 19 August and closes on 21 August. The listing is set for 26 August, currently showing a subscription of 16.57x and a GMP of 14.",4,0.7,0.0,1.0,0.0,0.08879999999999999,greed,greed,68.108,Greed
ART_7CA993508246,2026-08-21,SAIL dividend 2026: Maharatna PSU declares record date for final dividend,SAIL dividend 2026: Maharatha PSU stock had declared  ₹2.35 per share final dividend payable in the financial year 2025-26,Mint Markets,https://www.livemint.com/market/stock-market-news/maharatna-psu-stock-sail-declares-record-date-for-final-dividend-in-fy26-11787303082467.html,,markets,,RSS,False,,SAIL dividend 2026: Maharatna PSU declares record date for final dividend. SAIL dividend 2026: Maharatha PSU stock had declared  ₹2.35 per share final dividend payable in the financial year 2025-26,30,sail dividend maharatna psu declares record date for final dividend sail dividend maharatha psu stock had declared per share final dividend payable in the financial year,SAIL dividend 2026: Maharatna PSU declares record date for final dividend. SAIL dividend 2026: Maharatha PSU stock had declared 2.35 per share final dividend payable in the financial year 2025-26,2,0.7692307692307693,0.0,1.0,0.0,0.022199999999999998,greed,greed,65.777,Greed
ART_DE94ED9B1E5F,2026-08-21,"Hyundai considers Georgia Metaplant expansion to 800,000 units",,Yahoo Finance,https://finance.yahoo.com/economy/policy/articles/hyundai-considers-georgia-metaplant-expansion-112106415.html,,finance,,RSS,False,,"Hyundai considers Georgia Metaplant expansion to 800,000 units.",8,hyundai considers georgia metaplant expansion to units,"Hyundai considers Georgia Metaplant expansion to 800,000 units.",1,1.0,0.0,0.0,0.0,1.0,optimism,optimism,70.0,Greed
ART_4E3F94CF88A4,2026-08-21,"Sensex, Nifty 50 end flat, extend losses for second consecutive week","The Sensex ended 3 points up at 77,540.83, while the Nifty 50 settled 20 points, or 0.08%, higher at 24,252. For the week, the 30-share pack slipped 0.60%, while the Nifty 50 declined 0.50%.",Mint Markets,https://www.livemint.com/market/stock-market-news/sensex-nifty-50-end-flat-amid-elevated-oil-prices-us-iran-stalled-talks-infosys-sbi-among-top-drags-11787305978312.html,,markets,,RSS,False,,"Sensex, Nifty 50 end flat, extend losses for second consecutive week. The Sensex ended 3 points up at 77,540.83, while the Nifty 50 settled 20 points, or 0.08%, higher at 24,252. For the week, the 30-share pack slipped 0.60%, while the Nifty 50 declined 0.50%.",45,sensex nifty end flat extend losses for second consecutive week the sensex ended points up at while the nifty settled points or higher at for the week the share pack slipped while the nifty declined,"Sensex, Nifty 50 end flat, extend losses for second consecutive week. The Sensex ended 3 points up at 77,540.83, while the Nifty 50 settled 20 points, or 0.08%, higher at 24,252. For the week, the 30-share pack slipped 0.60%, while the Nifty 50 declined 0.50%.",7,0.6571428571428571,1.0,0.067055,0.0,0.10058249999999999,fear,fear,20.532037499999998,Fear
ART_EA1AFB2A3427,2026-08-21,Penny stock under  ₹10 hits 20% upper circuit despite weak trend on Dalal Street,"The stock ended higher for the second consecutive week. On the other hand, market benchmark Sensex ended flat on Friday, extending losses for the second consecutive week.",Mint Markets,https://www.livemint.com/market/stock-market-news/penny-stock-under-10-nandan-denim-hits-20-upper-circuit-despite-weak-trend-on-dalal-street-11787309517444.html,,markets,,RSS,False,,"Penny stock under  ₹10 hits 20% upper circuit despite weak trend on Dalal Street. The stock ended higher for the second consecutive week. On the other hand, market benchmark Sensex ended flat on Friday, extending losses for the second consecutive week.",41,penny stock under hits upper circuit despite weak trend on dalal street the stock ended higher for the second consecutive week on the other hand market benchmark sensex ended flat on friday extending losses for the second consecutive week,"Penny stock under 10 hits 20% upper circuit despite weak trend on Dalal Street. The stock ended higher for the second consecutive week. On the other hand, market benchmark Sensex ended flat on Friday, extending losses for the second consecutive week.",3,0.717948717948718,1.0,0.07326,0.0,0.10988999999999999,fear,fear,21.04395,Fear
ART_6A5C4A0D24DB,2026-08-21,US stock market today: Wall Street futures rebound from bond yield-driven sell-off,"US stock futures rose on 20 August as Wall Street sought to recover from a previous sell-off due to rising Treasury yields. The S&amp;amp;P 500 and Dow Jones futures each gained 0.3%, while Nasdaq-100 futures increased 0.6%, despite concerns over inflation and national debt.",Mint Markets,https://www.livemint.com/market/stock-market-news/us-stock-market-today-wall-street-futures-rebound-from-bond-yield-driven-selloff-11787310418240.html,,markets,,RSS,False,,"US stock market today: Wall Street futures rebound from bond yield-driven sell-off. US stock futures rose on 20 August as Wall Street sought to recover from a previous sell-off due to rising Treasury yields. The S&amp;amp;P 500 and Dow Jones futures each gained 0.3%, while Nasdaq-100 futures increased 0.6%, despite concerns over inflation and national debt.",56,us stock market today wall street futures rebound from bond yield driven sell off us stock futures rose on august as wall street sought to recover from a previous sell off due to rising treasury yields the s amp amp p and dow jones futures each gained while nasdaq futures increased despite concerns over inflation and national debt,"US stock market today: Wall Street futures rebound from bond yield-driven sell-off. US stock futures rose on 20 August as Wall Street sought to recover from a previous sell-off due to rising Treasury yields. The S amp;amp;P 500 and Dow Jones futures each gained 0.3%, while Nasdaq-100 futures increased 0.6%, despite concerns over inflation and national debt.",5,0.7758620689655172,0.0,0.25,0.21551724137931033,1.0,optimism,optimism,74.26724137931035,Greed
ART_A0187BFF4E8C,2026-08-21,Saatvik Green Energy shares post biggest 1-day gain in over a month on  ₹190 crore order win,"Shares of Saatvik Green Energy rose 4.5% to  ₹419 after winning a  ₹190 crore solar PV module order, marking its largest gain in over a month. Despite recent volatility, the stock has rebounded 22% from March lows but remains below its issue price.",Mint Markets,https://www.livemint.com/market/stock-market-news/saatvik-green-energy-shares-post-biggest-1-day-gain-in-over-a-month-on-rs-190-crore-order-win-11787310393835.html,,markets,,RSS,False,,"Saatvik Green Energy shares post biggest 1-day gain in over a month on  ₹190 crore order win. Shares of Saatvik Green Energy rose 4.5% to  ₹419 after winning a  ₹190 crore solar PV module order, marking its largest gain in over a month. Despite recent volatility, the stock has rebounded 22% from March lows but remains below its issue price.",60,saatvik green energy shares post biggest day gain in over a month on crore order win shares of saatvik green energy rose to after winning a crore solar pv module order marking its largest gain in over a month despite recent volatility the stock has rebounded from march lows but remains below its issue price,"Saatvik Green Energy shares post biggest 1-day gain in over a month on 190 crore order win. Shares of Saatvik Green Energy rose 4.5% to 419 after winning a 190 crore solar PV module order, marking its largest gain in over a month. Despite recent volatility, the stock has rebounded 22% from March lows but remains below its issue price.",4,0.7636363636363637,0.0,0.38327500000000003,0.22727272727272727,0.44991249999999994,optimism,optimism,58.836096590909094,Neutral
ART_278EB48729C0,2026-08-21,Pulse of the Street: Cyclicals buck weak market as FPI inflows hit 23-month high,"The Sensex ended the week down 0.6%, while the Nifty declined 0.5%.",Mint Markets,https://www.livemint.com/market/stock-market-news/pulse-of-the-street-cyclicals-buck-weak-market-as-fpi-inflows-hit-23-month-high-11787315061912.html,,markets,,RSS,False,,"Pulse of the Street: Cyclicals buck weak market as FPI inflows hit 23-month high. The Sensex ended the week down 0.6%, while the Nifty declined 0.5%.",26,pulse of the street cyclicals buck weak market as fpi inflows hit month high the sensex ended the week down while the nifty declined,"Pulse of the Street: Cyclicals buck weak market as FPI inflows hit 23-month high. The Sensex ended the week down 0.6%, while the Nifty declined 0.5%.",4,0.875,1.0,0.0,0.06864,1.0,fear,fear,48.9704,Neutral
ART_9C158A9ACF18,2026-08-21,"Sebi proposes bond distributor network, tighter ad rules to deepen retail participation","Sebi's model draws on the experience of mutual fund distributors, who have helped expand mutual fund penetration beyond major urban centres.",Mint Markets,https://www.livemint.com/market/sebi-bond-distributor-network-ad-rules-retail-participation-mutual-fund-11787316933242.html,,markets,,RSS,False,,"Sebi proposes bond distributor network, tighter ad rules to deepen retail participation. Sebi's model draws on the experience of mutual fund distributors, who have helped expand mutual fund penetration beyond major urban centres.",33,sebi proposes bond distributor network tighter ad rules to deepen retail participation sebi s model draws on the experience of mutual fund distributors who have helped expand mutual fund penetration beyond major urban centres,"Sebi proposes bond distributor network, tighter ad rules to deepen retail participation. Sebi's model draws on the experience of mutual fund distributors, who have helped expand mutual fund penetration beyond major urban centres.",2,0.9117647058823529,0.0,0.01591,0.0,0.023864999999999997,optimism,optimism,36.312575,Fear
ART_F29E7B8B7AB9,2026-08-21,"US stocks surge as bond market volatility eases, crypto stocks rally","As of 10:45 a.m. Eastern Time, the S&amp;amp;P 500 rose 0.3%, the Dow Jones Industrial Average was up 0.6%, and the Nasdaq Composite was 0.2% higher.",Mint Markets,https://www.livemint.com/market/stock-market-news/us-stocks-surge-as-bond-market-volatility-eases-11787319906181.html,,markets,,RSS,False,,"US stocks surge as bond market volatility eases, crypto stocks rally. As of 10:45 a.m. Eastern Time, the S&amp;amp;P 500 rose 0.3%, the Dow Jones Industrial Average was up 0.6%, and the Nasdaq Composite was 0.2% higher.",37,us stocks surge as bond market volatility eases crypto stocks rally as of a m eastern time the s amp amp p rose the dow jones industrial average was up and the nasdaq composite was higher,"US stocks surge as bond market volatility eases, crypto stocks rally. As of 10:45 a.m. Eastern Time, the S amp;amp;P 500 rose 0.3%, the Dow Jones Industrial Average was up 0.6%, and the Nasdaq Composite was 0.2% higher.",7,0.8333333333333334,0.0,1.0,1.0,0.09545999999999999,greed,greed,53.34110000000001,Neutral
ART_ED03D8C15E6E,2026-08-21,"Symbiotec Pharmalab IPO: Price band, lot size, GMP, listing date and other key details","Symbiotec Pharmalab is launching its IPO on August 24, aiming to raise  ₹1,757 crore at a price band of  ₹938– ₹988 per share. The offering will be open until August 27, with a minimum investment of  ₹14,820 for retail investors.",Mint Markets,https://www.livemint.com/market/ipo/symbiotec-pharmalab-ipo-price-band-lot-size-gmp-listing-date-and-other-key-details-11787319352853.html,,markets,,RSS,False,,"Symbiotec Pharmalab IPO: Price band, lot size, GMP, listing date and other key details. Symbiotec Pharmalab is launching its IPO on August 24, aiming to raise  ₹1,757 crore at a price band of  ₹938– ₹988 per share. The offering will be open until August 27, with a minimum investment of  ₹14,820 for retail investors.",54,symbiotec pharmalab ipo price band lot size gmp listing date and other key details symbiotec pharmalab is launching its ipo on august aiming to raise crore at a price band of per share the offering will be open until august with a minimum investment of for retail investors,"Symbiotec Pharmalab IPO: Price band, lot size, GMP, listing date and other key details. Symbiotec Pharmalab is launching its IPO on August 24, aiming to raise 1,757 crore at a price band of 938 988 per share. The offering will be open until August 27, with a minimum investment of 14,820 for retail investors.",3,0.8333333333333334,0.0,1.0,0.0,0.25,greed,greed,73.75,Greed
ART_A999A5847FE7,2026-08-21,Crude oil prices head for second weekly gain as US steps up economic pressure on Iran,"Crude oil prices are set for a second weekly gain, driven by US sanctions on Iran aimed at economic isolation. Brent crude prices surpassed $94.71 per barrel, marking their highest in a month, as traders await details on this initiative amid escalating conflict in the Middle East.",Mint Markets,https://www.livemint.com/market/commodities/crude-oil-prices-head-for-second-weekly-gain-as-us-steps-up-economic-pressure-on-iran-11787327365673.html,,markets,,RSS,False,,"Crude oil prices head for second weekly gain as US steps up economic pressure on Iran. Crude oil prices are set for a second weekly gain, driven by US sanctions on Iran aimed at economic isolation. Brent crude prices surpassed $94.71 per barrel, marking their highest in a month, as traders await details on this initiative amid escalating conflict in the Middle East.",63,crude oil prices head for second weekly gain as us steps up economic pressure on iran crude oil prices are set for a second weekly gain driven by us sanctions on iran aimed at economic isolation brent crude prices surpassed per barrel marking their highest in a month as traders await details on this initiative amid escalating conflict in the middle east,"Crude oil prices head for second weekly gain as US steps up economic pressure on Iran. Crude oil prices are set for a second weekly gain, driven by US sanctions on Iran aimed at economic isolation. Brent crude prices surpassed $94.71 per barrel, marking their highest in a month, as traders await details on this initiative amid escalating conflict in the Middle East.",4,0.7258064516129032,0.14711249999999998,0.0,0.09807500000000001,0.0,fear,fear,30.586625000000005,Fear
ART_3D207D6F5B3A,2026-08-21,Allspring’s Miletti Sees Jackson Hole as Bigger Risk Than Nvidia,Allspring Global Investments’ Ann Miletti said Wall Street has more to worry about from next week’s Jackson Hole economic symposium than earnings from AI bellwether Nvidia Corp.,Mint Markets,https://www.livemint.com/market/allsprings-miletti-sees-jackson-hole-as-bigger-risk-than-nvidia-11787337053320.html,,markets,,RSS,False,,Allspring’s Miletti Sees Jackson Hole as Bigger Risk Than Nvidia. Allspring Global Investments’ Ann Miletti said Wall Street has more to worry about from next week’s Jackson Hole economic symposium than earnings from AI bellwether Nvidia Corp.,37,allspring s miletti sees jackson hole as bigger risk than nvidia allspring global investments ann miletti said wall street has more to worry about from next week s jackson hole economic symposium than earnings from ai bellwether nvidia corp,Allspring s Miletti Sees Jackson Hole as Bigger Risk Than Nvidia. Allspring Global Investments Ann Miletti said Wall Street has more to worry about from next week s Jackson Hole economic symposium than earnings from AI bellwether Nvidia Corp.,2,0.7948717948717948,0.1099275,0.0,1.0,0.0,uncertainty,uncertainty,17.801450000000003,Extreme Fear
ART_9C1D59FFFB4D,2026-08-21,Week of Whiplash in Treasuries Is Closing With Muddied Outlook,"After a turbulent stretch for the US bond market, traders are heading into the weekend with questions about what Treasury Secretary Scott Bessent’s next move will be.",Mint Markets,https://www.livemint.com/market/week-of-whiplash-in-treasuries-is-closing-with-muddied-outlook-11787340705313.html,,markets,,RSS,False,,"Week of Whiplash in Treasuries Is Closing With Muddied Outlook. After a turbulent stretch for the US bond market, traders are heading into the weekend with questions about what Treasury Secretary Scott Bessent’s next move will be.",37,week of whiplash in treasuries is closing with muddied outlook after a turbulent stretch for the us bond market traders are heading into the weekend with questions about what treasury secretary scott bessent s next move will be,"Week of Whiplash in Treasuries Is Closing With Muddied Outlook. After a turbulent stretch for the US bond market, traders are heading into the weekend with questions about what Treasury Secretary Scott Bessent s next move will be.",2,0.9473684210526315,0.0,0.054040000000000005,1.0,0.08106,uncertainty,uncertainty,24.4583,Fear
ART_A68FBAE46A8F,2026-08-21,Dollar falls to three-month low on Treasury buyback worries,"GLOBAL-FOREX/ (UPDATE 5, GRAPHIC):FOREX-Dollar falls to three-month low on Treasury buyback worries",Mint Markets,https://www.livemint.com/market/dollar-falls-to-three-month-low-on-treasury-buyback-worries-11787341555185.html,,markets,,RSS,False,,"Dollar falls to three-month low on Treasury buyback worries. GLOBAL-FOREX/ (UPDATE 5, GRAPHIC):FOREX-Dollar falls to three-month low on Treasury buyback worries",21,dollar falls to three month low on treasury buyback worries global forex update graphic forex dollar falls to three month low on treasury buyback worries,"Dollar falls to three-month low on Treasury buyback worries. GLOBAL-FOREX (UPDATE 5, GRAPHIC):FOREX-Dollar falls to three-month low on Treasury buyback worries",1,0.56,0.16239,0.0,0.10826000000000002,0.0,fear,fear,30.128300000000003,Fear
ART_9A8BF517D68D,2026-08-21,"Bitcoin Nears $80,000 Amid Biggest Weekly Rally In Three Years",Bitcoin is on pace for its best weekly gain in more than three years as traders assess the fallout from a recent spike in bond yields and a new initiative from the US aimed at fiscal consolidation.,Mint Markets,https://www.livemint.com/market/bitcoin-nears-80-000-amid-biggest-weekly-rally-in-three-years-11787346008375.html,,markets,,RSS,False,,"Bitcoin Nears $80,000 Amid Biggest Weekly Rally In Three Years. Bitcoin is on pace for its best weekly gain in more than three years as traders assess the fallout from a recent spike in bond yields and a new initiative from the US aimed at fiscal consolidation.",47,bitcoin nears amid biggest weekly rally in three years bitcoin is on pace for its best weekly gain in more than three years as traders assess the fallout from a recent spike in bond yields and a new initiative from the us aimed at fiscal consolidation,"Bitcoin Nears $80,000 Amid Biggest Weekly Rally In Three Years. Bitcoin is on pace for its best weekly gain in more than three years as traders assess the fallout from a recent spike in bond yields and a new initiative from the US aimed at fiscal consolidation.",2,0.8043478260869565,0.0,1.0,0.0,0.0616875,greed,greed,67.1590625,Greed
ART_6252C5ABC5E0,2026-08-21,"Top Gainers &amp; Losers on 21 Aug: Welspun Corp, Jindal Saw, Urban Company, Vedanta, CarTrade Tech among top gainers","Indian stock markets concluded Friday's session subdued, impacted by high crude oil prices and rising global bond yields. The Nifty 50 and Sensex remained largely unchanged, marking their second consecutive week of losses amidst geopolitical tensions and fluctuating investor sentiment.",Mint Markets,https://www.livemint.com/market/stock-market-news/top-gainers-losers-on-21-aug-welspun-corp-jindal-saw-urban-company-vedanta-cartrade-tech-among-top-gainers-11787305625058.html,,markets,,RSS,False,,"Top Gainers &amp; Losers on 21 Aug: Welspun Corp, Jindal Saw, Urban Company, Vedanta, CarTrade Tech among top gainers. Indian stock markets concluded Friday's session subdued, impacted by high crude oil prices and rising global bond yields. The Nifty 50 and Sensex remained largely unchanged, marking their second consecutive week of losses amidst geopolitical tensions and fluctuating investor sentiment.",59,top gainers amp losers on aug welspun corp jindal saw urban company vedanta cartrade tech among top gainers indian stock markets concluded friday s session subdued impacted by high crude oil prices and rising global bond yields the nifty and sensex remained largely unchanged marking their second consecutive week of losses amidst geopolitical tensions and fluctuating investor sentiment,"Top Gainers amp; Losers on 21 Aug: Welspun Corp, Jindal Saw, Urban Company, Vedanta, CarTrade Tech among top gainers. Indian stock markets concluded Friday's session subdued, impacted by high crude oil prices and rising global bond yields. The Nifty 50 and Sensex remained largely unchanged, marking their second consecutive week of losses amidst geopolitical tensions and fluctuating investor sentiment.",3,0.9310344827586207,0.2955175,1.0,0.280345,0.0,greed,greed,54.88447500000001,Neutral
ART_EBCB4B7A73A2,2026-08-21,Hims & Hers Health (HIMS) & Novo Nordisk A/S (NVO): Two Weight-Loss Pill Players Just Got Punished for Growing Fast,,Yahoo Finance,https://finance.yahoo.com/healthcare/articles/hims-hers-health-hims-novo-015614960.html,,finance,,RSS,False,,Hims & Hers Health (HIMS) & Novo Nordisk A/S (NVO): Two Weight-Loss Pill Players Just Got Punished for Growing Fast.,20,hims hers health hims novo nordisk a s nvo two weight loss pill players just got punished for growing fast,Hims Hers Health (HIMS) Novo Nordisk A S (NVO): Two Weight-Loss Pill Players Just Got Punished for Growing Fast.,1,0.95,0.1134,0.0,0.0756,1.0,optimism,optimism,66.59800000000001,Greed
ART_22FB8E663752,2026-08-21,"Hy-Tech Engineers IPO: GMP signals over 40% listing pop; price band, date, other key details in 10 points","Hy-Tech Engineers IPO is set to open for public subscription on Monday, 2 August. The book build issue of  ₹135.73 crore combines a fresh issue and an offer for sale (OFS) in which two promoters are offloading their stakes.",Mint Markets,https://www.livemint.com/market/ipo/hytech-engineers-ipo-gmp-signals-over-40-listing-pop-price-band-date-other-key-details-in-10-points-11787298334181.html,,markets,,RSS,False,,"Hy-Tech Engineers IPO: GMP signals over 40% listing pop; price band, date, other key details in 10 points. Hy-Tech Engineers IPO is set to open for public subscription on Monday, 2 August. The book build issue of  ₹135.73 crore combines a fresh issue and an offer for sale (OFS) in which two promoters are offloading their stakes.",57,hy tech engineers ipo gmp signals over listing pop price band date other key details in points hy tech engineers ipo is set to open for public subscription on monday august the book build issue of crore combines a fresh issue and an offer for sale ofs in which two promoters are offloading their stakes,"Hy-Tech Engineers IPO: GMP signals over 40% listing pop; price band, date, other key details in 10 points. Hy-Tech Engineers IPO is set to open for public subscription on Monday, 2 August. The book build issue of 135.73 crore combines a fresh issue and an offer for sale (OFS) in which two promoters are offloading their stakes.",4,0.8727272727272727,0.0,1.0,0.0,0.023864999999999997,greed,greed,65.83527500000001,Greed
ART_1493A36C1BEF,2026-08-21,Powerus Wins $22.3 Million Middle East Oil Infrastructure Security Deal,,Yahoo Finance,https://finance.yahoo.com/energy/articles/powerus-wins-22-3-million-015536888.html,,finance,,RSS,False,,Powerus Wins $22.3 Million Middle East Oil Infrastructure Security Deal.,10,powerus wins million middle east oil infrastructure security deal,Powerus Wins $22.3 Million Middle East Oil Infrastructure Security Deal.,2,1.0,0.0,0.14538,0.0,1.0,optimism,optimism,74.36140000000002,Greed
ART_B1B7DDE23348,2026-08-21,The Insurance Conversations Younger Clients Need to Have,,Yahoo Finance,https://finance.yahoo.com/healthcare/articles/insurance-conversations-younger-clients-040100704.html,,finance,,RSS,False,,The Insurance Conversations Younger Clients Need to Have.,8,the insurance conversations younger clients need to have,The Insurance Conversations Younger Clients Need to Have.,1,1.0,0.0,0.0,0.0,0.0,fear,fear,35.0,Fear
ART_A103DBF2F0C5,2026-08-21,"OSI Systems, Inc. Q4 2026 Earnings Call Summary",,Yahoo Finance,https://finance.yahoo.com/markets/stocks/articles/osi-systems-inc-q4-2026-003150826.html,,finance,,RSS,False,,"OSI Systems, Inc. Q4 2026 Earnings Call Summary.",8,osi systems inc q earnings call summary,"OSI Systems, Inc. Q4 2026 Earnings Call Summary.",2,1.0,0.0,0.0,0.0,0.0,fear,fear,35.0,Fear
ART_CBF49D0A2856,2026-08-21,"Ross Stores, Inc. Q2 2026 Earnings Call Summary",,Yahoo Finance,https://finance.yahoo.com/markets/stocks/articles/ross-stores-inc-q2-2026-002733760.html,,finance,,RSS,False,,"Ross Stores, Inc. Q2 2026 Earnings Call Summary.",8,ross stores inc q earnings call summary,"Ross Stores, Inc. Q2 2026 Earnings Call Summary.",2,1.0,0.0,0.0,0.0,0.0,fear,fear,35.0,Fear
ART_27955BAE45B8,2026-08-21,"Flux Power Holdings, Inc. Q4 2026 Earnings Call Summary",,Yahoo Finance,https://finance.yahoo.com/markets/stocks/articles/flux-power-holdings-inc-q4-002122573.html,,finance,,RSS,False,,"Flux Power Holdings, Inc. Q4 2026 Earnings Call Summary.",9,flux power holdings inc q earnings call summary,"Flux Power Holdings, Inc. Q4 2026 Earnings Call Summary.",2,1.0,0.0,0.0,0.0,0.0,fear,fear,35.0,Fear
ART_1D86C6E62F5C,2026-08-21,"India’s PMS Industry AUM rises 2% in July to Rs 44 lakh crore, client base grows 1.3%: APMI","India’s PMS industry expanded in July, with AUM rising 2% month-on-month to Rs 44.11 lakh crore and clients increasing 1.3% to 2.23 lakh. Annual growth stood near 11%, while strong inflows, expanding distributors and domestic investors supported continued industry growth.",Economic Times Markets,https://economictimes.indiatimes.com/markets/aif-pms/indias-pms-industry-aum-rises-2-in-july-to-rs-44-lakh-crore-client-base-grows-1-3-apmi/articleshow/133401330.cms,,markets,,RSS,False,,"India’s PMS Industry AUM rises 2% in July to Rs 44 lakh crore, client base grows 1.3%: APMI. India’s PMS industry expanded in July, with AUM rising 2% month-on-month to Rs 44.11 lakh crore and clients increasing 1.3% to 2.23 lakh. Annual growth stood near 11%, while strong inflows, expanding distributors and domestic investors supported continued industry growth.",58,india s pms industry aum rises in july to rs lakh crore client base grows apmi india s pms industry expanded in july with aum rising month on month to rs lakh crore and clients increasing to lakh annual growth stood near while strong inflows expanding distributors and domestic investors supported continued industry growth,"India s PMS Industry AUM rises 2% in July to Rs 44 lakh crore, client base grows 1.3%: APMI. India s PMS industry expanded in July, with AUM rising 2% month-on-month to Rs 44.11 lakh crore and clients increasing 1.3% to 2.23 lakh. Annual growth stood near 11%, while strong inflows, expanding distributors and domestic investors supported continued industry growth.",7,0.6851851851851852,0.0,0.043445000000000004,0.0,0.25,optimism,optimism,45.05335,Neutral
ART_B17654B9127E,2026-08-21,Applied Materials (AMAT) Beat Estimates and Investors Sold Anyway. Lam Research Corporation (LRCX) Didn’t Have That Problem,,Yahoo Finance,https://finance.yahoo.com/markets/stocks/articles/applied-materials-amat-beat-estimates-000516701.html,,finance,,RSS,False,,Applied Materials (AMAT) Beat Estimates and Investors Sold Anyway. Lam Research Corporation (LRCX) Didn’t Have That Problem.,17,applied materials amat beat estimates and investors sold anyway lam research corporation lrcx didn t have that problem,Applied Materials (AMAT) Beat Estimates and Investors Sold Anyway. Lam Research Corporation (LRCX) Didn t Have That Problem.,2,1.0,0.12056999999999998,1.0,0.08038000000000001,0.0,greed,greed,61.38290000000001,Greed
ART_E158D09A879F,2026-08-21,Equinor and ORLEN Sign Three-Year Norwegian Crude Supply Deal,,Yahoo Finance,https://finance.yahoo.com/energy/articles/equinor-orlen-sign-three-norwegian-021500560.html,,finance,,RSS,False,,Equinor and ORLEN Sign Three-Year Norwegian Crude Supply Deal.,9,equinor and orlen sign three year norwegian crude supply deal,Equinor and ORLEN Sign Three-Year Norwegian Crude Supply Deal.,1,1.0,0.17156999999999997,0.0,0.11438,0.0,fear,fear,29.852900000000005,Fear
ART_20B53F7B1DF5,2026-08-21,"South Korea plans chip windfall fund to back youth, AI investment",,Yahoo Finance,https://finance.yahoo.com/economy/policy/articles/south-korea-plans-chip-windfall-041053005.html,,finance,,RSS,False,,"South Korea plans chip windfall fund to back youth, AI investment.",11,south korea plans chip windfall fund to back youth ai investment,"South Korea plans chip windfall fund to back youth, AI investment.",1,1.0,0.0,0.0,0.0,1.0,optimism,optimism,70.0,Greed
ART_72DFA3C810C6,2026-08-21,Why Advance Auto Parts Stock Crashed Today,,Yahoo Finance,https://finance.yahoo.com/markets/stocks/articles/why-advance-auto-parts-stock-031108870.html,,finance,,RSS,False,,Why Advance Auto Parts Stock Crashed Today.,7,why advance auto parts stock crashed today,Why Advance Auto Parts Stock Crashed Today.,1,1.0,1.0,0.0,0.0,0.0,fear,fear,15.0,Extreme Fear
ART_D0A2203CFBF5,2026-08-21,"For Walmart Investors, Sagging Same-Store Sales Growth Overshadows Bottom-Line Beat",,Yahoo Finance,https://finance.yahoo.com/markets/stocks/articles/walmart-investors-sagging-same-store-040100826.html,,finance,,RSS,False,,"For Walmart Investors, Sagging Same-Store Sales Growth Overshadows Bottom-Line Beat.",10,for walmart investors sagging same store sales growth overshadows bottom line beat,"For Walmart Investors, Sagging Same-Store Sales Growth Overshadows Bottom-Line Beat.",1,1.0,0.0,1.0,0.0,1.0,greed,greed,100.0,Extreme Greed
ART_B646FC24B984,2026-08-21,Is a Financial Sector ETF a Better Buy Than Picking the Stocks Yourself?,,Yahoo Finance,https://finance.yahoo.com/markets/stocks/articles/financial-sector-etf-better-buy-025000946.html,,finance,,RSS,False,,Is a Financial Sector ETF a Better Buy Than Picking the Stocks Yourself?.,13,is a financial sector etf a better buy than picking the stocks yourself,Is a Financial Sector ETF a Better Buy Than Picking the Stocks Yourself?.,2,0.9230769230769231,0.0,1.0,0.0,0.13212,greed,greed,69.62420000000002,Greed
ART_3617827A7F9B,2026-08-21,Walmart Inc. Q2 2027 Earnings Call Summary,,Yahoo Finance,https://finance.yahoo.com/markets/stocks/articles/walmart-inc-q2-2027-earnings-003603640.html,,finance,,RSS,False,,Walmart Inc. Q2 2027 Earnings Call Summary.,7,walmart inc q earnings call summary,Walmart Inc. Q2 2027 Earnings Call Summary.,2,1.0,0.0,0.0,0.0,0.0,fear,fear,35.0,Fear
ART_4D5DBCABFAA8,2026-08-21,Navios Maritime Partners L.P. Q2 2026 Earnings Call Summary,,Yahoo Finance,https://finance.yahoo.com/markets/stocks/articles/navios-maritime-partners-l-p-002544754.html,,finance,,RSS,False,,Navios Maritime Partners L.P. Q2 2026 Earnings Call Summary.,9,navios maritime partners l p q earnings call summary,Navios Maritime Partners L.P. Q2 2026 Earnings Call Summary.,3,1.0,0.0,0.022940000000000002,0.0,0.034409999999999996,optimism,optimism,36.89255,Fear
ART_14D4FF93CB42,2026-08-21,MARA Holdings (MARA) Soars Double Digits — Here’s The Catalyst to Watch Now,,Yahoo Finance,https://finance.yahoo.com/markets/crypto/articles/mara-holdings-mara-soars-double-004442882.html,,finance,,RSS,False,,MARA Holdings (MARA) Soars Double Digits — Here’s The Catalyst to Watch Now.,13,mara holdings mara soars double digits here s the catalyst to watch now,MARA Holdings (MARA) Soars Double Digits Here s The Catalyst to Watch Now.,1,0.9230769230769231,0.0,0.0,1.0,0.0,uncertainty,uncertainty,20.0,Fear
ART_443EFBB74DB1,2026-08-21,Riot Platforms (RIOT) & CleanSpark (CLSK): Bitcoin Miners are Becoming AI Landlords. Riot Just Signed a $9 Billion Lease to Prove It,,Yahoo Finance,https://finance.yahoo.com/technology/ai/articles/riot-platforms-riot-cleanspark-clsk-014919566.html,,finance,,RSS,False,,Riot Platforms (RIOT) & CleanSpark (CLSK): Bitcoin Miners are Becoming AI Landlords. Riot Just Signed a $9 Billion Lease to Prove It.,22,riot platforms riot cleanspark clsk bitcoin miners are becoming ai landlords riot just signed a billion lease to prove it,Riot Platforms (RIOT) CleanSpark (CLSK): Bitcoin Miners are Becoming AI Landlords. Riot Just Signed a $9 Billion Lease to Prove It.,2,0.9,0.2720625,0.0,0.181375,0.0,fear,fear,26.838125,Fear
ART_471535AFD21F,2026-08-21,"From euphoria to despair, Korea reckons with stock mania's emotional toll",,Yahoo Finance,https://finance.yahoo.com/markets/stocks/articles/euphoria-despair-korea-reckons-stock-014700635.html,,finance,,RSS,False,,"From euphoria to despair, Korea reckons with stock mania's emotional toll.",11,from euphoria to despair korea reckons with stock mania s emotional toll,"From euphoria to despair, Korea reckons with stock mania's emotional toll.",1,1.0,0.0,1.0,0.0,0.16722,greed,greed,70.8527,Greed
ART_017BA63C6E39,2026-08-21,CrowdStrike Holdings (CRWD) & Palo Alto Networks (PANW): Cybersecurity Stocks Hit Record Highs After a Conference Made AI’s Dark Side Clear,,Yahoo Finance,https://finance.yahoo.com/technology/ai/articles/crowdstrike-holdings-crwd-palo-alto-013941449.html,,finance,,RSS,False,,CrowdStrike Holdings (CRWD) & Palo Alto Networks (PANW): Cybersecurity Stocks Hit Record Highs After a Conference Made AI’s Dark Side Clear.,21,crowdstrike holdings crwd palo alto networks panw cybersecurity stocks hit record highs after a conference made ai s dark side clear,CrowdStrike Holdings (CRWD) Palo Alto Networks (PANW): Cybersecurity Stocks Hit Record Highs After a Conference Made AI s Dark Side Clear.,1,1.0,0.0,1.0,0.0,0.11453999999999999,greed,greed,69.00890000000001,Greed
ART_C1AE23C90EE3,2026-08-21,Trump Media & Technology Group Corp. (DJT)’s Loss Widened to $238 Million. Its New Data Feed Is Already Making Money,,Yahoo Finance,https://finance.yahoo.com/markets/stocks/articles/trump-media-technology-group-corp-013751871.html,,finance,,RSS,False,,Trump Media & Technology Group Corp. (DJT)’s Loss Widened to $238 Million. Its New Data Feed Is Already Making Money.,20,trump media technology group corp djt s loss widened to million its new data feed is already making money,Trump Media Technology Group Corp. (DJT) s Loss Widened to $238 Million. Its New Data Feed Is Already Making Money.,3,1.0,0.09545999999999999,0.0,0.06364,0.0,fear,fear,32.1362,Fear
ART_1667DA9BADCC,2026-08-21,The Walt Disney Company (DIS)’s CEO Says Parks Were a “Big Surprise.” Comcast Corporation (CMCSA) Just Ended a Three-Month Football Blackout,,Yahoo Finance,https://finance.yahoo.com/markets/stocks/articles/walt-disney-company-dis-ceo-010458317.html,,finance,,RSS,False,,The Walt Disney Company (DIS)’s CEO Says Parks Were a “Big Surprise.” Comcast Corporation (CMCSA) Just Ended a Three-Month Football Blackout.,21,the walt disney company dis s ceo says parks were a big surprise comcast corporation cmcsa just ended a three month football blackout,The Walt Disney Company (DIS) s CEO Says Parks Were a Big Surprise. Comcast Corporation (CMCSA) Just Ended a Three-Month Football Blackout.,2,0.9565217391304348,0.0,0.01366,0.0,0.020489999999999998,optimism,optimism,36.12695,Fear
ART_B2700B39BE13,2026-08-21,Telix Pharmaceuticals Limited Q2 2026 Earnings Call Summary,,Yahoo Finance,https://finance.yahoo.com/healthcare/articles/telix-pharmaceuticals-limited-q2-2026-003548542.html,,finance,,RSS,False,,Telix Pharmaceuticals Limited Q2 2026 Earnings Call Summary.,8,telix pharmaceuticals limited q earnings call summary,Telix Pharmaceuticals Limited Q2 2026 Earnings Call Summary.,1,1.0,0.06788999999999999,0.0,0.04526,0.0,fear,fear,32.963300000000004,Fear
ART_DC4BD7E064B7,2026-08-21,Deere Gets Rolling as AI Buildout Fuels Construction Sales Boom,,Yahoo Finance,https://finance.yahoo.com/markets/stocks/articles/deere-gets-rolling-ai-buildout-040100642.html,,finance,,RSS,False,,Deere Gets Rolling as AI Buildout Fuels Construction Sales Boom.,10,deere gets rolling as ai buildout fuels construction sales boom,Deere Gets Rolling as AI Buildout Fuels Construction Sales Boom.,1,1.0,0.0,1.0,0.0,0.0,greed,greed,65.0,Greed
ART_A652678E6A5F,2026-08-21,Ring Energy Eyes 10% Growth as Longer Laterals Unlock Permian Potential,,Yahoo Finance,https://finance.yahoo.com/energy/articles/ring-energy-eyes-10-growth-030159074.html,,finance,,RSS,False,,Ring Energy Eyes 10% Growth as Longer Laterals Unlock Permian Potential.,11,ring energy eyes growth as longer laterals unlock permian potential,Ring Energy Eyes 10% Growth as Longer Laterals Unlock Permian Potential.,1,1.0,0.0,0.11438,0.0,1.0,optimism,optimism,73.4314,Greed
ART_287C91F530E6,2026-08-21,NVIDIA Corporation (NVDA)’s Space Exploration Technologies (SPCX) Stake Traces Back to a Wild $1.25 Trillion Deal. Here’s How It Happened,,Yahoo Finance,https://finance.yahoo.com/technology/ai/articles/nvidia-corporation-nvda-space-exploration-005825605.html,,finance,,RSS,False,,NVIDIA Corporation (NVDA)’s Space Exploration Technologies (SPCX) Stake Traces Back to a Wild $1.25 Trillion Deal. Here’s How It Happened.,20,nvidia corporation nvda s space exploration technologies spcx stake traces back to a wild trillion deal here s how it happened,NVIDIA Corporation (NVDA) s Space Exploration Technologies (SPCX) Stake Traces Back to a Wild $1.25 Trillion Deal. Here s How It Happened.,3,0.9523809523809523,0.0,0.04526,0.0,0.06788999999999999,optimism,optimism,38.73395,Fear
ART_71BDF17CAB00,2026-08-22,"ETMarkets Management Talk | CleanMax’s next growth phase: 1.5 GW capacity addition target, Rs 3,000 crore EBITDA by FY28, says Kuldeep Jain","CleanMax targets 1.5 GW capacity additions in FY27 and over Rs 3,000 crore EBITDA by FY28. Growth is driven by data centres, AI, Make in India and manufacturing demand. An AA credit rating and planned Rs 2,500 crore bond issue will strengthen funding access as the company scales its renewable portfolio.",Economic Times Markets,https://economictimes.indiatimes.com/markets/expert-view/etmarkets-management-talk-cleanmaxs-next-growth-phase-1-5-gw-capacity-addition-target-rs-3000-crore-ebitda-by-fy28-says-kuldeep-jain/articleshow/133417896.cms,,markets,,RSS,False,,"ETMarkets Management Talk | CleanMax’s next growth phase: 1.5 GW capacity addition target, Rs 3,000 crore EBITDA by FY28, says Kuldeep Jain. CleanMax targets 1.5 GW capacity additions in FY27 and over Rs 3,000 crore EBITDA by FY28. Growth is driven by data centres, AI, Make in India and manufacturing demand. An AA credit rating and planned Rs 2,500 crore bond issue will strengthen funding access as the company scales its renewable portfolio.",73,etmarkets management talk cleanmax s next growth phase gw capacity addition target rs crore ebitda by fy says kuldeep jain cleanmax targets gw capacity additions in fy and over rs crore ebitda by fy growth is driven by data centres ai make in india and manufacturing demand an aa credit rating and planned rs crore bond issue will strengthen funding access as the company scales its renewable portfolio,"ETMarkets Management Talk CleanMax s next growth phase: 1.5 GW capacity addition target, Rs 3,000 crore EBITDA by FY28, says Kuldeep Jain. CleanMax targets 1.5 GW capacity additions in FY27 and over Rs 3,000 crore EBITDA by FY28. Growth is driven by data centres, AI, Make in India and manufacturing demand. An AA credit rating and planned Rs 2,500 crore bond issue will strengthen funding access as the company scales its renewable portfolio.",6,0.7647058823529411,0.0,0.2822185294117647,0.0,1.0,optimism,optimism,78.46655588235295,Greed
ART_CCA86FCAA9C7,2026-08-22,"Sugar stocks rally! How Balrampur Chini, Triveni Engineering, Shree Renuka Sugars, other stocks performed this week?","Sugar stocks surged on strong pre-festival demand, with Balrampur Chini, Bajaj Hindusthan, Uttam Sugar and others hitting 52-week highs. Gains moderated after duty-free raw sugar imports were announced, though several stocks still delivered strong weekly and year-to-date returns.",Economic Times Markets,https://economictimes.indiatimes.com/markets/stocks/news/sugar-stocks-rally-how-balrampur-chini-triveni-engineering-shree-renuka-sugars-other-stocks-performed-this-week/slideshow/133418401.cms,,markets,,RSS,False,,"Sugar stocks rally! How Balrampur Chini, Triveni Engineering, Shree Renuka Sugars, other stocks performed this week?. Sugar stocks surged on strong pre-festival demand, with Balrampur Chini, Bajaj Hindusthan, Uttam Sugar and others hitting 52-week highs. Gains moderated after duty-free raw sugar imports were announced, though several stocks still delivered strong weekly and year-to-date returns.",54,sugar stocks rally how balrampur chini triveni engineering shree renuka sugars other stocks performed this week sugar stocks surged on strong pre festival demand with balrampur chini bajaj hindusthan uttam sugar and others hitting week highs gains moderated after duty free raw sugar imports were announced though several stocks still delivered strong weekly and year to date returns,"Sugar stocks rally! How Balrampur Chini, Triveni Engineering, Shree Renuka Sugars, other stocks performed this week?. Sugar stocks surged on strong pre-festival demand, with Balrampur Chini, Bajaj Hindusthan, Uttam Sugar and others hitting 52-week highs. Gains moderated after duty-free raw sugar imports were announced, though several stocks still delivered strong weekly and year-to-date returns.",5,0.8103448275862069,0.0,0.25,0.0,0.25,greed,greed,51.25000000000001,Neutral
ART_8462E3F36936,2026-08-22,Gulfport Energy: Ramps Up Inventory Acquisition Activity (Rating Downgrade),,Seeking Alpha,https://seekingalpha.com/article/4939270-gulfport-energy-ramps-up-inventory-acquisition-activity?source=feed_all_articles,,finance,,RSS,False,,Gulfport Energy: Ramps Up Inventory Acquisition Activity (Rating Downgrade).,9,gulfport energy ramps up inventory acquisition activity rating downgrade,Gulfport Energy: Ramps Up Inventory Acquisition Activity (Rating Downgrade).,1,1.0,0.25,0.05464,0.0,0.08195999999999999,fear,fear,34.5078,Fear
ART_929F81A26D31,2026-08-22,"Fiverr Trades Below Book Value, But Will Be Tough To Save (Rating Upgrade)",,Seeking Alpha,https://seekingalpha.com/article/4939274-fiverr-trades-below-book-value-but-will-be-tough-to-save-upgrade?source=feed_all_articles,,finance,,RSS,False,,"Fiverr Trades Below Book Value, But Will Be Tough To Save (Rating Upgrade).",13,fiverr trades below book value but will be tough to save rating upgrade,"Fiverr Trades Below Book Value, But Will Be Tough To Save (Rating Upgrade).",1,1.0,0.0,0.34642,0.0,0.19284,greed,greed,52.14200000000001,Neutral
ART_E108A3E7384D,2026-08-22,Concurrent Gainers: 13 smallcap stocks that gained for 5 days in a row,"Despite a 0.60% Sensex decline, 13 BSE SmallCap stocks gained across all five sessions. Prabha Energy led with 39%, followed by Welspun Corp, Wakefit Innovations, Welspun Living and others.",Economic Times Markets,https://economictimes.indiatimes.com/markets/stocks/news/concurrent-gainers-13-smallcap-stocks-that-gained-for-5-days-in-a-row/slideshow/133418816.cms,,markets,,RSS,False,,"Concurrent Gainers: 13 smallcap stocks that gained for 5 days in a row. Despite a 0.60% Sensex decline, 13 BSE SmallCap stocks gained across all five sessions. Prabha Energy led with 39%, followed by Welspun Corp, Wakefit Innovations, Welspun Living and others.",42,concurrent gainers smallcap stocks that gained for days in a row despite a sensex decline bse smallcap stocks gained across all five sessions prabha energy led with followed by welspun corp wakefit innovations welspun living and others,"Concurrent Gainers: 13 smallcap stocks that gained for 5 days in a row. Despite a 0.60% Sensex decline, 13 BSE SmallCap stocks gained across all five sessions. Prabha Energy led with 39%, followed by Welspun Corp, Wakefit Innovations, Welspun Living and others.",4,0.8648648648648649,0.25,1.0,0.0,0.14162999999999998,greed,greed,64.95705000000001,Greed
ART_27DB39FA22BC,2026-08-22,Uttar Pradesh remains India’s largest crypto market in Q2 2026: Report,"Crypto adoption expanded across India in Q2 2026, led by Uttar Pradesh, Maharashtra and Karnataka. Regional investment patterns varied, with Andhra Pradesh recording the highest female participation and distinctive cryptocurrency preferences, highlighting the diverse and growing nature of India’s crypto investor base.",Economic Times Markets,https://economictimes.indiatimes.com/markets/cryptocurrency/uttar-pradesh-remains-indias-largest-crypto-market-in-q2-2026-report/slideshow/133419128.cms,,markets,,RSS,False,,"Uttar Pradesh remains India’s largest crypto market in Q2 2026: Report. Crypto adoption expanded across India in Q2 2026, led by Uttar Pradesh, Maharashtra and Karnataka. Regional investment patterns varied, with Andhra Pradesh recording the highest female participation and distinctive cryptocurrency preferences, highlighting the diverse and growing nature of India’s crypto investor base.",53,uttar pradesh remains india s largest crypto market in q report crypto adoption expanded across india in q led by uttar pradesh maharashtra and karnataka regional investment patterns varied with andhra pradesh recording the highest female participation and distinctive cryptocurrency preferences highlighting the diverse and growing nature of india s crypto investor base,"Uttar Pradesh remains India s largest crypto market in Q2 2026: Report. Crypto adoption expanded across India in Q2 2026, led by Uttar Pradesh, Maharashtra and Karnataka. Regional investment patterns varied, with Andhra Pradesh recording the highest female participation and distinctive cryptocurrency preferences, highlighting the diverse and growing nature of India s crypto investor base.",3,0.7547169811320755,0.0,0.008895,0.0,1.0,optimism,optimism,70.26685,Greed
ART_45AA91F01726,2026-08-22,"Gold prices rise for 3rd straight week, hit 3-month high. Can bullion reclaim $5,500 peak?","Gold rose 5% this week to nearly $4,603, marking its third consecutive weekly gain, supported by a weaker US dollar, Treasury bond buybacks and expectations of stable Fed rates. Analysts see long-term potential amid central-bank demand and currency concerns, though the World Gold Council expects near-term prices to remain rangebound.",Economic Times Markets,https://economictimes.indiatimes.com/markets/commodities/news/gold-prices-rise-for-3rd-straight-week-hit-3-month-high-can-bullion-reclaim-5500-peak/articleshow/133419156.cms,,markets,,RSS,False,,"Gold prices rise for 3rd straight week, hit 3-month high. Can bullion reclaim $5,500 peak?. Gold rose 5% this week to nearly $4,603, marking its third consecutive weekly gain, supported by a weaker US dollar, Treasury bond buybacks and expectations of stable Fed rates. Analysts see long-term potential amid central-bank demand and currency concerns, though the World Gold Council expects near-term prices to remain rangebound.",65,gold prices rise for rd straight week hit month high can bullion reclaim peak gold rose this week to nearly marking its third consecutive weekly gain supported by a weaker us dollar treasury bond buybacks and expectations of stable fed rates analysts see long term potential amid central bank demand and currency concerns though the world gold council expects near term prices to remain rangebound,"Gold prices rise for 3rd straight week, hit 3-month high. Can bullion reclaim $5,500 peak?. Gold rose 5% this week to nearly $4,603, marking its third consecutive weekly gain, supported by a weaker US dollar, Treasury bond buybacks and expectations of stable Fed rates. Analysts see long-term potential amid central-bank demand and currency concerns, though the World Gold Council expects near-term prices to remain rangebound.",5,0.8923076923076924,0.0,0.283945,0.19230769230769232,0.3009175,optimism,optimism,51.16584711538462,Neutral
ART_667581E3B736,2026-08-22,Medtronic: The CAS Catalyst Can Close A 27% Peer Discount,,Seeking Alpha,https://seekingalpha.com/article/4939277-medtronic-the-cas-catalyst-can-close-a-27-percent-peer-discount?source=feed_all_articles,,finance,,RSS,False,,Medtronic: The CAS Catalyst Can Close A 27% Peer Discount.,10,medtronic the cas catalyst can close a peer discount,Medtronic: The CAS Catalyst Can Close A 27% Peer Discount.,1,1.0,0.0,0.0,0.0,0.0,fear,fear,35.0,Fear
ART_993200DFD5DB,2026-08-22,Why Indian retail options traders are having a tough time to defuse what Warren Buffett called lethal time bombs,"Sebi’s latest study shows that 88% of individual F&amp;O traders lost money in FY26, with options accounting for 92% of aggregate losses. Despite reduced trading volumes, retail losses remained substantial, reinforcing Warren Buffett’s longstanding warnings about derivatives. Regulatory measures, including higher STT, aim to curb excessive speculation and protect small investors.",Economic Times Markets,https://economictimes.indiatimes.com/markets/stocks/news/why-indian-retail-options-traders-are-having-a-tough-time-to-defuse-what-warren-buffett-called-lethal-time-bombs/articleshow/133417813.cms,,markets,,RSS,False,,"Why Indian retail options traders are having a tough time to defuse what Warren Buffett called lethal time bombs. Sebi’s latest study shows that 88% of individual F&amp;O traders lost money in FY26, with options accounting for 92% of aggregate losses. Despite reduced trading volumes, retail losses remained substantial, reinforcing Warren Buffett’s longstanding warnings about derivatives. Regulatory measures, including higher STT, aim to curb excessive speculation and protect small investors.",70,why indian retail options traders are having a tough time to defuse what warren buffett called lethal time bombs sebi s latest study shows that of individual f amp o traders lost money in fy with options accounting for of aggregate losses despite reduced trading volumes retail losses remained substantial reinforcing warren buffett s longstanding warnings about derivatives regulatory measures including higher stt aim to curb excessive speculation and protect small investors,"Why Indian retail options traders are having a tough time to defuse what Warren Buffett called lethal time bombs. Sebi s latest study shows that 88% of individual F amp;O traders lost money in FY26, with options accounting for 92% of aggregate losses. Despite reduced trading volumes, retail losses remained substantial, reinforcing Warren Buffett s longstanding warnings about derivatives. Regulatory measures, including higher STT, aim to curb excessive speculation and protect small investors.",4,0.8611111111111112,0.2788,0.0,0.2287311111111111,0.0,fear,fear,25.993033333333337,Fear
ART_22C89D75CAC6,2026-08-22,Vijay Kedia Portfolio: 5 stocks surge up to 55% in CY26; 1 new addition in June quarter,"Vijay Kedia’s disclosed portfolio rose 21% to Rs 1,415 crore by August 2026. Neuland Laboratories led CY26 gains at 53%, while Innovators Facade Systems fell 37%. Eimco Elecon was his latest portfolio addition, highlighting varied performance across his holdings.",Economic Times Markets,https://economictimes.indiatimes.com/markets/stocks/news/vijay-kedia-portfolio-5-stocks-surge-up-to-55-in-cy26-1-new-addition-in-june-quarter/slideshow/133419471.cms,,markets,,RSS,False,,"Vijay Kedia Portfolio: 5 stocks surge up to 55% in CY26; 1 new addition in June quarter. Vijay Kedia’s disclosed portfolio rose 21% to Rs 1,415 crore by August 2026. Neuland Laboratories led CY26 gains at 53%, while Innovators Facade Systems fell 37%. Eimco Elecon was his latest portfolio addition, highlighting varied performance across his holdings.",56,vijay kedia portfolio stocks surge up to in cy new addition in june quarter vijay kedia s disclosed portfolio rose to rs crore by august neuland laboratories led cy gains at while innovators facade systems fell eimco elecon was his latest portfolio addition highlighting varied performance across his holdings,"Vijay Kedia Portfolio: 5 stocks surge up to 55% in CY26; 1 new addition in June quarter. Vijay Kedia s disclosed portfolio rose 21% to Rs 1,415 crore by August 2026. Neuland Laboratories led CY26 gains at 53%, while Innovators Facade Systems fell 37%. Eimco Elecon was his latest portfolio addition, highlighting varied performance across his holdings.",4,0.8163265306122449,0.25,1.0,0.0,0.025500000000000002,greed,greed,60.892500000000005,Greed
ART_EB76D9616BB4,2026-08-22,Memory stocks face headwinds as 'smart money' walks out,"Memory stocks showed initial promise but are now faltering, weighed down by anxiety surrounding the artificial intelligence market. Sandisk and Western Digital reported declines, while Micron and Seagate experienced modest increases. Despite solid fundamentals and last year’s booming AI infrastructure demand, investors focusing on momentum are shifting their attention to different sectors for potential gains.",Economic Times Markets,https://economictimes.indiatimes.com/markets/us-stocks/wall-street-guide/memory-stocks-face-headwinds-as-smart-money-walks-out/articleshow/133416138.cms,,markets,,RSS,False,,"Memory stocks face headwinds as 'smart money' walks out. Memory stocks showed initial promise but are now faltering, weighed down by anxiety surrounding the artificial intelligence market. Sandisk and Western Digital reported declines, while Micron and Seagate experienced modest increases. Despite solid fundamentals and last year’s booming AI infrastructure demand, investors focusing on momentum are shifting their attention to different sectors for potential gains.",64,memory stocks face headwinds as smart money walks out memory stocks showed initial promise but are now faltering weighed down by anxiety surrounding the artificial intelligence market sandisk and western digital reported declines while micron and seagate experienced modest increases despite solid fundamentals and last year s booming ai infrastructure demand investors focusing on momentum are shifting their attention to different sectors for potential gains,"Memory stocks face headwinds as 'smart money' walks out. Memory stocks showed initial promise but are now faltering, weighed down by anxiety surrounding the artificial intelligence market. Sandisk and Western Digital reported declines, while Micron and Seagate experienced modest increases. Despite solid fundamentals and last year s booming AI infrastructure demand, investors focusing on momentum are shifting their attention to different sectors for potential gains.",4,0.9230769230769231,0.0,0.31028500000000003,0.9423076923076923,0.3404275,uncertainty,uncertainty,42.08889711538462,Neutral
ART_40747BD9A42E,2026-08-22,"West Asia tensions cloud market outlook, Nifty may stay rangebound","In a week marked by market stagnation, Indian equity indices closed on an unremarkable note, affected by geopolitical uncertainties and elevated crude oil prices. Experts forecast that without any significant triggers, the Nifty may continue its rangebound trajectory. Crude oil prices consistently stayed above ninety dollars a barrel, with foreign portfolio investors offloading shares while local institutional buyers were active in the market.",Economic Times Markets,https://economictimes.indiatimes.com/markets/stocks/news/west-asia-tensions-cloud-market-outlook-nifty-may-stay-rangebound/articleshow/133415917.cms,,markets,,RSS,False,,"West Asia tensions cloud market outlook, Nifty may stay rangebound. In a week marked by market stagnation, Indian equity indices closed on an unremarkable note, affected by geopolitical uncertainties and elevated crude oil prices. Experts forecast that without any significant triggers, the Nifty may continue its rangebound trajectory. Crude oil prices consistently stayed above ninety dollars a barrel, with foreign portfolio investors offloading shares while local institutional buyers were active in the market.",73,west asia tensions cloud market outlook nifty may stay rangebound in a week marked by market stagnation indian equity indices closed on an unremarkable note affected by geopolitical uncertainties and elevated crude oil prices experts forecast that without any significant triggers the nifty may continue its rangebound trajectory crude oil prices consistently stayed above ninety dollars a barrel with foreign portfolio investors offloading shares while local institutional buyers were active in the market,"West Asia tensions cloud market outlook, Nifty may stay rangebound. In a week marked by market stagnation, Indian equity indices closed on an unremarkable note, affected by geopolitical uncertainties and elevated crude oil prices. Experts forecast that without any significant triggers, the Nifty may continue its rangebound trajectory. Crude oil prices consistently stayed above ninety dollars a barrel, with foreign portfolio investors offloading shares while local institutional buyers were active in the market.",4,0.8356164383561644,0.04941,0.0,1.0,0.0,uncertainty,uncertainty,19.0118,Extreme Fear
ART_F8820FE891CF,2026-08-22,"Gold regains momentum as weak dollar, safe haven demand and seasonal buying support prices","Gold prices have surged sharply in August, supported by a weaker U.S. dollar, expectations of monetary easing, geopolitical tensions, and sustained central-bank purchases. Strong Chinese demand and India’s upcoming festive and wedding season add further support. Despite potential short-term corrections, structural factors including reserve diversification, inflation concerns, and de-dollarisation keep gold’s long-term outlook bullish.",Economic Times Markets,https://economictimes.indiatimes.com/markets/commodities/news/gold-regains-momentum-as-weak-dollar-safe-haven-demand-and-seasonal-buying-support-prices/articleshow/133417184.cms,,markets,,RSS,False,,"Gold regains momentum as weak dollar, safe haven demand and seasonal buying support prices. Gold prices have surged sharply in August, supported by a weaker U.S. dollar, expectations of monetary easing, geopolitical tensions, and sustained central-bank purchases. Strong Chinese demand and India’s upcoming festive and wedding season add further support. Despite potential short-term corrections, structural factors including reserve diversification, inflation concerns, and de-dollarisation keep gold’s long-term outlook bullish.",68,gold regains momentum as weak dollar safe haven demand and seasonal buying support prices gold prices have surged sharply in august supported by a weaker u s dollar expectations of monetary easing geopolitical tensions and sustained central bank purchases strong chinese demand and india s upcoming festive and wedding season add further support despite potential short term corrections structural factors including reserve diversification inflation concerns and de dollarisation keep gold s long term outlook bullish,"Gold regains momentum as weak dollar, safe haven demand and seasonal buying support prices. Gold prices have surged sharply in August, supported by a weaker U.S. dollar, expectations of monetary easing, geopolitical tensions, and sustained central-bank purchases. Strong Chinese demand and India s upcoming festive and wedding season add further support. Despite potential short-term corrections, structural factors including reserve diversification, inflation concerns, and de-dollarisation keep gold s long-term outlook bullish.",6,0.8266666666666667,0.9166666666666667,1.0,0.25,1.0,greed,greed,77.91666666666667,Greed
ART_A554E1A02FB7,2026-08-22,Dubai office boom drives commercial real estate growth; transaction value triples in H1 2026,"Dubai’s commercial real estate market remained resilient in H1 2026, with transaction value rising 8.5% to AED 65.23 billion. Offices led growth, driven by strong Grade A demand and limited supply, while retail also gained momentum. Investors increasingly favored income-generating assets over land, supporting a positive outlook despite geopolitical tensions and Q2 moderation.",Economic Times Markets,https://economictimes.indiatimes.com/markets/digital-real-estate/realty-news/dubai-office-boom-drives-commercial-real-estate-growth-transaction-value-triples-in-h1-2026/articleshow/133417249.cms,,markets,,RSS,False,,"Dubai office boom drives commercial real estate growth; transaction value triples in H1 2026. Dubai’s commercial real estate market remained resilient in H1 2026, with transaction value rising 8.5% to AED 65.23 billion. Offices led growth, driven by strong Grade A demand and limited supply, while retail also gained momentum. Investors increasingly favored income-generating assets over land, supporting a positive outlook despite geopolitical tensions and Q2 moderation.",67,dubai office boom drives commercial real estate growth transaction value triples in h dubai s commercial real estate market remained resilient in h with transaction value rising to aed billion offices led growth driven by strong grade a demand and limited supply while retail also gained momentum investors increasingly favored income generating assets over land supporting a positive outlook despite geopolitical tensions and q moderation,"Dubai office boom drives commercial real estate growth; transaction value triples in H1 2026. Dubai s commercial real estate market remained resilient in H1 2026, with transaction value rising 8.5% to AED 65.23 billion. Offices led growth, driven by strong Grade A demand and limited supply, while retail also gained momentum. Investors increasingly favored income-generating assets over land, supporting a positive outlook despite geopolitical tensions and Q2 moderation.",6,0.8307692307692308,0.0,1.0,0.19230769230769232,0.38779,greed,greed,75.68803461538462,Greed
ART_9EC9108CAE98,2026-08-22,"FPI return to India may be tactical, not structural yet: HSBC MF’s Venugopal Manghat","Foreign investors are cautiously returning to Indian equities, but a durable FPI reallocation remains unconfirmed. HSBC Mutual Fund’s Venugopal Manghat highlights improving earnings, stable domestic demand and manufacturing growth, while stressing valuation discipline. Sustained foreign inflows will depend on earnings delivery, rupee stability, global liquidity, and India’s relative emerging-market valuations.",Economic Times Markets,https://economictimes.indiatimes.com/markets/stocks/news/fpi-return-to-india-may-be-tactical-not-structural-yet-hsbc-mfs-venugopal-manghat/articleshow/133417510.cms,,markets,,RSS,False,,"FPI return to India may be tactical, not structural yet: HSBC MF’s Venugopal Manghat. Foreign investors are cautiously returning to Indian equities, but a durable FPI reallocation remains unconfirmed. HSBC Mutual Fund’s Venugopal Manghat highlights improving earnings, stable domestic demand and manufacturing growth, while stressing valuation discipline. Sustained foreign inflows will depend on earnings delivery, rupee stability, global liquidity, and India’s relative emerging-market valuations.",64,fpi return to india may be tactical not structural yet hsbc mf s venugopal manghat foreign investors are cautiously returning to indian equities but a durable fpi reallocation remains unconfirmed hsbc mutual fund s venugopal manghat highlights improving earnings stable domestic demand and manufacturing growth while stressing valuation discipline sustained foreign inflows will depend on earnings delivery rupee stability global liquidity and india s relative emerging market valuations,"FPI return to India may be tactical, not structural yet: HSBC MF s Venugopal Manghat. Foreign investors are cautiously returning to Indian equities, but a durable FPI reallocation remains unconfirmed. HSBC Mutual Fund s Venugopal Manghat highlights improving earnings, stable domestic demand and manufacturing growth, while stressing valuation discipline. Sustained foreign inflows will depend on earnings delivery, rupee stability, global liquidity, and India s relative emerging-market valuations.",4,0.8382352941176471,0.0,0.03155,1.0,0.25,uncertainty,uncertainty,29.696500000000004,Fear
ART_1C3228D0989F,2026-08-22,"ETMarkets NRI Talk| Rs 1 crore, 5-7 years: How NRIs should allocate across Indian equities, bonds, gold and alternatives, says Rohit Sarin","NRIs investing in India should assess their global portfolio, existing India exposure, liquidity, risk appetite, taxes and repatriation needs before investing. For a Rs 1 crore portfolio, an illustrative allocation is 55–65% equities, 15–20% fixed income, 5–10% gold and 5–10% alternatives, complemented by real assets and diversification.",Economic Times Markets,https://economictimes.indiatimes.com/markets/us-stocks/wall-street-guide/etmarkets-nri-talk-rs-1-crore-5-7-years-how-nris-should-allocate-across-indian-equities-bonds-gold-and-alternatives-says-rohit-sarin/articleshow/133417845.cms,,markets,,RSS,False,,"ETMarkets NRI Talk| Rs 1 crore, 5-7 years: How NRIs should allocate across Indian equities, bonds, gold and alternatives, says Rohit Sarin. NRIs investing in India should assess their global portfolio, existing India exposure, liquidity, risk appetite, taxes and repatriation needs before investing. For a Rs 1 crore portfolio, an illustrative allocation is 55–65% equities, 15–20% fixed income, 5–10% gold and 5–10% alternatives, complemented by real assets and diversification.",69,etmarkets nri talk rs crore years how nris should allocate across indian equities bonds gold and alternatives says rohit sarin nris investing in india should assess their global portfolio existing india exposure liquidity risk appetite taxes and repatriation needs before investing for a rs crore portfolio an illustrative allocation is equities fixed income gold and alternatives complemented by real assets and diversification,"ETMarkets NRI Talk Rs 1 crore, 5-7 years: How NRIs should allocate across Indian equities, bonds, gold and alternatives, says Rohit Sarin. NRIs investing in India should assess their global portfolio, existing India exposure, liquidity, risk appetite, taxes and repatriation needs before investing. For a Rs 1 crore portfolio, an illustrative allocation is 55 65% equities, 15 20% fixed income, 5 10% gold and 5 10% alternatives, complemented by real assets and diversification.",3,0.7903225806451613,0.20931540322580644,0.20161290322580644,0.20674790322580644,0.20161290322580644,fear,fear,40.8173120967742,Neutral
ART_39E7362DB4AA,2026-08-22,"Delayed, Not Denied: India’s BGAI entry waits on market access","India’s potential inclusion in the Bloomberg Global Aggregate Bond Index remains delayed, not denied, with operational accessibility the key hurdle. Inclusion could attract $15–25 billion in foreign inflows, diversify India’s bond investor base, ease borrowing pressures, and strengthen its global investment appeal. A phased inclusion remains likely, supporting India’s long-term bond-market integration.",Economic Times Markets,https://economictimes.indiatimes.com/markets/stocks/news/delayed-not-denied-indias-bgai-entry-waits-on-market-access/articleshow/133417098.cms,,markets,,RSS,False,,"Delayed, Not Denied: India’s BGAI entry waits on market access. India’s potential inclusion in the Bloomberg Global Aggregate Bond Index remains delayed, not denied, with operational accessibility the key hurdle. Inclusion could attract $15–25 billion in foreign inflows, diversify India’s bond investor base, ease borrowing pressures, and strengthen its global investment appeal. A phased inclusion remains likely, supporting India’s long-term bond-market integration.",62,delayed not denied india s bgai entry waits on market access india s potential inclusion in the bloomberg global aggregate bond index remains delayed not denied with operational accessibility the key hurdle inclusion could attract billion in foreign inflows diversify india s bond investor base ease borrowing pressures and strengthen its global investment appeal a phased inclusion remains likely supporting india s long term bond market integration,"Delayed, Not Denied: India s BGAI entry waits on market access. India s potential inclusion in the Bloomberg Global Aggregate Bond Index remains delayed, not denied, with operational accessibility the key hurdle. Inclusion could attract $15 25 billion in foreign inflows, diversify India s bond investor base, ease borrowing pressures, and strengthen its global investment appeal. A phased inclusion remains likely, supporting India s long-term bond-market integration.",4,0.7313432835820896,0.0,0.06125,0.25,0.2791375,optimism,optimism,42.857312500000006,Neutral
ART_7230EFC28EFF,2026-08-22,ETMarkets Smart Talk | India’s diverse earnings story could bring FIIs back: Bandhan Life’s Avinash Agarwal,"While foreign institutional investors (FIIs) have remained net sellers over the past two years amid India’s premium valuations and an earnings slowdown, Avinash Agarwal, Senior Vice President &amp; Head – Equity at Bandhan Life, believes the tide could turn as India offers a diverse pool of large companies with consistent growth and greater earnings visibility.",Economic Times Markets,https://economictimes.indiatimes.com/markets/expert-view/etmarkets-smart-talk-indias-diverse-earnings-story-could-bring-fiis-back-bandhan-lifes-avinash-agarwal/articleshow/133417060.cms,,markets,,RSS,False,,"ETMarkets Smart Talk | India’s diverse earnings story could bring FIIs back: Bandhan Life’s Avinash Agarwal. While foreign institutional investors (FIIs) have remained net sellers over the past two years amid India’s premium valuations and an earnings slowdown, Avinash Agarwal, Senior Vice President &amp; Head – Equity at Bandhan Life, believes the tide could turn as India offers a diverse pool of large companies with consistent growth and greater earnings visibility.",71,etmarkets smart talk india s diverse earnings story could bring fiis back bandhan life s avinash agarwal while foreign institutional investors fiis have remained net sellers over the past two years amid india s premium valuations and an earnings slowdown avinash agarwal senior vice president amp head equity at bandhan life believes the tide could turn as india offers a diverse pool of large companies with consistent growth and greater earnings visibility,"ETMarkets Smart Talk India s diverse earnings story could bring FIIs back: Bandhan Life s Avinash Agarwal. While foreign institutional investors (FIIs) have remained net sellers over the past two years amid India s premium valuations and an earnings slowdown, Avinash Agarwal, Senior Vice President amp; Head Equity at Bandhan Life, believes the tide could turn as India offers a diverse pool of large companies with consistent growth and greater earnings visibility.",2,0.7916666666666666,0.0,0.09920000000000001,1.0,0.3404275,uncertainty,uncertainty,34.89096250000001,Fear
ART_D0E7EBE013A7,2026-08-22,Enovix Is At The Lows For Good Reason (Rating Upgrade),,Seeking Alpha,https://seekingalpha.com/article/4939278-enovix-is-at-the-lows-for-good-reason?source=feed_all_articles,,finance,,RSS,False,,Enovix Is At The Lows For Good Reason (Rating Upgrade).,10,enovix is at the lows for good reason rating upgrade,Enovix Is At The Lows For Good Reason (Rating Upgrade).,1,1.0,0.0,0.29098,0.0,0.08195999999999999,greed,greed,46.598,Neutral
ART_05CAB95EE004,2026-08-22,ETMarkets Smart Talk | Bonds aren’t boring: Where Devang Shah sees the best fixed-income opportunities,"At the same time, the RBI remains watchful of risks from geopolitics, crude oil prices and global monetary policy developments.",Economic Times Markets,https://economictimes.indiatimes.com/markets/bonds/etmarkets-smart-talk-bonds-arent-boring-where-devang-shah-sees-the-best-fixed-income-opportunities/articleshow/133416948.cms,,markets,,RSS,False,,"ETMarkets Smart Talk | Bonds aren’t boring: Where Devang Shah sees the best fixed-income opportunities. At the same time, the RBI remains watchful of risks from geopolitics, crude oil prices and global monetary policy developments.",35,etmarkets smart talk bonds aren t boring where devang shah sees the best fixed income opportunities at the same time the rbi remains watchful of risks from geopolitics crude oil prices and global monetary policy developments,"ETMarkets Smart Talk Bonds aren t boring: Where Devang Shah sees the best fixed-income opportunities. At the same time, the RBI remains watchful of risks from geopolitics, crude oil prices and global monetary policy developments.",2,0.9444444444444444,0.0,0.13730000000000003,0.25,0.43045,optimism,optimism,50.43475000000001,Neutral
ART_25C58EB26C86,2026-08-22,Trump says he did not direct Bessent to intervene in bond market,"President Donald Trump clarified that he had not influenced Treasury Secretary Scott Bessent's decisions in the market. Bessent made choices independently, guided by his grasp of existing economic conditions. In a surprising announcement, the government revealed plans to buy back double the amount of bonds initially anticipated. This unexpected action led to a significant drop in bond yields, although these declines were mostly corrected by the end of the week.",Economic Times Markets,https://economictimes.indiatimes.com/markets/us-stocks/wall-street-guide/trump-says-he-did-not-direct-bessent-to-intervene-in-bond-market/articleshow/133416881.cms,,markets,,RSS,False,,"Trump says he did not direct Bessent to intervene in bond market. President Donald Trump clarified that he had not influenced Treasury Secretary Scott Bessent's decisions in the market. Bessent made choices independently, guided by his grasp of existing economic conditions. In a surprising announcement, the government revealed plans to buy back double the amount of bonds initially anticipated. This unexpected action led to a significant drop in bond yields, although these declines were mostly corrected by the end of the week.",82,trump says he did not direct bessent to intervene in bond market president donald trump clarified that he had not influenced treasury secretary scott bessent s decisions in the market bessent made choices independently guided by his grasp of existing economic conditions in a surprising announcement the government revealed plans to buy back double the amount of bonds initially anticipated this unexpected action led to a significant drop in bond yields although these declines were mostly corrected by the end of the week,"Trump says he did not direct Bessent to intervene in bond market. President Donald Trump clarified that he had not influenced Treasury Secretary Scott Bessent's decisions in the market. Bessent made choices independently, guided by his grasp of existing economic conditions. In a surprising announcement, the government revealed plans to buy back double the amount of bonds initially anticipated. This unexpected action led to a significant drop in bond yields, although these declines were mostly corrected by the end of the week.",5,0.7590361445783133,0.15060240963855423,0.15328240963855422,0.0,0.00402,greed,greed,36.727124096385545,Fear
ART_A5DC3301D6DE,2026-08-22,"Wall Street Week Ahead: Nvidia earnings, Jackson Hole to test pillars of stock rally","Nvidia's upcoming earnings report, alongside the Fed's crucial Jackson Hole symposium, may redefine current market expectations. The recent spike in global bond yields is putting pressure on stocks, raising alarms about borrowing costs for investors. Attention is focused on Fed Chair Kevin Warsh's policy discussions, as Nvidia's performance might unlock vital insights into the growing AI infrastructure needs.",Economic Times Markets,https://economictimes.indiatimes.com/markets/us-stocks/wall-street-guide/wall-st-week-ahead-nvidia-earnings-jackson-hole-to-test-pillars-of-stock-rally/articleshow/133416862.cms,,markets,,RSS,False,,"Wall Street Week Ahead: Nvidia earnings, Jackson Hole to test pillars of stock rally. Nvidia's upcoming earnings report, alongside the Fed's crucial Jackson Hole symposium, may redefine current market expectations. The recent spike in global bond yields is putting pressure on stocks, raising alarms about borrowing costs for investors. Attention is focused on Fed Chair Kevin Warsh's policy discussions, as Nvidia's performance might unlock vital insights into the growing AI infrastructure needs.",72,wall street week ahead nvidia earnings jackson hole to test pillars of stock rally nvidia s upcoming earnings report alongside the fed s crucial jackson hole symposium may redefine current market expectations the recent spike in global bond yields is putting pressure on stocks raising alarms about borrowing costs for investors attention is focused on fed chair kevin warsh s policy discussions as nvidia s performance might unlock vital insights into the growing ai infrastructure needs,"Wall Street Week Ahead: Nvidia earnings, Jackson Hole to test pillars of stock rally. Nvidia's upcoming earnings report, alongside the Fed's crucial Jackson Hole symposium, may redefine current market expectations. The recent spike in global bond yields is putting pressure on stocks, raising alarms about borrowing costs for investors. Attention is focused on Fed Chair Kevin Warsh's policy discussions, as Nvidia's performance might unlock vital insights into the growing AI infrastructure needs.",4,0.8289473684210527,0.0,0.9292736842105263,0.25,0.25,greed,greed,67.8782105263158,Greed
ART_9147ABA790AE,2026-08-22,"Goldman Sachs picks ICICI Bank, Kotak Mahindra Bank as top banking bets","Goldman Sachs has begun its assessment of fourteen Indian banks, pinpointing its top selections. ICICI Bank and Kotak Mahindra Bank stand out with Buy ratings that indicate substantial upside potential. The firm anticipates a cyclical recovery in earnings across the banking sector. It forecasts that private banks will surpass their state-owned counterparts in performance over the next two years, buoyed by loan growth and enhanced liquidity.",Economic Times Markets,https://economictimes.indiatimes.com/markets/stocks/news/goldman-sachs-picks-icici-bank-kotak-mahindra-bank-as-top-banking-bets/articleshow/133416320.cms,,markets,,RSS,False,,"Goldman Sachs picks ICICI Bank, Kotak Mahindra Bank as top banking bets. Goldman Sachs has begun its assessment of fourteen Indian banks, pinpointing its top selections. ICICI Bank and Kotak Mahindra Bank stand out with Buy ratings that indicate substantial upside potential. The firm anticipates a cyclical recovery in earnings across the banking sector. It forecasts that private banks will surpass their state-owned counterparts in performance over the next two years, buoyed by loan growth and enhanced liquidity.",78,goldman sachs picks icici bank kotak mahindra bank as top banking bets goldman sachs has begun its assessment of fourteen indian banks pinpointing its top selections icici bank and kotak mahindra bank stand out with buy ratings that indicate substantial upside potential the firm anticipates a cyclical recovery in earnings across the banking sector it forecasts that private banks will surpass their state owned counterparts in performance over the next two years buoyed by loan growth and enhanced liquidity,"Goldman Sachs picks ICICI Bank, Kotak Mahindra Bank as top banking bets. Goldman Sachs has begun its assessment of fourteen Indian banks, pinpointing its top selections. ICICI Bank and Kotak Mahindra Bank stand out with Buy ratings that indicate substantial upside potential. The firm anticipates a cyclical recovery in earnings across the banking sector. It forecasts that private banks will surpass their state-owned counterparts in performance over the next two years, buoyed by loan growth and enhanced liquidity.",5,0.7848101265822784,0.0,0.280345,0.0,0.2955175,optimism,optimism,53.753462500000005,Neutral
ART_C8B2418BBC51,2026-08-22,Can Skyways Air Services IPO deliver long-term growth for high-risk investors?,Skyways Air Services plans a ₹399 crore IPO to repay debt and fund working capital.  The company's promoter stake will decrease significantly after the initial public offering.  Revenue and profits have shown strong annual growth between FY24 and FY26.  Skyways Air Services has been the leading air freight forwarder for four years.  The issue is recommended for long-term investors with high risk tolerance.,Economic Times Markets,https://economictimes.indiatimes.com/markets/ipos/fpos/can-skyways-air-services-ipo-deliver-long-term-growth-for-high-risk-investors/articleshow/133416205.cms,,markets,,RSS,False,,Can Skyways Air Services IPO deliver long-term growth for high-risk investors?. Skyways Air Services plans a ₹399 crore IPO to repay debt and fund working capital.  The company's promoter stake will decrease significantly after the initial public offering.  Revenue and profits have shown strong annual growth between FY24 and FY26.  Skyways Air Services has been the leading air freight forwarder for four years.  The issue is recommended for long-term investors with high risk tolerance.,74,can skyways air services ipo deliver long term growth for high risk investors skyways air services plans a crore ipo to repay debt and fund working capital the company s promoter stake will decrease significantly after the initial public offering revenue and profits have shown strong annual growth between fy and fy skyways air services has been the leading air freight forwarder for four years the issue is recommended for long term investors with high risk tolerance,Can Skyways Air Services IPO deliver long-term growth for high-risk investors?. Skyways Air Services plans a 399 crore IPO to repay debt and fund working capital. The company's promoter stake will decrease significantly after the initial public offering. Revenue and profits have shown strong annual growth between FY24 and FY26. Skyways Air Services has been the leading air freight forwarder for four years. The issue is recommended for long-term investors with high risk tolerance.,7,0.7142857142857143,0.0,1.0,0.25,1.0,greed,greed,96.25,Extreme Greed
ART_3D4B5E2F1E67,2026-08-22,Sebi proposes new channel partner network to boost retail bond access,"The Securities and Exchange Board of India (Sebi) is set to launch fixed income channel partners to broaden access to the retail bond market. This initiative is particularly focused on increasing engagement in smaller cities across India. Eligible individuals and firms can qualify as partners by fulfilling specific certification standards. Notably, existing mutual fund distributors can apply without incurring any enlistment fees.",Economic Times Markets,https://economictimes.indiatimes.com/markets/bonds/sebi-proposes-new-channel-partner-network-to-boost-retail-bond-access/articleshow/133416068.cms,,markets,,RSS,False,,"Sebi proposes new channel partner network to boost retail bond access. The Securities and Exchange Board of India (Sebi) is set to launch fixed income channel partners to broaden access to the retail bond market. This initiative is particularly focused on increasing engagement in smaller cities across India. Eligible individuals and firms can qualify as partners by fulfilling specific certification standards. Notably, existing mutual fund distributors can apply without incurring any enlistment fees.",73,sebi proposes new channel partner network to boost retail bond access the securities and exchange board of india sebi is set to launch fixed income channel partners to broaden access to the retail bond market this initiative is particularly focused on increasing engagement in smaller cities across india eligible individuals and firms can qualify as partners by fulfilling specific certification standards notably existing mutual fund distributors can apply without incurring any enlistment fees,"Sebi proposes new channel partner network to boost retail bond access. The Securities and Exchange Board of India (Sebi) is set to launch fixed income channel partners to broaden access to the retail bond market. This initiative is particularly focused on increasing engagement in smaller cities across India. Eligible individuals and firms can qualify as partners by fulfilling specific certification standards. Notably, existing mutual fund distributors can apply without incurring any enlistment fees.",5,0.8082191780821918,0.0,0.10372,0.0,1.0,optimism,optimism,73.1116,Greed
ART_7FE5036F7289,2026-08-22,Aditya Infotech rebounds on fundraise plans; analysts see up to 20% upside,"The shares of Aditya Infotech have made a notable recovery after a recent equity raise focused on enhancing capacity. However, the company is grappling with high electronic component prices that are squeezing profits. On a positive note, the introduction of new STQC norms is expanding the market opportunities for Indian manufacturers.",Economic Times Markets,https://economictimes.indiatimes.com/markets/stocks/news/aditya-infotech-rebounds-on-fundraise-plans-analysts-see-up-to-20-upside/articleshow/133415946.cms,,markets,,RSS,False,,"Aditya Infotech rebounds on fundraise plans; analysts see up to 20% upside. The shares of Aditya Infotech have made a notable recovery after a recent equity raise focused on enhancing capacity. However, the company is grappling with high electronic component prices that are squeezing profits. On a positive note, the introduction of new STQC norms is expanding the market opportunities for Indian manufacturers.",63,aditya infotech rebounds on fundraise plans analysts see up to upside the shares of aditya infotech have made a notable recovery after a recent equity raise focused on enhancing capacity however the company is grappling with high electronic component prices that are squeezing profits on a positive note the introduction of new stqc norms is expanding the market opportunities for indian manufacturers,"Aditya Infotech rebounds on fundraise plans; analysts see up to 20% upside. The shares of Aditya Infotech have made a notable recovery after a recent equity raise focused on enhancing capacity. However, the company is grappling with high electronic component prices that are squeezing profits. On a positive note, the introduction of new STQC norms is expanding the market opportunities for Indian manufacturers.",4,0.8225806451612904,0.0,0.9974579032258064,0.0,0.25,greed,greed,73.67373709677419,Greed
ART_5078AA4E1B3B,2026-08-22,5 world market themes for the week ahead,"The Jackson Hole symposium is just around the corner, bringing together central bank chiefs to tackle the pressing issue of global inflation amidst soaring oil prices. Nvidia's earnings report is anticipated to unveil key trends in AI expenditure. Meanwhile, South Korea's central bank might deliberate a fresh interest rate hike, and Icelanders face an important vote on rekindling talks about joining the European Union.",Economic Times Markets,https://economictimes.indiatimes.com/markets/us-stocks/wall-street-guide/5-world-market-themes-for-the-week-ahead/articleshow/133416904.cms,,markets,,RSS,False,,"5 world market themes for the week ahead. The Jackson Hole symposium is just around the corner, bringing together central bank chiefs to tackle the pressing issue of global inflation amidst soaring oil prices. Nvidia's earnings report is anticipated to unveil key trends in AI expenditure. Meanwhile, South Korea's central bank might deliberate a fresh interest rate hike, and Icelanders face an important vote on rekindling talks about joining the European Union.",72,world market themes for the week ahead the jackson hole symposium is just around the corner bringing together central bank chiefs to tackle the pressing issue of global inflation amidst soaring oil prices nvidia s earnings report is anticipated to unveil key trends in ai expenditure meanwhile south korea s central bank might deliberate a fresh interest rate hike and icelanders face an important vote on rekindling talks about joining the european union,"5 world market themes for the week ahead. The Jackson Hole symposium is just around the corner, bringing together central bank chiefs to tackle the pressing issue of global inflation amidst soaring oil prices. Nvidia's earnings report is anticipated to unveil key trends in AI expenditure. Meanwhile, South Korea's central bank might deliberate a fresh interest rate hike, and Icelanders face an important vote on rekindling talks about joining the European Union.",4,0.8767123287671232,0.0,0.20757787671232875,0.17123287671232876,0.054517499999999997,greed,greed,40.56695565068493,Neutral
ART_B2EFA48CEE04,2026-08-22,"Enerflex: The Market Is Still Pricing A Fabricator, Not A Lifecycle Infrastructure Platform",,Seeking Alpha,https://seekingalpha.com/article/4939279-enerflex-the-market-is-still-pricing-a-fabricator-not-a-lifecycle-infrastructure-platform?source=feed_all_articles,,finance,,RSS,False,,"Enerflex: The Market Is Still Pricing A Fabricator, Not A Lifecycle Infrastructure Platform.",13,enerflex the market is still pricing a fabricator not a lifecycle infrastructure platform,"Enerflex: The Market Is Still Pricing A Fabricator, Not A Lifecycle Infrastructure Platform.",1,0.9230769230769231,1.0,0.0,0.0,0.0,fear,fear,15.0,Extreme Fear
ART_3683DC8A35B3,2026-08-22,"Gaja Alternative IPO: Focus shifts to allotment date; latest GMP, 6 steps to check status","Gaja Alternative IPO allotment will be finalised on 24 August. Investors can check their allotment status on the MUFG Intime India portal. The IPO had a subscription of 31.33 times and shares will be allocated on 26 August, with refunds starting on 25 August for unsuccessful applicants.",Mint Markets,https://www.livemint.com/market/ipo/gaja-alternative-ipo-focus-shifts-to-allotment-date-latest-gmp-6-steps-to-check-status-11787380024927.html,,markets,,RSS,False,,"Gaja Alternative IPO: Focus shifts to allotment date; latest GMP, 6 steps to check status. Gaja Alternative IPO allotment will be finalised on 24 August. Investors can check their allotment status on the MUFG Intime India portal. The IPO had a subscription of 31.33 times and shares will be allocated on 26 August, with refunds starting on 25 August for unsuccessful applicants.",62,gaja alternative ipo focus shifts to allotment date latest gmp steps to check status gaja alternative ipo allotment will be finalised on august investors can check their allotment status on the mufg intime india portal the ipo had a subscription of times and shares will be allocated on august with refunds starting on august for unsuccessful applicants,"Gaja Alternative IPO: Focus shifts to allotment date; latest GMP, 6 steps to check status. Gaja Alternative IPO allotment will be finalised on 24 August. Investors can check their allotment status on the MUFG Intime India portal. The IPO had a subscription of 31.33 times and shares will be allocated on 26 August, with refunds starting on 25 August for unsuccessful applicants.",5,0.7017543859649122,0.00579,0.25,0.0038600000000000006,0.0,greed,greed,42.3263,Neutral
ART_D337163B7C75,2026-08-22,Peoples Financial Services: A Small-Cap Regional Bank With Mixed Results,,Seeking Alpha,https://seekingalpha.com/article/4939281-peoples-financial-services-corp-a-small-cap-regional-bank-with-mixed-results?source=feed_all_articles,,finance,,RSS,False,,Peoples Financial Services: A Small-Cap Regional Bank With Mixed Results.,10,peoples financial services a small cap regional bank with mixed results,Peoples Financial Services: A Small-Cap Regional Bank With Mixed Results.,1,1.0,0.0,0.0,1.0,0.0,uncertainty,uncertainty,20.0,Fear
ART_5F40F07ACA53,2026-08-22,Lumentum president Wupen Yuen sells $1.69 million LITE stock,,Investing.com India,https://in.investing.com/news/stock-market-news/lumentum-president-wupen-yuen-sells-169-million-lite-stock-93CH-5567973,Investing.com,markets,,RSS,False,,Lumentum president Wupen Yuen sells $1.69 million LITE stock.,9,lumentum president wupen yuen sells million lite stock,Lumentum president Wupen Yuen sells $1.69 million LITE stock.,2,1.0,0.0,0.0,0.0,0.0,fear,fear,35.0,Fear
ART_9DF33C8DD6BA,2026-08-22,GoodRx 10% owner Francisco Partners sells $4.2m in shares,,Investing.com India,https://in.investing.com/news/stock-market-news/goodrx-10-owner-francisco-partners-sells-42m-in-shares-93CH-5567974,Investing.com,markets,,RSS,False,,GoodRx 10% owner Francisco Partners sells $4.2m in shares.,9,goodrx owner francisco partners sells m in shares,GoodRx 10% owner Francisco Partners sells $4.2m in shares.,2,1.0,0.0,0.0592,0.0,0.08879999999999999,optimism,optimism,39.884,Fear
ART_14342C1AFEFE,2026-08-22,CoreWeave CSO Brian Venturo sells $542k class A stock,,Investing.com India,https://in.investing.com/news/stock-market-news/coreweave-cso-brian-venturo-sells-542k-class-a-stock-93CH-5567972,Investing.com,markets,,RSS,False,,CoreWeave CSO Brian Venturo sells $542k class A stock.,9,coreweave cso brian venturo sells k class a stock,CoreWeave CSO Brian Venturo sells $542k class A stock.,1,1.0,0.0,0.0,0.0,0.0,fear,fear,35.0,Fear
ART_BE24D50CA80B,2026-08-22,"Rivian CFO Claire McDonough sells $128,368 in company stock",,Investing.com India,https://in.investing.com/news/stock-market-news/rivian-cfo-claire-mcdonough-sells-128368-in-company-stock-93CH-5567975,Investing.com,markets,,RSS,False,,"Rivian CFO Claire McDonough sells $128,368 in company stock.",9,rivian cfo claire mcdonough sells in company stock,"Rivian CFO Claire McDonough sells $128,368 in company stock.",1,1.0,0.0,0.0,0.0,0.0,fear,fear,35.0,Fear
ART_A939B45B3FA1,2026-08-22,Crowdstrike CEO George Kurtz sells $1.93m in company stock,,Investing.com India,https://in.investing.com/news/stock-market-news/crowdstrike-ceo-george-kurtz-sells-193m-in-company-stock-93CH-5567977,Investing.com,markets,,RSS,False,,Crowdstrike CEO George Kurtz sells $1.93m in company stock.,9,crowdstrike ceo george kurtz sells m in company stock,Crowdstrike CEO George Kurtz sells $1.93m in company stock.,2,1.0,0.0,0.0,0.0,0.0,fear,fear,35.0,Fear
ART_F5B980E7E5DB,2026-08-22,"Archer Aviation CSO Eric Lentell sells $631,000 in company stock",,Investing.com India,https://in.investing.com/news/stock-market-news/archer-aviation-cso-eric-lentell-sells-631000-in-company-stock-93CH-5567978,Investing.com,markets,,RSS,False,,"Archer Aviation CSO Eric Lentell sells $631,000 in company stock.",10,archer aviation cso eric lentell sells in company stock,"Archer Aviation CSO Eric Lentell sells $631,000 in company stock.",1,1.0,0.0,0.0,0.0,0.0,fear,fear,35.0,Fear
ART_16EF82A2B6F9,2026-08-22,"CoreWeave COO Sachin Jain sells $582,427 in shares",,Investing.com India,https://in.investing.com/news/stock-market-news/coreweave-coo-sachin-jain-sells-582427-in-shares-93CH-5567976,Investing.com,markets,,RSS,False,,"CoreWeave COO Sachin Jain sells $582,427 in shares.",8,coreweave coo sachin jain sells in shares,"CoreWeave COO Sachin Jain sells $582,427 in shares.",1,1.0,0.0,0.0592,0.0,0.08879999999999999,optimism,optimism,39.884,Fear
ART_D925B088F405,2026-08-22,Texas Roadhouse CEO Gerald Morgan sells $3.03m in TXRH stock,,Investing.com India,https://in.investing.com/news/stock-market-news/texas-roadhouse-ceo-gerald-morgan-sells-303m-in-txrh-stock-93CH-5567983,Investing.com,markets,,RSS,False,,Texas Roadhouse CEO Gerald Morgan sells $3.03m in TXRH stock.,10,texas roadhouse ceo gerald morgan sells m in txrh stock,Texas Roadhouse CEO Gerald Morgan sells $3.03m in TXRH stock.,2,1.0,0.0,0.0,0.0,0.0,fear,fear,35.0,Fear
ART_511B53EEE973,2026-08-22,"Universal safety products: Director Ault buys $183,344 in stock",,Investing.com India,https://in.investing.com/news/stock-market-news/universal-safety-products-director-ault-buys-183344-in-stock-93CH-5567984,Investing.com,markets,,RSS,False,,"Universal safety products: Director Ault buys $183,344 in stock.",9,universal safety products director ault buys in stock,"Universal safety products: Director Ault buys $183,344 in stock.",1,1.0,0.0,0.0843,0.0,0.12644999999999998,optimism,optimism,41.954750000000004,Neutral
ART_2EA4B7F4EA77,2026-08-22,"CoreWeave CDO Brannin McBee sells $331,686 in stock",,Investing.com India,https://in.investing.com/news/stock-market-news/coreweave-cdo-brannin-mcbee-sells-331686-in-stock-93CH-5567970,Investing.com,markets,,RSS,False,,"CoreWeave CDO Brannin McBee sells $331,686 in stock.",8,coreweave cdo brannin mcbee sells in stock,"CoreWeave CDO Brannin McBee sells $331,686 in stock.",1,1.0,0.0,0.0,0.0,0.0,fear,fear,35.0,Fear
ART_CD310C3092C2,2026-08-22,Luxury Sales Plunge in China as Tax Push Hits Rich Shoppers,"Global luxury brands are facing a deepening sales slump in China, as the country’s campaign to tax offshore wealth sends ripples from stock markets to casino floors and dampens spending by the country’s richest consumers.",Mint Markets,https://www.livemint.com/market/luxury-sales-plunge-in-china-as-tax-push-hits-rich-shoppers-11787382434070.html,,markets,,RSS,False,,"Luxury Sales Plunge in China as Tax Push Hits Rich Shoppers. Global luxury brands are facing a deepening sales slump in China, as the country’s campaign to tax offshore wealth sends ripples from stock markets to casino floors and dampens spending by the country’s richest consumers.",46,luxury sales plunge in china as tax push hits rich shoppers global luxury brands are facing a deepening sales slump in china as the country s campaign to tax offshore wealth sends ripples from stock markets to casino floors and dampens spending by the country s richest consumers,"Luxury Sales Plunge in China as Tax Push Hits Rich Shoppers. Global luxury brands are facing a deepening sales slump in China, as the country s campaign to tax offshore wealth sends ripples from stock markets to casino floors and dampens spending by the country s richest consumers.",2,0.7916666666666666,1.0,0.33361,0.0,0.375415,fear,fear,38.147825000000005,Fear
ART_78B3169F9F5F,2026-08-22,Six investors reveal the biggest market risks — and one strategy they agree on,"Investors see different risks threatening markets, but broadly agree that traders should diversify beyond recent winners.",CNBC Markets,https://www.cnbc.com/2026/08/22/investors-market-risks-diversification-stocks-kospi.html,,markets,,RSS,False,,"Six investors reveal the biggest market risks — and one strategy they agree on. Investors see different risks threatening markets, but broadly agree that traders should diversify beyond recent winners.",30,six investors reveal the biggest market risks and one strategy they agree on investors see different risks threatening markets but broadly agree that traders should diversify beyond recent winners,"Six investors reveal the biggest market risks and one strategy they agree on. Investors see different risks threatening markets, but broadly agree that traders should diversify beyond recent winners.",2,0.896551724137931,0.0,0.050655,1.0,0.0759825,uncertainty,uncertainty,24.1790375,Fear
ART_1B8484A83F1A,2026-08-22,"U.S., Canada fail to reach a tariff deal, deepen trade war","The United States and Canada failed to reach a trade deal late on Friday, and the U.S. said it would impose 50% tariffs on some imports from Canada.",CNBC Markets,https://www.cnbc.com/2026/08/21/us-canada-fail-to-reach-a-tariff-deal-deepen-trade-war.html,,markets,,RSS,False,,"U.S., Canada fail to reach a tariff deal, deepen trade war. The United States and Canada failed to reach a trade deal late on Friday, and the U.S. said it would impose 50% tariffs on some imports from Canada.",39,u s canada fail to reach a tariff deal deepen trade war the united states and canada failed to reach a trade deal late on friday and the u s said it would impose tariffs on some imports from canada,"U.S., Canada fail to reach a tariff deal, deepen trade war. The United States and Canada failed to reach a trade deal late on Friday, and the U.S. said it would impose 50% tariffs on some imports from Canada.",6,0.7,0.43166499999999997,0.0,0.16471000000000002,0.0,fear,fear,23.89605,Fear
ART_A0F814FB0CC1,2026-08-22,Vijay Kedia’s fresh bet on a fintech stock,"Kedia Securities has bought 2 million shares of Zaggle Prepaid after the fintech stock hit a 52-week low, despite a sharp drop in profit and margins.",Mint Markets,https://www.livemint.com/market/stock-market-news/vijay-kedia-s-fresh-bet-on-a-fintech-stock-11787308701757.html,,markets,,RSS,False,,"Vijay Kedia’s fresh bet on a fintech stock. Kedia Securities has bought 2 million shares of Zaggle Prepaid after the fintech stock hit a 52-week low, despite a sharp drop in profit and margins.",34,vijay kedia s fresh bet on a fintech stock kedia securities has bought million shares of zaggle prepaid after the fintech stock hit a week low despite a sharp drop in profit and margins,"Vijay Kedia s fresh bet on a fintech stock. Kedia Securities has bought 2 million shares of Zaggle Prepaid after the fintech stock hit a 52-week low, despite a sharp drop in profit and margins.",2,0.8529411764705882,0.25,0.29773,0.0,0.1322025,greed,greed,43.5589875,Neutral
ART_3A12C3BE293B,2026-08-22,Stocks to buy under  ₹200: Mehul Kothari of Anand Rathi recommends three shares to buy or sell,"Stocks to buy under  ₹200: Mehul Kothari of Anand Rathi recommends three shares to buy or sell — NCC, Finolex Industries, and Nocil",Mint Markets,https://www.livemint.com/market/stock-market-news/stocks-to-buy-under-rs-200-mehul-kothari-of-anand-rathi-recommends-three-shares-to-buy-or-sell-11787361611357.html,,markets,,RSS,False,,"Stocks to buy under  ₹200: Mehul Kothari of Anand Rathi recommends three shares to buy or sell. Stocks to buy under  ₹200: Mehul Kothari of Anand Rathi recommends three shares to buy or sell — NCC, Finolex Industries, and Nocil",40,stocks to buy under mehul kothari of anand rathi recommends three shares to buy or sell stocks to buy under mehul kothari of anand rathi recommends three shares to buy or sell ncc finolex industries and nocil,"Stocks to buy under 200: Mehul Kothari of Anand Rathi recommends three shares to buy or sell. Stocks to buy under 200: Mehul Kothari of Anand Rathi recommends three shares to buy or sell NCC, Finolex Industries, and Nocil",1,0.5135135135135135,0.0,1.0,0.0,0.16239,greed,greed,70.68365000000001,Greed
ART_F0929C2E887A,2026-08-22,"Nifty may hit 28,000 in the next 1 year, says Pankaj Pandey of ICICI Securities, suggests 5 stocks for up to 60% upside","Pankaj Pandey, the head of research at ICICI Securities, retains his 12-month rolling Nifty target as 28,000, i.e., 20 times P/E on FY28E, with the corresponding Sensex target placed at 93,000.",Mint Markets,https://www.livemint.com/market/stock-market-news/nifty-may-hit-28-000-in-the-next-1-year-says-pankaj-pandey-of-icici-securities-suggests-5-stocks-for-up-to-60-upside-11787323383377.html,,markets,,RSS,False,,"Nifty may hit 28,000 in the next 1 year, says Pankaj Pandey of ICICI Securities, suggests 5 stocks for up to 60% upside. Pankaj Pandey, the head of research at ICICI Securities, retains his 12-month rolling Nifty target as 28,000, i.e., 20 times P/E on FY28E, with the corresponding Sensex target placed at 93,000.",54,nifty may hit in the next year says pankaj pandey of icici securities suggests stocks for up to upside pankaj pandey the head of research at icici securities retains his month rolling nifty target as i e times p e on fy e with the corresponding sensex target placed at,"Nifty may hit 28,000 in the next 1 year, says Pankaj Pandey of ICICI Securities, suggests 5 stocks for up to 60% upside. Pankaj Pandey, the head of research at ICICI Securities, retains his 12-month rolling Nifty target as 28,000, i.e., 20 times P E on FY28E, with the corresponding Sensex target placed at 93,000.",4,0.76,0.0,1.0,1.0,0.197235,greed,greed,56.903225,Neutral
ART_5A009383A4BB,2026-08-22,Explained | How Bitcoin rally led to skyrocketing of crypto stocks | What’s fuelling surge of both? Climbing in tandem,"Bitcoin price surge: US Treasury's buy back move eased a bond-market selloff that had pushed 30-year yields to 2007 highs, and lower yields tend to support risk assets like cryptocurrency",Mint Markets,https://www.livemint.com/market/cryptocurrency/explained-how-bitcoin-rally-led-to-skyrocketing-of-crypto-stocks-what-s-fuelling-surge-of-both-climbing-in-tandem-11787364376857.html,,markets,,RSS,False,,"Explained | How Bitcoin rally led to skyrocketing of crypto stocks | What’s fuelling surge of both? Climbing in tandem. Bitcoin price surge: US Treasury's buy back move eased a bond-market selloff that had pushed 30-year yields to 2007 highs, and lower yields tend to support risk assets like cryptocurrency",50,explained how bitcoin rally led to skyrocketing of crypto stocks what s fuelling surge of both climbing in tandem bitcoin price surge us treasury s buy back move eased a bond market selloff that had pushed year yields to highs and lower yields tend to support risk assets like cryptocurrency,"Explained How Bitcoin rally led to skyrocketing of crypto stocks What s fuelling surge of both? Climbing in tandem. Bitcoin price surge: US Treasury's buy back move eased a bond-market selloff that had pushed 30-year yields to 2007 highs, and lower yields tend to support risk assets like cryptocurrency",2,0.86,0.25,1.0,0.25,0.051059999999999994,greed,greed,58.03710000000001,Neutral
ART_F59F1E21BD52,2026-08-22,Sugar Rises on India Tightness Amid Demand Anxieties,"Sugar futures in New York were headed for the biggest weekly gain since May 2025 amid tight supplies in India and volatility fueled by demand uncertainty, physical supplies and the prospect of Brazilian mills directing more cane to produce the sweetener.",Mint Markets,https://www.livemint.com/market/sugar-rises-on-india-tightness-amid-demand-anxieties-11787372290067.html,,markets,,RSS,False,,"Sugar Rises on India Tightness Amid Demand Anxieties. Sugar futures in New York were headed for the biggest weekly gain since May 2025 amid tight supplies in India and volatility fueled by demand uncertainty, physical supplies and the prospect of Brazilian mills directing more cane to produce the sweetener.",49,sugar rises on india tightness amid demand anxieties sugar futures in new york were headed for the biggest weekly gain since may amid tight supplies in india and volatility fueled by demand uncertainty physical supplies and the prospect of brazilian mills directing more cane to produce the sweetener,"Sugar Rises on India Tightness Amid Demand Anxieties. Sugar futures in New York were headed for the biggest weekly gain since May 2025 amid tight supplies in India and volatility fueled by demand uncertainty, physical supplies and the prospect of Brazilian mills directing more cane to produce the sweetener.",2,0.8125,0.06147,0.007655000000000001,0.29098,1.0,optimism,optimism,64.63555000000001,Greed
ART_4AB8B7C26744,2026-08-22,Private banking stocks witnessing fresh momentum; should you bet or book profit?,"Stocks such as Karnataka Bank has jumped over 15% so far in August. Shares of DCB Bank, AU Small Finance Bank, City Union Bank, Kotak Mahindra Bank, IDFC First Bank, and Axis Bank have gained between 1-9% this month so far.",Mint Markets,https://www.livemint.com/market/stock-market-news/private-banking-stocks-witnessing-fresh-momentum-should-you-bet-or-book-profit-11787327701659.html,,markets,,RSS,False,,"Private banking stocks witnessing fresh momentum; should you bet or book profit?. Stocks such as Karnataka Bank has jumped over 15% so far in August. Shares of DCB Bank, AU Small Finance Bank, City Union Bank, Kotak Mahindra Bank, IDFC First Bank, and Axis Bank have gained between 1-9% this month so far.",53,private banking stocks witnessing fresh momentum should you bet or book profit stocks such as karnataka bank has jumped over so far in august shares of dcb bank au small finance bank city union bank kotak mahindra bank idfc first bank and axis bank have gained between this month so far,"Private banking stocks witnessing fresh momentum; should you bet or book profit?. Stocks such as Karnataka Bank has jumped over 15% so far in August. Shares of DCB Bank, AU Small Finance Bank, City Union Bank, Kotak Mahindra Bank, IDFC First Bank, and Axis Bank have gained between 1-9% this month so far.",4,0.8235294117647058,0.0,0.34553500000000004,0.0,0.3933025,optimism,optimism,59.131637500000004,Neutral
ART_8FE2F2AD9C76,2026-08-22,Buy or sell: Sumeet Bagadia recommends three stocks to buy on Monday — 24 August 2026,"Buy or sell: Sumeet Bagadia recommends three stocks to buy on Monday — HDFC Life, BEL, and Nestle India",Mint Markets,https://www.livemint.com/market/stock-market-news/buy-or-sell-sumeet-bagadia-recommends-three-stocks-to-buy-on-monday-24-august-2026-11787369417517.html,,markets,,RSS,False,,"Buy or sell: Sumeet Bagadia recommends three stocks to buy on Monday — 24 August 2026. Buy or sell: Sumeet Bagadia recommends three stocks to buy on Monday — HDFC Life, BEL, and Nestle India",35,buy or sell sumeet bagadia recommends three stocks to buy on monday august buy or sell sumeet bagadia recommends three stocks to buy on monday hdfc life bel and nestle india,"Buy or sell: Sumeet Bagadia recommends three stocks to buy on Monday 24 August 2026. Buy or sell: Sumeet Bagadia recommends three stocks to buy on Monday HDFC Life, BEL, and Nestle India",1,0.5806451612903226,0.0,1.0,0.0,0.08252999999999999,greed,greed,67.88855000000001,Greed
ART_BEB4B32A99DF,2026-08-22,Altérra CEO says $250 billion climate investment target is within reach,Altérra CEO Majid Al Suwaidi says the UAE-backed climate investor is “extremely confident” it can mobilize $250 billion by 2030.,CNBC Markets,https://www.cnbc.com/video/2026/08/22/alterra-climate-investment-2030.html,,markets,,RSS,False,,Altérra CEO says $250 billion climate investment target is within reach. Altérra CEO Majid Al Suwaidi says the UAE-backed climate investor is “extremely confident” it can mobilize $250 billion by 2030.,31,alt rra ceo says billion climate investment target is within reach alt rra ceo majid al suwaidi says the uae backed climate investor is extremely confident it can mobilize billion by,Alt rra CEO says $250 billion climate investment target is within reach. Alt rra CEO Majid Al Suwaidi says the UAE-backed climate investor is extremely confident it can mobilize $250 billion by 2030.,2,0.7741935483870968,0.0,1.0,0.0,1.0,greed,greed,100.0,Extreme Greed
ART_24976E1B38D3,2026-08-22,American Homes 4 Rent: Affordability Pressures Support Rental Demand,,Seeking Alpha,https://seekingalpha.com/article/4939280-american-homes-4-rent-affordability-pressures-support-rental-demand?source=feed_all_articles,,finance,,RSS,False,,American Homes 4 Rent: Affordability Pressures Support Rental Demand.,9,american homes rent affordability pressures support rental demand,American Homes 4 Rent: Affordability Pressures Support Rental Demand.,1,1.0,0.0,0.0,0.0,1.0,optimism,optimism,70.0,Greed
ART_654B1987EE7D,2026-08-22,Japan Flash PMI Signals Near-Record Price Pressures Amid Ongoing Growth Spurt,,Seeking Alpha,https://seekingalpha.com/article/4939309-japan-flash-pmi-signals-near-record-price-pressures-amid-ongoing-growth-spurt?source=feed_all_articles,,finance,,RSS,False,,Japan Flash PMI Signals Near-Record Price Pressures Amid Ongoing Growth Spurt.,11,japan flash pmi signals near record price pressures amid ongoing growth spurt,Japan Flash PMI Signals Near-Record Price Pressures Amid Ongoing Growth Spurt.,1,1.0,0.0,0.26158,0.0,1.0,optimism,optimism,77.8474,Greed
ART_C9519447399F,2026-08-22,Ecora Royalties: The Cobalt Shift Still Needs Proof,,Seeking Alpha,https://seekingalpha.com/article/4939303-ecora-royalties-cobalt-shift-still-needs-proof?source=feed_all_articles,,finance,,RSS,False,,Ecora Royalties: The Cobalt Shift Still Needs Proof.,8,ecora royalties the cobalt shift still needs proof,Ecora Royalties: The Cobalt Shift Still Needs Proof.,1,1.0,0.0,0.0,0.0,0.0,fear,fear,35.0,Fear
ART_69D90FDB14DE,2026-08-22,"The First Bancorp: Not Bad, But Not Quite Good Enough",,Seeking Alpha,https://seekingalpha.com/article/4939282-the-first-bancorp-not-bad-but-not-quite-good-enough?source=feed_all_articles,,finance,,RSS,False,,"The First Bancorp: Not Bad, But Not Quite Good Enough.",10,the first bancorp not bad but not quite good enough,"The First Bancorp: Not Bad, But Not Quite Good Enough.",1,0.9,0.10892999999999999,0.0,0.07262,0.0,fear,fear,31.732100000000003,Fear
ART_4A0503ACD0CC,2026-08-22,"Impinj: Priced For Perfection, But The Core Business Is Far From It",,Seeking Alpha,https://seekingalpha.com/article/4939283-impinj-priced-for-perfection-but-the-core-business-is-far-from-it?source=feed_all_articles,,finance,,RSS,False,,"Impinj: Priced For Perfection, But The Core Business Is Far From It.",12,impinj priced for perfection but the core business is far from it,"Impinj: Priced For Perfection, But The Core Business Is Far From It.",1,1.0,0.0,0.06582,0.0,0.09873,optimism,optimism,40.430150000000005,Neutral
ART_14D43D21CD5D,2026-08-22,"FX Markets And Central Banks Overview: USD/CAD, AUD/USD",,Seeking Alpha,https://seekingalpha.com/article/4939284-fx-markets-central-banks-overview-usdcad-audusd?source=feed_all_articles,,finance,,RSS,False,,"FX Markets And Central Banks Overview: USD/CAD, AUD/USD.",8,fx markets and central banks overview usd cad aud usd,"FX Markets And Central Banks Overview: USD CAD, AUD USD.",1,0.9,0.0,0.0,0.0,0.0,fear,fear,35.0,Fear
ART_8B61C923ED8D,2026-08-22,Politics And The Markets 08/22/26,,Seeking Alpha,https://seekingalpha.com/article/4931533-politics-and-the-markets-082226?source=feed_all_articles,,finance,,RSS,False,,Politics And The Markets 08/22/26.,5,politics and the markets,Politics And The Markets 08 22 26.,1,1.0,0.0,0.0,0.0,0.0,fear,fear,35.0,Fear
ART_19E8B0CDF8AB,2026-08-22,The Market Is Trying To Tell Us Something About 2027,,Seeking Alpha,https://seekingalpha.com/article/4939285-market-is-trying-to-tell-us-something-about-2027?source=feed_all_articles,,finance,,RSS,False,,The Market Is Trying To Tell Us Something About 2027.,10,the market is trying to tell us something about,The Market Is Trying To Tell Us Something About 2027.,1,1.0,0.0,0.0,0.0,0.0,fear,fear,35.0,Fear
ART_52AD676DC9F6,2026-08-22,The Real Cost Of $40 Trillion In Debt,,Seeking Alpha,https://seekingalpha.com/article/4939287-real-cost-of-40-trillion-in-debt?source=feed_all_articles,,finance,,RSS,False,,The Real Cost Of $40 Trillion In Debt.,8,the real cost of trillion in debt,The Real Cost Of $40 Trillion In Debt.,1,1.0,0.10836,0.0,0.07224000000000001,0.0,fear,fear,31.749200000000005,Fear
ART_E6FD981A6FC8,2026-08-22,"Eikon Therapeutics, Inc. (EIKN) Discusses Advances in PARP1 Biology and Next-Generation PARP Inhibitors in Oncology Transcript",,Seeking Alpha,https://seekingalpha.com/article/4939273-eikon-therapeutics-inc-eikn-discusses-advances-in-parp1-biology-and-next-generation-parp?source=feed_all_articles,,finance,,RSS,False,,"Eikon Therapeutics, Inc. (EIKN) Discusses Advances in PARP1 Biology and Next-Generation PARP Inhibitors in Oncology Transcript.",16,eikon therapeutics inc eikn discusses advances in parp biology and next generation parp inhibitors in oncology transcript,"Eikon Therapeutics, Inc. (EIKN) Discusses Advances in PARP1 Biology and Next-Generation PARP Inhibitors in Oncology Transcript.",2,0.8823529411764706,0.075,0.0,0.05,0.0,fear,fear,32.75,Fear
ART_D5CD82B0B70E,2026-08-22,U.S. IPO Weekly Recap: Lyntris And First Breach Lead A Defense-Heavy Week,,Seeking Alpha,https://seekingalpha.com/article/4939292-us-ipo-lyntris-first-breach-lead-defense-heavy-week?source=feed_all_articles,,finance,,RSS,False,,U.S. IPO Weekly Recap: Lyntris And First Breach Lead A Defense-Heavy Week.,12,u s ipo weekly recap lyntris and first breach lead a defense heavy week,U.S. IPO Weekly Recap: Lyntris And First Breach Lead A Defense-Heavy Week.,3,1.0,0.0,1.0,0.0,0.0096,greed,greed,65.336,Greed
ART_9B7371F701F3,2026-08-22,Realty Income: European Growth Engine Backs This Monthly Dividend Payer,,Seeking Alpha,https://seekingalpha.com/article/4939305-realty-income-european-growth-engine-backs-this-monthly-dividend-payer?source=feed_all_articles,,finance,,RSS,False,,Realty Income: European Growth Engine Backs This Monthly Dividend Payer.,10,realty income european growth engine backs this monthly dividend payer,Realty Income: European Growth Engine Backs This Monthly Dividend Payer.,1,1.0,0.0,0.068,0.0,1.0,optimism,optimism,72.04,Greed
ART_ABF79E9A3F64,2026-08-22,Flex: The Bull Case And The Trap,,Seeking Alpha,https://seekingalpha.com/article/4939286-flex-the-bull-case-and-the-trap?source=feed_all_articles,,finance,,RSS,False,,Flex: The Bull Case And The Trap.,7,flex the bull case and the trap,Flex: The Bull Case And The Trap.,1,0.8571428571428571,0.09545999999999999,1.0,0.06364,0.0,greed,greed,62.13620000000001,Greed
ART_601900ABAB6C,2026-08-22,3 Things - The Buyback That Shook The World,,Seeking Alpha,https://seekingalpha.com/article/4939296-3-things-buyback-that-shook-world?source=feed_all_articles,,finance,,RSS,False,,3 Things - The Buyback That Shook The World.,9,things the buyback that shook the world,3 Things - The Buyback That Shook The World.,1,0.8571428571428571,0.030809999999999997,0.0,0.020540000000000003,0.0,fear,fear,34.075700000000005,Fear
ART_E843E3D3A8A2,2026-08-22,KORU Medical Systems Selloff Offers An Opportunity,,Seeking Alpha,https://seekingalpha.com/article/4939291-koru-medical-systems-selloff-offers-opportunity?source=feed_all_articles,,finance,,RSS,False,,KORU Medical Systems Selloff Offers An Opportunity.,7,koru medical systems selloff offers an opportunity,KORU Medical Systems Selloff Offers An Opportunity.,1,1.0,1.0,1.0,0.0,0.12644999999999998,fear,fear,49.42575,Neutral
ART_372B8D5FDF6D,2026-08-22,Norse Atlantic ASA (NRSAF) Q2 2026 Earnings Call Prepared Remarks Transcript,,Seeking Alpha,https://seekingalpha.com/article/4939299-norse-atlantic-asa-nrsaf-q2-2026-earnings-call-prepared-remarks-transcript?source=feed_all_articles,,finance,,RSS,False,,Norse Atlantic ASA (NRSAF) Q2 2026 Earnings Call Prepared Remarks Transcript.,11,norse atlantic asa nrsaf q earnings call prepared remarks transcript,Norse Atlantic ASA (NRSAF) Q2 2026 Earnings Call Prepared Remarks Transcript.,1,1.0,0.0,0.04526,0.0,0.06788999999999999,optimism,optimism,38.73395,Fear
ART_A014A3670717,2026-08-22,Norse Atlantic ASA 2026 Q2 - Results - Earnings Call Presentation,,Seeking Alpha,https://seekingalpha.com/article/4939300-norse-atlantic-asa-2026-q2-results-earnings-call-presentation?source=feed_all_articles,,finance,,RSS,False,,Norse Atlantic ASA 2026 Q2 - Results - Earnings Call Presentation.,11,norse atlantic asa q results earnings call presentation,Norse Atlantic ASA 2026 Q2 - Results - Earnings Call Presentation.,1,1.0,0.0,0.0,0.0,0.0,fear,fear,35.0,Fear
ART_8B123E16800F,2026-08-22,"Mayfair Gold: A Credible Story, But Financing Remains Uncertain",,Seeking Alpha,https://seekingalpha.com/article/4939293-mayfair-gold-a-credible-story-but-financing-remains-uncertain?source=feed_all_articles,,finance,,RSS,False,,"Mayfair Gold: A Credible Story, But Financing Remains Uncertain.",9,mayfair gold a credible story but financing remains uncertain,"Mayfair Gold: A Credible Story, But Financing Remains Uncertain.",1,1.0,0.12644999999999998,0.0,1.0,0.0,uncertainty,uncertainty,17.471,Extreme Fear
ART_01E3CA2B1C7D,2026-08-22,Canadian Commodity Plays Or American AI Stocks?,,Seeking Alpha,https://seekingalpha.com/article/4939301-canadian-commodity-plays-or-american-ai-stocks?source=feed_all_articles,,finance,,RSS,False,,Canadian Commodity Plays Or American AI Stocks?.,7,canadian commodity plays or american ai stocks,Canadian Commodity Plays Or American AI Stocks?.,2,1.0,0.0,0.05,0.0,0.075,optimism,optimism,39.12500000000001,Fear
ART_62E7BD71E346,2026-08-22,General Dynamics: Why Q2 Results And Market-Cap Weighted Multiples Trigger An Upgrade (Rating Upgrade),,Seeking Alpha,https://seekingalpha.com/article/4939294-general-dynamics-why-q2-results-and-market-cap-weighted-multiples-trigger-an-upgrade?source=feed_all_articles,,finance,,RSS,False,,General Dynamics: Why Q2 Results And Market-Cap Weighted Multiples Trigger An Upgrade (Rating Upgrade).,14,general dynamics why q results and market cap weighted multiples trigger an upgrade rating upgrade,General Dynamics: Why Q2 Results And Market-Cap Weighted Multiples Trigger An Upgrade (Rating Upgrade).,1,0.9333333333333333,0.0,1.0,0.0,0.08195999999999999,greed,greed,67.8686,Greed
ART_DC4A139A4694,2026-08-22,Neurocrine Biosciences: 'House Full Of Options',,Seeking Alpha,https://seekingalpha.com/article/4939302-neurocrine-biosciences-house-full-of-options?source=feed_all_articles,,finance,,RSS,False,,Neurocrine Biosciences: 'House Full Of Options'.,6,neurocrine biosciences house full of options,Neurocrine Biosciences: 'House Full Of Options'.,1,1.0,0.0,0.0,0.0,0.0,fear,fear,35.0,Fear
ART_F0F7CA6A9F62,2026-08-22,"Marvell's Outlook Keeps Getting Better, But The Risk-Reward Doesn't (Rating Downgrade)",,Seeking Alpha,https://seekingalpha.com/article/4939288-marvells-outlook-keeps-getting-better-but-the-risk-reward-doesnt?source=feed_all_articles,,finance,,RSS,False,,"Marvell's Outlook Keeps Getting Better, But The Risk-Reward Doesn't (Rating Downgrade).",11,marvell s outlook keeps getting better but the risk reward doesn t rating downgrade,"Marvell's Outlook Keeps Getting Better, But The Risk-Reward Doesn't (Rating Downgrade).",1,1.0,0.25,0.28573,1.0,0.10266,uncertainty,uncertainty,27.165,Fear
ART_05A99143EC52,2026-08-22,"F&amp;O Talk: Nifty to consolidate further, says Sudeep Shah; picks 3 stocks for next week","SBI Securities’ Sudeep Shah expects Nifty to remain range-bound, with 24,000 as key support and 24,500 as resistance. He warns of underpriced options-market tail risks amid low volatility. Bank Nifty remains compressed, while Nifty IT faces support at 30,000. AU Small Finance Bank, Aditya Birla Capital and Nippon Life offer setups.",Economic Times Markets,https://economictimes.indiatimes.com/markets/expert-view/fo-talk-nifty-to-consolidate-further-says-sudeep-shah-picks-3-stocks-for-next-week/articleshow/133419507.cms,,markets,,RSS,False,,"F&amp;O Talk: Nifty to consolidate further, says Sudeep Shah; picks 3 stocks for next week. SBI Securities’ Sudeep Shah expects Nifty to remain range-bound, with 24,000 as key support and 24,500 as resistance. He warns of underpriced options-market tail risks amid low volatility. Bank Nifty remains compressed, while Nifty IT faces support at 30,000. AU Small Finance Bank, Aditya Birla Capital and Nippon Life offer setups.",66,f amp o talk nifty to consolidate further says sudeep shah picks stocks for next week sbi securities sudeep shah expects nifty to remain range bound with as key support and as resistance he warns of underpriced options market tail risks amid low volatility bank nifty remains compressed while nifty it faces support at au small finance bank aditya birla capital and nippon life offer setups,"F amp;O Talk: Nifty to consolidate further, says Sudeep Shah; picks 3 stocks for next week. SBI Securities Sudeep Shah expects Nifty to remain range-bound, with 24,000 as key support and 24,500 as resistance. He warns of underpriced options-market tail risks amid low volatility. Bank Nifty remains compressed, while Nifty IT faces support at 30,000. AU Small Finance Bank, Aditya Birla Capital and Nippon Life offer setups.",5,0.8484848484848485,0.0,0.10605,0.25,0.159075,uncertainty,uncertainty,39.999125,Fear
