date,NIFTY50,SENSEX,NIFTY50_return,NIFTY50_prev_return,NIFTY50_volatility,NIFTY50_direction,SENSEX_return,SENSEX_prev_return,SENSEX_volatility,SENSEX_direction,NIFTY50_next_day_return,INDIA_VIX,VIX_change,VIX_pct_change
2018-01-01,,33812.75,,,,0,,,,0,,30.993428306022466,,
2018-01-02,10442.2001953125,33812.26171875,,,,0,-1.4440847775078888e-05,,,0,9.5760673203421e-05,29.72347139765763,-1.2699569083648363,-0.040975038186339185
2018-01-03,10443.2001953125,33793.37890625,9.5760673203421e-05,,,0,-0.000558616494614,-1.4440847775078888e-05,,0,0.0058812093687898,31.295377076201383,1.5719056785437537,0.05288432355406614
2018-01-04,10504.7998046875,33969.640625,0.0058812093687898,9.5760673203421e-05,,1,0.0052023099766944,-0.000558616494614,,1,0.005132056867763,33.046059712816046,1.7506826366146626,0.05594061488225277
2018-01-05,10558.849609375,34153.8515625,0.005132056867763,0.0058812093687898,,1,0.0054081604031477,0.0052023099766944,,1,0.006113570815585,29.531693250553328,-3.5143664622627178,-0.10634751897212613
2018-01-08,10623.599609375,34352.7890625,0.006113570815585,0.005132056867763,,1,0.0058078474548742,0.0054081604031477,0.0502880788626669,1,0.0012605846162125,29.53172608610164,3.283554831057245e-05,1.1118748943772516e-06
2018-01-09,10637.0,34443.19140625,0.0012605846162125,0.006113570815585,0.044600740867941,0,0.0026281301659957,0.0058078474548742,0.0451154270190737,1,-0.0004513385294137,19.61849971780888,-9.913226368292758,-0.33568056060760254
2018-01-10,10632.2001953125,34433.0703125,-0.0004513385294137,0.0012605846162125,0.0481042630668924,0,-0.0002938920774817,0.0026281301659957,0.045887840453611,0,0.0017854294613236,18.345295764995058,-1.273203952813823,-0.06489813039363357
2018-01-11,10651.2001953125,34503.48828125,0.0017854294613236,-0.0004513385294137,0.0445187800192789,0,0.0020429796519818,-0.0002938920774817,0.0425975531852638,1,0.0028172876803263,15.512929230057985,-2.832366534937073,-0.1543919798960971
2018-01-12,10681.25,34592.390625,0.0028172876803263,0.0017854294613236,0.0412164536197974,1,0.00257330521634,0.0020429796519818,0.0398470896123496,1,0.0056295129008365,17.206765449151668,1.6938362190936829,0.10918867700444945
2018-01-15,10741.5498046875,34843.51171875,0.0056295129008365,0.0028172876803263,0.0413037137805584,1,0.0072332087622148,0.00257330521634,0.0443634855763269,1,-0.0038335658715686,15.203535992430915,-2.003229456720753,-0.11642103582108843
2018-01-16,10700.4501953125,34771.05078125,-0.0038335658715686,0.0056295129008365,0.0523649913653971,-1,-0.0020817760269401,0.0072332087622148,0.048616836850587,-1,0.0081995535364297,16.305039629399197,1.1015036369682818,0.0724504903015104
2018-01-17,10788.5498046875,35081.8203125,0.0081995535364297,-0.0038335658715686,0.0568069454508118,1,0.0088978900006999,-0.0020817760269401,0.0547487651837346,1,0.0026336022006909,18.16461908821325,1.8595794588140535,0.1140493676238048
2018-01-18,10817.0,35260.2890625,0.0026336022006909,0.0081995535364297,0.0541847597193636,1,0.0050743184852016,0.0088978900006999,0.053155265890771,1,0.0071574797298409,13.591915482620765,-4.572703605592485,-0.25173682879811354
2018-01-19,10894.7001953125,35511.578125,0.0071574797298409,0.0026336022006909,0.0551030117957297,1,0.0071014127090061,0.0050743184852016,0.0536532917141194,1,0.0065413824387291,14.060465514546905,0.4685500319261404,0.034472700520044475
2018-01-22,10966.2001953125,35798.01171875,0.0065413824387291,0.0071574797298409,0.0547377194735415,1,0.0080335656078735,0.0071014127090061,0.0549374497097181,1,0.0106577453981743,16.349196888872203,2.288731374325298,0.16277778086062544
2018-01-23,11083.7001953125,36139.98046875,0.0106577453981743,0.0065413824387291,0.0603619582315054,1,0.0095073914489699,0.0080335656078735,0.0577001629924029,1,0.000207472782716,16.010533582481692,-0.33866330639051156,-0.020714369561542045
2018-01-24,11086.0,36161.640625,0.000207472782716,0.0106577453981743,0.0602011943929093,0,0.0005991610304257,0.0095073914489699,0.0575256020332144,0,-0.001475886471805,18.648614104481478,2.638080521999786,0.16477155545186228
2018-01-25,11069.650390625,36050.44140625,-0.001475886471805,0.000207472782716,0.0616509122931406,0,-0.0030797978265468,0.0005991610304257,0.0616969693316877,-1,0.0054729741150458,16.349043078271638,-2.29957102620984,-0.12331055880754305
2018-01-29,11130.400390625,36283.25,0.0054729741150458,-0.001475886471805,0.0602955064788885,1,0.0064370943364011,-0.0030797978265468,0.0608672824457571,1,-0.0072813500350772,15.204943245218267,-1.144099833053371,-0.06997962067724406
2018-01-30,11049.650390625,36033.73046875,-0.0072813500350772,0.0054729741150458,0.0706284833841967,-1,-0.0069007450204471,0.0064370943364011,0.0702057014391006,-1,-0.0019884815852113,21.994145876262778,6.78920263104451,0.44651285582270206
2018-01-31,11027.7001953125,35965.01953125,-0.0019884815852113,-0.0072813500350772,0.0709674106304307,0,-0.0019086708688591,-0.0069007450204471,0.0706628633521638,0,-0.0009798141281276,18.64518846207,-3.3489574141927783,-0.152265854424797
2018-02-01,11016.900390625,35906.66015625,-0.0009798141281276,-0.0019884815852113,0.0703527333128632,0,-0.0016239884215831,-0.0019086708688591,0.0717223931290398,0,-0.0235392139330768,19.17032974066217,0.5251412785921694,0.028164975626846944
2018-02-02,10760.599609375,35066.75,-0.0235392139330768,-0.0009798141281276,0.1145221113358432,-1,-0.0236694099017571,-0.0016239884215831,0.1163850136488706,-1,-0.0087786206983058,20.602714761157404,1.4323850204952358,0.07471885146852775
2018-02-05,10666.5498046875,34757.16015625,-0.0087786206983058,-0.0235392139330768,0.1185253632536917,-1,-0.0088677896107639,-0.0236694099017571,0.1212478334331255,-1,-0.0159040816546759,22.763770876318805,2.1610561151614007,0.10489181354078991
2018-02-06,10498.25,34195.94140625,-0.0159040816546759,-0.0087786206983058,0.1304747533871706,-1,-0.0162786337531979,-0.0088677896107639,0.1341106810243671,-1,-0.0020548141539544,25.269320518136794,2.5055496418179892,0.11006742491967869
2018-02-07,10476.7001953125,34082.7109375,-0.0020548141539544,-0.0159040816546759,0.1284892039805051,-1,-0.0033167196089475,-0.0162786337531979,0.1329014736202631,-1,0.0095138511458138,22.546933243205906,-2.722387274930888,-0.10773488242301266
2018-02-08,10576.849609375,34413.16015625,0.0095138511458138,-0.0020548141539544,0.1331426127776738,1,0.0096488088169714,-0.0033167196089475,0.1370611151684222,1,-0.0115920444485001,26.065657314458726,3.5187240712528194,0.15606220293010886
2018-02-09,10454.9501953125,34005.76171875,-0.0115920444485001,0.0095138511458138,0.138806475351845,-1,-0.0119090813273723,0.0096488088169714,0.1431033390135609,-1,0.0080782545170889,24.67937015534689,-1.3862871591118342,-0.053184431237913055
2018-02-12,10539.75,34300.46875,0.0080782545170889,-0.0115920444485001,0.1419595581012796,1,0.0086290476840493,-0.0119090813273723,0.1464132654490672,1,-0.0036928186917027,25.612568310541405,0.9331981551945141,0.03781288376973957
2018-02-14,10500.900390625,34155.94921875,-0.0036928186917027,0.0080782545170889,0.1418334616964482,-1,-0.0042222409596585,0.0086290476840493,0.146636288002333,-1,0.0042382236684079,24.979932945186025,-0.6326353653553802,-0.02470019240885757
2018-02-15,10545.5,34297.46875,0.0042382236684079,-0.0036928186917027,0.1411175223847441,1,0.0041347747730283,-0.0042222409596585,0.1449324768507979,1,-0.0088771974425149,29.816308607492285,4.83637566230626,0.1936104341400282
2018-02-16,10452.2998046875,34010.76171875,-0.0088771974425149,0.0042382236684079,0.1435101835038068,-1,-0.0083945583990214,0.0041347747730283,0.1472927541217732,-1,-0.0070952702880844,26.324023900904812,-3.4922847065874727,-0.11712666220894719
2018-02-19,10378.400390625,33774.66015625,-0.0070952702880844,-0.0088771974425149,0.1407528072850059,-1,-0.0069661738690964,-0.0083945583990214,0.1440040223220146,-1,-0.0017358770846747,23.95985887058879,-2.3641650303160233,-0.08981016881065673
2018-02-20,10360.400390625,33703.58984375,-0.0017358770846747,-0.0070952702880844,0.1398114686977185,0,-0.0021064665660249,-0.0069661738690964,0.1418114618429809,-1,0.003569718731482,27.62623669397823,3.666377823389439,0.15302167859970117
2018-02-21,10397.4501953125,33844.859375,0.003569718731482,-0.0017358770846747,0.137364158989679,1,0.004182767742249,-0.0021064665660249,0.1397578690050913,1,-0.0014196242279203,23.294728599025852,-4.331508094952376,-0.1567896540862016
2018-02-22,10382.7001953125,33819.5,-0.0014196242279203,0.003569718731482,0.1336818707292035,0,-0.0007495637709889,0.004182767742249,0.1348080508968738,0,0.010381515779008,25.785914262929865,2.4911856639040124,0.10694203425955306
2018-02-23,10491.0498046875,34142.1484375,0.010381515779008,-0.0014196242279203,0.1333395880241739,1,0.0094950863903391,-0.0007495637709889,0.1347940086156145,1,0.0086886119084176,21.414618554657835,-4.371295708272029,-0.16952261857770368
2018-02-26,10582.599609375,34445.75,0.0086886119084176,0.010381515779008,0.1387307541476669,1,0.0088529770503726,0.0094950863903391,0.1402668827261271,1,-0.002677764703635,23.216703316969827,1.802084762311992,0.0841520832001943
2018-02-27,10554.2998046875,34346.390625,-0.002677764703635,0.0086886119084176,0.1387127701463001,-1,-0.0028886859222392,0.0088529770503726,0.1402553136229188,-1,-0.005839305714195,26.264999486368257,3.04829616939843,0.13129754589965126
2018-02-28,10492.849609375,34184.0390625,-0.005839305714195,-0.002677764703635,0.1362699798794047,-1,-0.0047380956741945,-0.0028886859222392,0.1367773305244236,-1,-0.0032933705438877,27.10393114793129,0.8389316615630342,0.03194104998930025
2018-03-01,10458.349609375,34046.94140625,-0.0032933705438877,-0.005839305714195,0.1353177120125071,-1,-0.0040186390350103,-0.0047380956741945,0.136061166242277,-1,-0.0095594759578815,25.874507763630653,-1.2294233843006381,-0.04535959664266165
2018-03-05,10358.849609375,33746.78125,-0.0095594759578815,-0.0032933705438877,0.1373988158682439,-1,-0.0088551596189001,-0.0040186390350103,0.1376700217979562,-1,-0.0106366569240448,25.50858502204791,-0.36592274158274307,-0.014142210739834238
2018-03-06,10249.25,33317.19921875,-0.0106366569240448,-0.0095594759578815,0.1396813013612096,-1,-0.0128112856948003,-0.0088551596189001,0.1416265990505892,-1,-0.0093170999384615,25.36592274494238,-0.14266227710552926,-0.005592716216215932
2018-03-07,10154.2001953125,33033.08984375,-0.0093170999384615,-0.0106366569240448,0.1213851111521393,-1,-0.0085639750913993,-0.0128112856948003,0.1230569409334138,-1,0.008672981093711,21.181467134479075,-4.184455610463306,-0.16496366611767077
2018-03-08,10242.650390625,33351.5703125,0.008672981093711,-0.0093170999384615,0.1254714832019317,1,0.0095950754712879,-0.0085639750913993,0.1281847108320171,1,-0.0015438368683495,23.10745990340375,1.9259927689246759,0.09092820420307701
2018-03-09,10226.849609375,33307.140625,-0.0015438368683495,0.008672981093711,0.1147221029909503,0,-0.0013330499031412,0.0095950754712879,0.1171371959200599,0,0.0188448453263506,22.550932757175453,-0.5565271462282979,-0.024084306477421213
2018-03-12,10421.400390625,33917.94140625,0.0188448453263506,-0.0015438368683495,0.1340797631496652,1,0.0181723122257035,-0.0013330499031412,0.1347051707762379,1,0.0005227507223954,27.52222076740435,4.971288010228896,0.22044711248793414
2018-03-13,10426.849609375,33856.78125,0.0005227507223954,0.0188448453263506,0.1293628733201731,0,-0.0018048077647406,0.0181723122257035,0.1298774559387926,0,-0.0015308007692338,25.623523911154233,-1.8986968562501154,-0.068987777995692
2018-03-14,10410.900390625,33835.73828125,-0.0015308007692338,0.0005227507223954,0.1232187559933189,0,-0.0006217221510896,-0.0018048077647406,0.1234112967517266,0,-0.0048866185464449,20.79579528860642,-4.827728622547813,-0.1884100188282941
2018-03-15,10360.150390625,33685.5390625,-0.0048866185464449,-0.0015308007692338,0.1203949476035145,-1,-0.0044489521644723,-0.0006217221510896,0.1198342920355867,-1,-0.0160545978679463,24.68766269914104,3.891867410534619,0.1871468417784865
2018-03-16,10195.150390625,33176.0,-0.0160545978679463,-0.0048866185464449,0.1312407188696257,-1,-0.015241914383393,-0.0044489521644723,0.1294246278620461,-1,-0.0099462005278247,24.35390732612994,-0.33375537301110114,-0.013519115887090982
2018-03-19,10094.25,32923.12109375,-0.0099462005278247,-0.0160545978679463,0.1327426022572128,-1,-0.0076515431921266,-0.015241914383393,0.1295296503752785,-1,0.0029774200184666,23.920416225109363,-0.4334911010205751,-0.0177996530583604
2018-03-20,10124.349609375,32996.76171875,0.0029774200184666,-0.0099462005278247,0.1314426481121136,1,0.0022342471646408,-0.0076515431921266,0.1280888593936107,1,0.0030474383256294,26.367617388893095,2.447201163783731,0.10230596076396425
2018-03-21,10155.25,33136.1796875,0.0030474383256294,0.0029774200184666,0.1307139731540537,1,0.0042163004494781,0.0022342471646408,0.1278688075096154,1,-0.0039960585982851,27.13339636039727,0.7657789715041758,0.029042403043467502
2018-03-22,10114.75,33006.26953125,-0.0039960585982851,0.0030474383256294,0.1311005751722493,-1,-0.0039281981491534,0.0042163004494781,0.1282389870610097,-1,-0.0116047001015945,26.97261775545733,-0.16077860493994223,-0.0059254876464565065
2018-03-23,9998.0498046875,32596.5390625,-0.0116047001015945,-0.0039960585982851,0.1347164429982502,-1,-0.0124914102070182,-0.0039281981491534,0.1326864619198777,-1,0.0131754661607952,23.793209253379743,-3.1794085020775853,-0.11787541464840956
2018-03-26,10130.650390625,33066.41015625,0.0131754661607952,-0.0116047001015945,0.1444597684376173,1,0.0143118492112563,-0.0124914102070182,0.1439534077356274,1,0.0052671078846415,25.8275520920593,2.0343428386795566,0.08550098547091056
2018-03-27,10184.150390625,33174.390625,0.0052671078846415,0.0131754661607952,0.1403341807925607,1,0.0032602433280343,0.0143118492112563,0.139745218392967,1,-0.0069416688147598,26.6959449420632,0.8683928500039002,0.033622731527502614
2018-03-28,10113.7001953125,32968.6796875,-0.0069416688147598,0.0052671078846415,0.13655101652555,-1,-0.0062202011424471,0.0032602433280343,0.1355443787406719,-1,0.0096529355844099,27.606191906799715,0.9102469647365155,0.034096825068825165
2018-04-02,10211.7998046875,33255.359375,0.0096529355844099,-0.0069416688147598,0.1425105523332394,1,0.008657927916866,-0.0062202011424471,0.1404952251485313,1,0.0032458864317621,25.29270675763336,-2.313485149166354,-0.08380312492852438
2018-04-03,10245.0,33370.62890625,0.0032458864317621,0.0096529355844099,0.142557055477915,1,0.003460200718478,0.008657927916866,0.1410111889404058,1,-0.0114463840308595,25.884387594463867,0.5916808368305055,0.023393337949167314
2018-04-04,10128.400390625,33019.0703125,-0.0114463840308595,0.0032458864317621,0.1468432705593415,-1,-0.0105908562311498,0.003460200718478,0.1444926235587934,-1,0.0192393067589805,24.47165710792209,-1.4127304865417756,-0.05457847829646656
2018-04-05,10325.150390625,33596.80078125,0.0192393067589805,-0.0114463840308595,0.1602674172906693,1,0.0173455647812489,-0.0105908562311498,0.1556694537889107,1,0.0006244175835545,25.634328480905587,1.162671372983496,0.04751093756569147
2018-04-06,10331.599609375,33626.96875,0.0006244175835545,0.0192393067589805,0.1556693893794544,0,0.000897538801694,0.0173455647812489,0.1487804361775287,0,0.0046110957157475,29.191990582733837,3.5576621018282495,0.1387850711392058
2018-04-09,10379.349609375,33788.5390625,0.0046110957157475,0.0006244175835545,0.1521740010177266,1,0.0047932776030093,0.000897538801694,0.1457587566868191,1,0.0022039111834326,29.929880158914308,0.7378895761804714,0.025277124356737346
2018-04-10,10402.25,33880.25,0.0022039111834326,0.0046110957157475,0.1497180178311919,1,0.0027105847443898,0.0047932776030093,0.1426062186965973,1,0.0014313950343946,26.827781539958522,-3.102098618955786,-0.10364554092716127
2018-04-11,10417.150390625,33940.44140625,0.0014313950343946,0.0022039111834326,0.1495016917039834,0,0.0017750164678541,0.0027105847443898,0.1424408212779012,0,0.0039759006232568,28.957234966182387,2.129453426223865,0.07937493538376095
2018-04-12,10458.650390625,34101.12890625,0.0039759006232568,0.0014313950343946,0.1351726040820249,1,0.0047232242874848,0.0017750164678541,0.1288603934739382,1,0.00209646733185,26.240532458297757,-2.71670250788463,-0.09381774575705593
2018-04-13,10480.599609375,34192.6484375,0.00209646733185,0.0039759006232568,0.1353341972352558,1,0.0026801734973282,0.0047232242874848,0.1288930185682874,1,0.0045456897177942,24.24318021431533,-1.9973522439824265,-0.07611706230262971
2018-04-16,10528.349609375,34305.4296875,0.0045456897177942,0.00209646733185,0.1359651781274978,1,0.0032929785769486,0.0026801734973282,0.1291882486078852,1,0.0019310664870136,26.319309023766607,2.0761288094512764,0.08563764287926823
2018-04-17,10548.7001953125,34395.05859375,0.0019310664870136,0.0045456897177942,0.1345844426729144,0,0.0026092669599256,0.0032929785769486,0.1279817829850335,1,-0.002135242220041,28.53451740022338,2.215208376456772,0.08416666161168651
2018-04-18,10526.2001953125,34331.6796875,-0.002135242220041,0.0019310664870136,0.1204377878307028,-1,-0.0018443745709875,0.0026092669599256,0.1142462542413789,0,0.0037076219486611,23.972126704850375,-4.562390695373004,-0.159890235092509
2018-04-19,10565.2998046875,34427.2890625,0.0037076219486611,-0.002135242220041,0.1131218698353486,1,0.0027810026345121,-0.0018443745709875,0.1091695733812567,1,-0.000118318833714,26.44147429516287,2.469347590312495,0.10300911640905275
2018-04-20,10564.0498046875,34415.578125,-0.000118318833714,0.0037076219486611,0.1133521805042124,0,-0.000340222250798,0.0027810026345121,0.1095015769699974,0,0.0019528716532068,18.09572784224175,-8.34574645292112,-0.3156309046824922
2018-04-23,10584.7001953125,34450.76953125,0.0019528716532068,-0.000118318833714,0.1132911135895218,0,0.0010220204936336,-0.000340222250798,0.1092475003598302,0,0.0027972417319144,24.97291636770263,6.87718852546088,0.38004486945295013
2018-04-24,10614.349609375,34616.640625,0.0027972417319144,0.0019528716532068,0.1112066970934152,1,0.0048031745295941,0.0010220204936336,0.1076006308953641,1,-0.0041350082660198,23.29476384581786,-1.678152521884769,-0.06719890048785482
2018-04-25,10570.5498046875,34501.26953125,-0.0041350082660198,0.0027972417319144,0.1020779351167966,-1,-0.0033383879992459,0.0048031745295941,0.0958059603785568,-1,0.0044600055402558,21.609778810747926,-1.6849850350699356,-0.07233320956685474
2018-04-26,10617.7998046875,34713.6015625,0.0044600055402558,-0.0041350082660198,0.0949739124217331,1,0.0061354646473663,-0.0033383879992459,0.0871168300961644,1,0.0069920183274944,21.680912795244314,0.07113398449638808,0.0032917497730706735
2018-04-27,10692.2998046875,34969.69921875,0.0069920183274944,0.0044600055402558,0.0958513533249457,1,0.0073503639010071,0.0061354646473663,0.0888117397481195,1,0.0043906914829232,17.609997503292785,-4.070915291951529,-0.18776494008335665
2018-04-30,10739.349609375,35160.359375,0.0043906914829232,0.0069920183274944,0.0899112708051836,1,0.0054373439808049,0.0073503639010071,0.0833889718394674,1,-0.0019853115722468,20.551783304843337,2.9417858015505516,0.1670520283151935
2018-05-02,10718.0498046875,35176.421875,-0.0019853115722468,0.0043906914829232,0.087844494681452,0,0.0004567311723331,0.0054373439808049,0.0812705868633164,0,-0.0035891198524198,21.498674611168692,0.9468913063253552,0.04607343763215943
2018-05-03,10679.650390625,35103.140625,-0.0035891198524198,-0.0019853115722468,0.0900835238707685,-1,-0.0020854221042783,0.0004567311723331,0.0828500131203817,-1,-0.0057658792280254,23.964140476559884,2.4654658653911916,0.11467990050467414
2018-05-04,10618.25,34915.37890625,-0.0057658792280254,-0.0035891198524198,0.0811202288608328,-1,-0.0053632144773329,-0.0020854221042783,0.0740226134047499,-1,0.0091170725845766,19.075482449535983,-4.888658027023901,-0.20399888874819683
2018-05-07,10715.5,35208.140625,0.0091170725845766,-0.0057658792280254,0.0589587701876463,1,0.0083499351340374,-0.0053632144773329,0.0558671785105119,1,0.0002146010849736,16.278889812978257,-2.796592636557726,-0.1466066530142075
2018-05-08,10717.7998046875,35216.3203125,0.0002146010849736,0.0091170725845766,0.0590758210707867,0,0.0002322967738167,0.0083499351340374,0.0561141948389929,0,0.0022274890381628,16.904068019909598,0.6251782069313414,0.0384042286736852
2018-05-09,10741.7001953125,35319.3515625,0.0022274890381628,0.0002146010849736,0.0581904455624896,1,0.0029213962393308,0.0002322967738167,0.0553938572879333,1,-0.0023441242544579,19.649848791653106,2.745780771743508,0.16243313553338345
2018-05-10,10716.5498046875,35246.26953125,-0.0023441242544579,0.0022274890381628,0.0597413761204403,-1,-0.0020713218773206,0.0029213962393308,0.0571883064058052,-1,0.008358547680564,18.6316398313634,-1.018208960289705,-0.05181764862853411
2018-05-11,10806.5,35535.7890625,0.008358547680564,-0.0023441242544579,0.0643994255538646,1,0.0081806364952363,-0.0020713218773206,0.0612011003747604,1,9.217500201396874e-06,17.380422147852382,-1.251217683511019,-0.06715553192504253
2018-05-14,10806.599609375,35556.7109375,9.217500201396874e-06,0.008358547680564,0.0641352768666005,0,0.0005885817942539,0.0081806364952363,0.0607164822171144,0,-0.00043964284789,19.440062552886765,2.059640405034383,0.11850347405335504
2018-05-15,10801.849609375,35543.94140625,-0.00043964284789,9.217500201396874e-06,0.0644680678466944,0,-0.0003591958995132,0.0005885817942539,0.0611924283545344,0,-0.0056399112687945,18.64096188336552,-0.7991006695212448,-0.04110586925053805
2018-05-16,10741.099609375,35387.87890625,-0.0056399112687945,-0.00043964284789,0.0678478950263754,-1,-0.0044003594193503,-0.0003591958995132,0.0646078149872994,-1,-0.0054518394722826,20.722079483703318,2.081117600337798,0.11164217884029415
2018-05-17,10682.7001953125,35149.12109375,-0.0054518394722826,-0.0056399112687945,0.0712417919997979,-1,-0.006769744229099,-0.0044003594193503,0.0704464033024231,-1,-0.0081112711974543,17.720073012225086,-3.002006471478232,-0.14486994289540933
2018-05-18,10596.400390625,34848.30078125,-0.0081112711974543,-0.0054518394722826,0.0769157275357047,-1,-0.0085952355513046,-0.006769744229099,0.0774534574680867,-1,-0.0075498691977662,19.036248460374935,1.316175448149849,0.07427596078423715
2018-05-21,10516.7001953125,34616.12890625,-0.0075498691977662,-0.0081112711974543,0.0804660505460237,-1,-0.0066846511397374,-0.0085952355513046,0.0811203385111203,-1,0.0018999311888009,19.262388748338054,0.22614028796311914,0.011879456628959506
2018-05-22,10536.7001953125,34651.23828125,0.0018999311888009,-0.0075498691977662,0.0808010759186714,0,0.0010137350221979,-0.0066846511397374,0.08112959848344,0,-0.01014463160082,17.153077695602903,-2.1093110527351513,-0.10950412642446239
2018-05-23,10430.349609375,34344.91015625,-0.01014463160082,0.0018999311888009,0.0874758815967906,-1,-0.008879630086903,0.0010137350221979,0.0870895640481796,-1,0.0079736104042513,21.33982871380821,4.186751018205307,0.24408162153189328
2018-05-24,10513.849609375,34663.109375,0.0079736104042513,-0.01014463160082,0.0918133970835132,1,0.0092221592822995,-0.008879630086903,0.0914883299356287,1,0.0086463705716234,21.7034502527111,0.3636215389028905,0.017039571581359825
2018-05-25,10605.150390625,34924.87109375,0.0086463705716234,0.0079736104042513,0.0959381536936775,1,0.0075232231659569,0.0092221592822995,0.0940987036756248,1,0.0078426983374126,21.60404228265267,-0.09940797005842938,-0.0045802841898840985
2018-05-28,10688.650390625,35165.48046875,0.0078426983374126,0.0086463705716234,0.0985310273819998,1,0.0068657187413395,0.0075232231659569,0.0946740669339094,1,-0.0051918994055849,21.383928471449686,-0.22011381120298523,-0.010188547509913382
2018-05-29,10633.2998046875,34949.23828125,-0.0051918994055849,0.0078426983374126,0.0971606003936757,-1,-0.0061682590182534,0.0068657187413395,0.0941381053478174,-1,-0.0017837455774774,18.885318555266743,-2.498609916182943,-0.11684522418408338
2018-05-30,10614.349609375,34906.109375,-0.0017837455774774,-0.0051918994055849,0.095778365704599,0,-0.0012348063012237,-0.0061682590182534,0.0920721604621725,0,0.0114097658238058,20.73654592492918,1.851227369662439,0.09802468326096458
2018-05-31,10736.150390625,35322.37890625,0.0114097658238058,-0.0017837455774774,0.1041377431811477,1,0.0118548588060421,-0.0012348063012237,0.1013249424429294,1,-0.0037280317361382,21.72834528506123,0.991799360132049,0.04782857105144611
2018-06-01,10696.2001953125,35227.26171875,-0.0037280317361382,0.0114097658238058,0.1042005104940269,-1,-0.0026964629242542,0.0118548588060421,0.1015203052750848,-1,-0.00634948413268,20.815496510959452,-0.9128487741017786,-0.04201188641499476
2018-06-04,10628.5,35011.890625,-0.00634948413268,-0.0037280317361382,0.1046313329407581,-1,-0.0061325275586088,-0.0026964629242542,0.1020818689384223,-1,-0.0033314696471618,22.14056187074379,1.3250653597843396,0.0636576388695167
2018-06-05,10593.150390625,34903.2109375,-0.0033314696471618,-0.00634948413268,0.0998081563350707,-1,-0.0031089070202668,-0.0061325275586088,0.0980977795660443,-1,0.0086005659099089,22.78891734713615,0.6483554763923571,0.029283605365457488
2018-06-06,10684.650390625,35178.87890625,0.0086005659099089,-0.0033314696471618,0.1047209337774077,1,0.0078670425248139,-0.0031089070202668,0.1022107249661205,1,0.0078030712197688,26.244465180161832,3.4555478330256832,0.1516328213573488
2018-06-07,10768.349609375,35463.078125,0.0078030712197688,0.0086005659099089,0.1080426671389456,1,0.0080462309933125,0.0078670425248139,0.1055747482939586,1,-6.49348765086917e-05,23.15342233955824,-3.091042840603592,-0.117778846678122
2018-06-08,10767.650390625,35443.671875,-6.49348765086917e-05,0.0078030712197688,0.1076760941203505,0,-0.000547373853252,0.0080462309933125,0.1052944625250888,0,0.0017907833428202,23.282710193480575,0.12928785392233522,0.00558396301100772
2018-06-11,10786.9501953125,35483.46875,0.0017907833428202,-6.49348765086917e-05,0.1037586416106819,0,0.0011221904288175,-0.000547373853252,0.101375424573133,0,0.0051687522786096,22.226972329535855,-1.0557378639447208,-0.04534428574558036
2018-06-12,10842.849609375,35692.51953125,0.0051687522786096,0.0017907833428202,0.1053456914500196,1,0.0058742108800869,0.0011221904288175,0.1034406812109892,1,0.0012765783569831,18.697026714403876,-3.529945615131979,-0.15881360550583323
2018-06-13,10856.7001953125,35739.16015625,0.0012765783569831,0.0051687522786096,0.1053904592467817,0,0.0013058808593654,0.0058742108800869,0.1034918127196434,0,-0.0044912101364749,22.486018173779737,3.788991459375861,0.20265208566327209
2018-06-14,10808.0498046875,35599.8203125,-0.0044912101364749,0.0012765783569831,0.1046553447562598,-1,-0.0039064203056901,0.0013058808593654,0.1032253071102556,-1,0.0008924907821071,22.58599489550803,0.09997672172829297,0.004446172770814272
2018-06-15,10817.7001953125,35622.140625,0.0008924907821071,-0.0044912101364749,0.1025515317781069,0,0.0006267817660991,-0.0039064203056901,0.0999856904204504,0,-0.0016514905857463,27.181637402781263,4.595642507273233,0.2034731048392837
2018-06-18,10799.849609375,35548.26171875,-0.0016514905857463,0.0008924907821071,0.0979786190028856,0,-0.0020761139561791,0.0006267817660991,0.0948182950297471,-1,-0.0083122903559554,21.413139970726313,-5.76849743205495,-0.21222038049351322
2018-06-19,10710.4501953125,35286.73828125,-0.0083122903559554,-0.0016514905857463,0.098839468255902,-1,-0.0073840509854958,-0.0020761139561791,0.0955556685890413,-1,0.0057348798513441,22.487041510257423,1.0739015395311107,0.050151521028640955
2018-06-20,10772.0498046875,35547.328125,0.0057348798513441,-0.0083122903559554,0.100226357746167,1,0.0073577879288954,-0.0073840509854958,0.0981317694253458,1,-0.0028773301453849,21.953212235206216,-0.5338292750512075,-0.023739417869073742
2018-06-21,10741.099609375,35432.390625,-0.0028773301453849,0.0057348798513441,0.0928902292097538,-1,-0.0032386039980098,0.0073577879288954,0.0926099117271313,-1,0.0074897340489533,18.951666845736316,-3.0015453894699,-0.13672465593241712
2018-06-22,10821.849609375,35689.6015625,0.0074897340489533,-0.0028773301453849,0.0924728242054659,1,0.0072329823994698,-0.0032386039980098,0.0907535419428634,1,-0.0055039602444048,23.532928049576633,4.581261203840317,0.24173394568040307
2018-06-25,10762.4501953125,35470.3515625,-0.0055039602444048,0.0074897340489533,0.0914390470010214,-1,-0.0061621933169616,0.0072329823994698,0.0914789823637672,-1,0.0006223592623338,22.64777076547569,-0.8851572841009414,-0.03761356352410494
2018-06-26,10769.150390625,35490.0390625,0.0006223592623338,-0.0055039602444048,0.087677078617306,0,0.0005548870385787,-0.0061621933169616,0.0887232431557617,0,-0.0091182990836827,22.349771755816693,-0.29799900965899795,-0.013157984189475669
2018-06-27,10671.400390625,35217.109375,-0.0091182990836827,0.0006223592623338,0.091767836141075,-1,-0.0077200410159009,0.0005548870385787,0.0903273331356117,-1,-0.0077421690317812,19.358008704518024,-2.991763051298669,-0.13386101137789208
2018-06-28,10589.099609375,35037.640625,-0.0077421690317812,-0.0091182990836827,0.0956074105789952,-1,-0.005109096264301,-0.0077200410159009,0.0921694266444807,-1,0.0117541463075279,24.366329679771717,5.008320975253692,0.25872087628955276
2018-06-29,10714.2998046875,35423.48046875,0.0117541463075279,-0.0077421690317812,0.0961363758329694,1,0.010951960298017,-0.005109096264301,0.0907707377994677,1,-0.0053341945569373,18.809935457712378,-5.556394222059339,-0.22803574830854034
2018-07-02,10657.2998046875,35264.41015625,-0.0053341945569373,0.0117541463075279,0.0970573355372227,-1,-0.0045006458560771,0.010951960298017,0.0916906294341464,-1,0.0039893471097838,22.87944774132281,4.0695122836104325,0.21634908278974807
2018-07-03,10699.900390625,35378.6015625,0.0039893471097838,-0.0053341945569373,0.0953611098435343,1,0.0032329172533861,-0.0045006458560771,0.0894456931525779,1,0.0065208102070441,25.917022235973388,3.0375744946505776,0.13276432757441015
2018-07-04,10769.900390625,35645.3984375,0.0065208102070441,0.0039893471097838,0.0967071043086176,1,0.0075129007072315,0.0032329172533861,0.0915938758518587,1,-0.0018727438548922,19.689637780600385,-6.227384455373002,-0.24028163415815795
2018-07-05,10749.75,35574.55078125,-0.0018727438548922,0.0065208102070441,0.0927717190139108,0,-0.0019895459178731,0.0075129007072315,0.0886006569194051,0,0.0021280525268188,20.14457644218554,0.45493866158515317,0.023105486584084955
2018-07-06,10772.650390625,35657.859375,0.0021280525268188,-0.0018727438548922,0.0889859951158206,1,0.0023390653650663,-0.0019895459178731,0.0846186910108472,1,0.0074218103557948,21.097902241757343,0.9533257995718039,0.047324191814497985
2018-07-09,10852.900390625,35934.71875,0.0074218103557948,0.0021280525268188,0.0926028354060518,1,0.007734342368853,0.0023390653650663,0.0884007506916822,1,0.0086559217967663,20.25333223237278,-0.8445700093845616,-0.04003099453712389
2018-07-10,10947.25,36239.62109375,0.0086559217967663,0.0074218103557948,0.0968797614512975,1,0.0084491013912851,0.007734342368853,0.0924398209845036,1,9.589206004582807e-05,18.586649282997485,-1.6666829493752964,-0.08229178933386982
2018-07-11,10948.2998046875,36265.9296875,9.589206004582807e-05,0.0086559217967663,0.0955172182969731,0,0.0007256987808827,0.0084491013912851,0.0907267671747116,0,0.0068179851871449,21.688847779309363,3.1021984963118783,0.16690466630527534
2018-07-12,11023.2001953125,36548.41015625,0.0068179851871449,9.589206004582807e-05,0.0980098626054304,1,0.0077589630421861,0.0007256987808827,0.0939148385133853,1,-0.0003901447346433,19.67637883309083,-2.012468946218533,-0.09278819081105727
2018-07-13,11018.900390625,36541.62890625,-0.0003901447346433,0.0068179851871449,0.0962741139604466,0,-0.0001855588013479,0.0077589630421861,0.0923031484584884,0,-0.0074742300512774,22.574596257315022,2.8982174242241925,0.14729424803257518
2018-07-16,10936.849609375,36323.76953125,-0.0074742300512774,-0.0003901447346433,0.1005710565287852,-1,-0.0059797936703764,-0.0001855588013479,0.0956362509621672,-1,0.0064890199591897,20.218257184410916,-2.356339072904106,-0.10438012029298482
2018-07-17,11008.0498046875,36519.9609375,0.0064890199591897,-0.0074742300512774,0.1022934891486719,1,0.0053866511058195,-0.0059797936703764,0.0961743012616058,1,-0.0025103689537061,25.32921772490227,5.110960540491355,0.2527893721933714
2018-07-18,10980.4501953125,36373.44140625,-0.0025103689537061,0.0064890199591897,0.0975686228927065,-1,-0.0040201094712958,0.0053866511058195,0.0930079148659332,-1,-0.0021288243184788,20.190355704598176,-5.138862020304096,-0.20288277656723108
2018-07-19,10957.099609375,36351.23046875,-0.0021288243184788,-0.0025103689537061,0.0967479739877684,-1,-0.0006108226443086,-0.0040201094712958,0.0906917243099414,0,0.0048345212961502,21.03067436636549,0.8403186617673128,0.041619804725675946
2018-07-20,11010.2001953125,36496.37109375,0.0048345212961502,-0.0021288243184788,0.0967317961806522,1,0.0039847795654967,-0.0006108226443086,0.0898206604852771,1,0.0067481562013002,23.30021405280456,2.269539686439071,0.10791568767137405
2018-07-23,11084.75,36718.6015625,0.0067481562013002,0.0048345212961502,0.0961545287231742,1,0.0060706476604688,0.0039847795654967,0.0889571269611681,1,0.0044601265367422,19.15372423944951,-4.14648981335505,-0.17795930131620197
2018-07-24,11134.2998046875,36825.1015625,0.0044601265367422,0.0067481562013002,0.0936379744422972,1,0.0028962391046385,0.0060706476604688,0.0847490420429927,1,-0.0002065726875009,21.81871731343798,2.6649930739884695,0.13913707019440014
2018-07-25,11132.0,36858.23046875,-0.0002065726875009,0.0044601265367422,0.0937928731371362,0,0.0008992239511724,0.0028962391046385,0.0846944502989512,0,0.003166003819182,23.993572822278477,2.1748555088404977,0.0996784310277039
2018-07-26,11167.2998046875,36984.640625,0.003166003819182,-0.0002065726875009,0.0854210447782155,1,0.0034237639425699,0.0008992239511724,0.0773921718395492,1,0.0098950766569342,17.327138008699094,-6.666434813579382,-0.277842523202275
2018-07-27,11278.349609375,37336.8515625,0.0098950766569342,0.003166003819182,0.0814075934299377,1,0.0094781082525358,0.0034237639425699,0.0762081424624589,1,0.0036463779405013,20.510027060058377,3.1828890513592825,0.18369387083783328
2018-07-30,11319.5498046875,37494.3984375,0.0036463779405013,0.0098950766569342,0.0750199893789681,1,0.0042107303507216,0.0094781082525358,0.070757707281582,1,0.0032589651490718,20.021764526393657,-0.48826253366472017,-0.023806040442314824
2018-07-31,11356.5,37606.578125,0.0032589651490718,0.0036463779405013,0.0692267763530247,1,0.0029874384080291,0.0042107303507216,0.0657244390549497,1,-0.0009073639087465,20.48632337885709,0.4645588524634334,0.023202692842133388
2018-08-01,11346.2001953125,37521.62109375,-0.0009073639087465,0.0032589651490718,0.0704357923767086,0,-0.0022616558987706,0.0029874384080291,0.0682520198410823,-1,-0.008985979419681,16.569677815914694,-3.9166455629423957,-0.19118342957451162
2018-08-02,11244.7001953125,37165.16015625,-0.008985979419681,-0.0009073639087465,0.0799369900560658,-1,-0.0095455618300806,-0.0022616558987706,0.0782591215277434,-1,0.0102718922559686,17.35278577943803,0.7831079635233351,0.047261508173151334
2018-08-03,11360.7998046875,37556.16015625,0.0102718922559686,-0.008985979419681,0.0834143693331892,1,0.0104656493542872,-0.0095455618300806,0.0820827716203347,1,0.002312285273185,21.385320064552715,4.032534285114686,0.232385412715288
2018-08-06,11387.099609375,37691.890625,0.002312285273185,0.0102718922559686,0.0834027666625707,1,0.0036075516786232,0.0104656493542872,0.0821531950586325,1,0.0002064040397692,20.93424601272344,-0.4510740518292735,-0.02109269585246709
2018-08-07,11389.4501953125,37665.80078125,0.0002064040397692,0.002312285273185,0.0819241289853324,0,-0.0006924268593038,0.0036075516786232,0.080745424703936,0,0.0053022245304194,20.69339859922499,-0.24084741349845018,-0.01150494808134328
2018-08-08,11450.0,37887.55859375,0.0053022245304194,0.0002064040397692,0.0794304142513014,1,0.005870247230433,-0.0006924268593038,0.078715592460029,1,0.0018062450766348,20.635937844124093,-0.0574607551008981,-0.0027767674229718375
2018-08-09,11470.7001953125,38024.37109375,0.0018062450766348,0.0053022245304194,0.079096590578188,0,0.0036045098231887,0.005870247230433,0.078705893359195,1,-0.0035982427589175,18.54960961466182,-2.086328229462275,-0.10110169187470874
2018-08-10,11429.5,37869.23046875,-0.0035982427589175,0.0018062450766348,0.0796945513921509,-1,-0.004088377357291,0.0036045098231887,0.0789659131114545,-1,-0.0064735087435117,20.4339625335371,1.8843529188752797,0.10158450544349273
2018-08-13,11355.75,37644.8984375,-0.0064735087435117,-0.0035982427589175,0.0843762278740188,-1,-0.0059414759709253,-0.004088377357291,0.0830981838347193,-1,0.0069633147827702,21.023767733999243,0.5898052004621448,0.028863966031753785
2018-08-14,11435.099609375,37852.0,0.0069633147827702,-0.0064735087435117,0.0798726763388553,1,0.0054863732489877,-0.0059414759709253,0.0796609086745562,1,-0.0043864642628158,18.558564797832794,-2.465202936166449,-0.1172579038808429
2018-08-16,11385.0498046875,37663.55859375,-0.0043864642628158,0.0069633147827702,0.0812524668446851,-1,-0.0049908072164995,0.0054863732489877,0.0821138902816599,-1,0.0074992428777844,23.85679570675802,5.298230908925227,0.2854871034824813
2018-08-17,11470.75,37947.87890625,0.0074992428777844,-0.0043864642628158,0.0822591676079256,1,0.0075205990517284,-0.0049908072164995,0.082126602534386,1,0.0070366236698632,21.173582602616136,-2.6832131041418847,-0.11247164695222667
2018-08-20,11551.75,38278.75,0.0070366236698632,0.0074992428777844,0.0824771729497886,1,0.008681301442899,0.0075205990517284,0.0846485025223823,1,0.001656418678663,17.865110300573562,-3.308472302042574,-0.15625472382901273
2018-08-21,11570.900390625,38285.75,0.001656418678663,0.0070366236698632,0.0820856428285647,0,0.000182852366815,0.008681301442899,0.0848101947272428,0,0.0010235630416488,21.52167150012413,3.6565611995505662,0.20467610543849668
2018-08-23,11582.75,38336.76171875,0.0010235630416488,0.001656418678663,0.080616587132427,0,0.0013315075463422,0.000182852366815,0.08372271900602,0,-0.0022169894415104,18.112295372788058,-3.4093761273360705,-0.15841595423089727
2018-08-24,11557.099609375,38251.80078125,-0.0022169894415104,0.0010235630416488,0.0814597388815842,-1,-0.0022186334245536,0.0013315075463422,0.0849401325117078,-1,0.01160065459554,21.720143095643323,3.607847722855265,0.19919329099920158
2018-08-27,11691.9501953125,38694.109375,0.01160065459554,-0.0022169894415104,0.0878583677952543,1,0.0114967375052154,-0.0022186334245536,0.0912100461994666,1,0.0039734504070277,23.10302793754024,1.3828848418969173,0.06366831175132992
2018-08-28,11738.5,38896.62890625,0.0039734504070277,0.01160065459554,0.0879987781882902,1,0.0052202104435166,0.0114967375052154,0.0916962789450165,1,-0.0039777101577748,19.1585131821256,-3.944514755414641,-0.17073583454423202
2018-08-29,11691.900390625,38722.9296875,-0.0039777101577748,0.0039734504070277,0.086165034299185,-1,-0.0044756633985666,0.0052202104435166,0.0908618250746653,-1,-0.0012923772322029,22.543255688407143,3.384742506281544,0.1766704166500468
2018-08-30,11676.7998046875,38690.1015625,-0.0012923772322029,-0.0039777101577748,0.0864679979142916,0,-0.0008481292215988,-0.0044756633985666,0.0908155249698286,0,0.0003168341695652,21.472361645302158,-1.0708940431049854,-0.047503965616452315
2018-08-31,11680.5,38645.0703125,0.0003168341695652,-0.0012923772322029,0.0863056592758984,0,-0.0011645737378636,-0.0008481292215988,0.0910942447824225,0,-0.0084384307760752,22.27468624757882,0.8023246022766628,0.03736545683842829
2018-09-03,11582.349609375,38312.51953125,-0.0084384307760752,0.0003168341695652,0.0924970050925759,-1,-0.0086424965191921,-0.0011645737378636,0.0967418708291203,-1,-0.0053716742853734,25.043286474565484,2.7686002269866634,0.12429356787405266
2018-09-04,11520.2998046875,38157.921875,-0.0053716742853734,-0.0084384307760752,0.0883440078731433,-1,-0.0040433365893504,-0.0086424965191921,0.0908900737895393,-1,-0.0037699864738834,20.343624555308587,-4.699661919256897,-0.18766154849643946
2018-09-05,11476.9501953125,38018.30859375,-0.0037699864738834,-0.0053716742853734,0.0833306666516874,-1,-0.0036655381006165,-0.0040433365893504,0.0858920046938568,-1,0.0052099348340707,18.82559433645376,-1.5180302188548254,-0.07461945705534079
2018-09-06,11536.900390625,38242.80859375,0.0052099348340707,-0.0037699864738834,0.0847244468087342,1,0.005887683181156,-0.0036655381006165,0.0872562176509216,1,0.0045143394792379,18.693415821622374,-0.13217851483138787,-0.007021213379459601
2018-09-07,11589.099609375,38389.8203125,0.0045143394792379,0.0052099348340707,0.085765818278724,1,0.0038367964454544,0.005887683181156,0.087760565502178,1,-0.0131151133900974,18.94496125794152,0.25154543631914805,0.013456365531022474
2018-09-10,11438.099609375,37922.171875,-0.0131151133900974,0.0045143394792379,0.096692085669783,-1,-0.0122563774896124,0.0038367964454544,0.096837430043514,-1,-0.0132539353477887,21.51500514815009,2.57004389020857,0.135658440005056
2018-09-11,11287.5,37413.12890625,-0.0132539353477887,-0.0131151133900974,0.1066150790818077,-1,-0.0135142678369304,-0.0122563774896124,0.1065735243166776,-1,0.0072736282619682,23.343811857814057,1.828806709663965,0.08500145350052168
2018-09-12,11369.900390625,37717.9609375,0.0072736282619682,-0.0132539353477887,0.1095873013581875,1,0.0081147153491973,-0.0135142678369304,0.1101134085071899,1,0.0126983717276078,23.51211173447879,0.168299876664733,0.007209614166265421
2018-09-14,11515.2001953125,38090.640625,0.0126983717276078,0.0072736282619682,0.1158137916553155,1,0.0098322006243768,0.0081147153491973,0.1132462530063708,1,-0.012008224872722,25.235745663603595,1.723633929124805,0.07330834204046521
2018-09-17,11377.75,37585.51171875,-0.012008224872722,0.0126983717276078,0.1213270998386751,-1,-0.0133499495584256,0.0098322006243768,0.1214257911020871,-1,-0.0087259356424517,24.158713767623325,-1.0770318959802694,-0.04267882195110351
2018-09-18,11278.900390625,37290.671875,-0.0087259356424517,-0.012008224872722,0.1240956722176313,-1,-0.0078754379160318,-0.0133499495584256,0.1232169412517618,-1,-0.0039577439421343,27.316635376077766,3.1579216084544406,0.13071563489802096
2018-09-19,11234.349609375,37121.21875,-0.0039577439421343,-0.0087259356424517,0.1211649662814461,-1,-0.0045544715096861,-0.0078754379160318,0.1204137561074368,-1,-0.0081555770621293,23.587182961668695,-3.729452414409071,-0.13652678534762364
2018-09-21,11143.099609375,36841.6015625,-0.0081555770621293,-0.0039577439421343,0.1199042071213277,-1,-0.0075610561752564,-0.0045544715096861,0.1169728123107135,-1,-0.0158931654278473,29.43075904531201,5.843576083643313,0.24774370441521798
2018-09-24,10967.400390625,36305.01953125,-0.0158931654278473,-0.0081555770621293,0.1287704692895588,-1,-0.0146716730995752,-0.0075610561752564,0.124819646933645,-1,0.0090811137439312,26.12838162448589,-3.3023774208261187,-0.11220836729836736
2018-09-25,11067.4501953125,36652.05859375,0.0090811137439312,-0.0158931654278473,0.1344867716923329,1,0.0095135849435847,-0.0146716730995752,0.1310702782851751,1,-0.0012341429492082,23.734362056400723,-2.3940195680851666,-0.09162525266553978
2018-09-26,11053.7998046875,36542.26953125,-0.0012341429492082,0.0090811137439312,0.1345252663794038,0,-0.002999935859805,0.0095135849435847,0.1311041248582123,-1,-0.0069219821576265,23.310741641818154,-0.4236204145825688,-0.017848401131486336
2018-09-27,10977.5498046875,36324.171875,-0.0069219821576265,-0.0012341429492082,0.1257361587386463,-1,-0.0059862483562456,-0.002999935859805,0.1217859190707641,-1,-0.0042997701241433,25.538560704351,2.227819062532845,0.09557049264088024
2018-09-28,10930.4501953125,36227.140625,-0.0042997701241433,-0.0069219821576265,0.1231933239236724,-1,-0.0026748325980371,-0.0059862483562456,0.1180779636755076,-1,0.0070970256859682,23.872406821715536,-1.666153882635463,-0.06524071195412362
2018-10-01,11008.2998046875,36526.140625,0.0070970256859682,-0.0042997701241433,0.1283982883764594,1,0.0082196068212759,-0.0026748325980371,0.1246103190487517,1,-0.0137243562680507,26.267829825830123,2.395423004114587,0.10034275228317524
2018-10-03,10858.25,35975.62890625,-0.0137243562680507,0.0070970256859682,0.1335921730397673,-1,-0.0151864513809082,0.0082196068212759,0.1315155442625387,-1,-0.0241419158184583,26.30569255312382,0.037862727293696,0.0014414105597890803
2018-10-04,10599.25,35169.16015625,-0.0241419158184583,-0.0137243562680507,0.1506558700923962,-1,-0.0226721677273544,-0.0151864513809082,0.1469729174805497,-1,-0.0270435163392156,26.919929183925873,0.6142366308020542,0.023349950949271392
2018-10-05,10316.4501953125,34376.98828125,-0.0270435163392156,-0.0241419158184583,0.1692294941783464,-1,-0.0227821714283329,-0.0226721677273544,0.1596261403987427,-1,0.0030583497307539,27.22936198169783,0.309432797771958,0.01149456210147548
2018-10-08,10348.0498046875,34474.37890625,0.0030583497307539,-0.0270435163392156,0.1718171145530017,1,0.0028290125216753,-0.0227821714283329,0.1619903827120636,1,-0.0045522644623356,26.152017005928442,-1.077344975769389,-0.039565560753627826
2018-10-09,10301.0498046875,34299.46875,-0.0045522644623356,0.0030583497307539,0.1717615954946233,-1,-0.0050865420310245,0.0028290125216753,0.1619360004310458,-1,0.0153221686492236,28.283129645328287,2.131112639399845,0.08148941777289065
2018-10-10,10460.099609375,34760.890625,0.0153221686492236,-0.0045522644623356,0.1826703823849232,1,0.013363056478324,-0.0050865420310245,0.1700775140739096,1,-0.0217889211657315,31.97983582713926,3.696706181810974,0.1307035758831443
2018-10-11,10234.650390625,34001.1484375,-0.0217889211657315,0.0153221686492236,0.1886419798729797,-1,-0.0220986205728388,0.013363056478324,0.1775371827883024,-1,0.0229737135285507,31.29238547555838,-0.6874503515808819,-0.021496369002541482
2018-10-12,10472.5,34733.578125,0.0229737135285507,-0.0217889211657315,0.2113519542877671,1,0.0213125867518019,-0.0220986205728388,0.1989071858898882,1,0.0038122514600135,30.643717871352735,-0.6486676042056452,-0.020729247526121042
2018-10-15,10512.5,34865.1015625,0.0038122514600135,0.0229737135285507,0.2104063652607178,1,0.0037794853193428,0.0213125867518019,0.1977019867045572,1,0.0068492606810225,33.38699837777415,2.7432805064214136,0.08952179098953161
2018-10-16,10584.75,35162.48046875,0.0068492606810225,0.0038122514600135,0.2101404106376788,1,0.0084932446686271,0.0037794853193428,0.1979829294484058,1,-0.0125205028099025,33.784675823225555,0.39767744545140715,0.011911146996554933
2018-10-17,10453.0498046875,34779.578125,-0.0125205028099025,0.0068492606810225,0.2038514806997364,-1,-0.0109492393224293,0.0084932446686271,0.1936002608098058,-1,-0.0144053060779479,30.617433197571376,-3.167242625654179,-0.09374790636519392
2018-10-19,10303.5498046875,34315.62890625,-0.0144053060779479,-0.0125205028099025,0.2051130951478015,-1,-0.0134294753996652,-0.0109492393224293,0.1936471340717999,-1,-0.005674293551714,32.8187597266712,2.201326529099827,0.07189781438877896
2018-10-22,10245.25,34134.37890625,-0.005674293551714,-0.0144053060779479,0.2046344487298202,-1,-0.0052958481497288,-0.0134294753996652,0.1932585367154372,-1,-0.0096558179456978,32.57986230987402,-0.23889741679718668,-0.007279294488482413
2018-10-23,10146.7998046875,33847.23046875,-0.0096558179456978,-0.005674293551714,0.2053678082997129,-1,-0.0084478772383477,-0.0052958481497288,0.1938154565065242,-1,0.0076528861573851,30.250840234310047,-2.3290220755639695,-0.07148655366963019
2018-10-24,10224.75,34033.9609375,0.0076528861573851,-0.0096558179456978,0.20942148775801,1,0.0055016989504345,-0.0084478772383477,0.196393544343693,1,-0.0098134767709648,33.65772349649757,3.4068832621875202,0.11262111186992696
2018-10-25,10124.900390625,33690.08984375,-0.0098134767709648,0.0076528861573851,0.2061393685082504,-1,-0.0101551530063954,0.0055016989504345,0.1938426141349727,-1,-0.0094171730074026,33.73550590356151,0.07778240706394257,0.002310982413056939
2018-10-26,10030.0,33349.30859375,-0.0094171730074026,-0.0098134767709648,0.201475023114624,-1,-0.0101666838677449,-0.0101551530063954,0.1890480018371969,-1,0.0217799888950051,34.31360479781296,0.5780988942514469,0.01713621535435217
2018-10-29,10250.849609375,34067.3984375,0.0217799888950051,-0.0094171730074026,0.2212476335231772,1,0.0213038290984919,-0.0101666838677449,0.2091506096150916,1,-0.0051297073253929,36.23236745638752,1.9187626585745647,0.055918422732923245
2018-10-30,10198.400390625,33891.12890625,-0.0051297073253929,0.0217799888950051,0.2209946224172,-1,-0.0051875734639193,0.0213038290984919,0.2090415301718631,-1,0.0182855926765914,31.34412350580582,-4.888243950581703,-0.13491373304451126
2018-10-31,10386.599609375,34442.05078125,0.0182855926765914,-0.0051297073253929,0.233469282819973,1,0.0161249283209015,-0.0051875734639193,0.2196278406862278,1,-0.0005922280054286,33.471278202167056,2.127154696361238,0.06786454551735122
2018-11-01,10380.4501953125,34431.96875,-0.0005922280054286,0.0182855926765914,0.2310222974451396,0,-0.0002927673276696,0.0161249283209015,0.2163944355509659,0,0.0164859314743341,36.13230027893128,2.661022076764226,0.07950165693379296
2018-11-02,10553.0,35011.6484375,0.0164859314743341,-0.0005922280054286,0.2366512756742302,1,0.0166953616666776,-0.0002927673276696,0.221543888316703,1,-0.0027518165109068,36.69269946924744,0.5603991903161543,0.015509646105839714
2018-11-05,10524.0,34950.921875,-0.0027518165109068,0.0164859314743341,0.2218399408316216,-1,-0.0017359733205694,0.0166953616666776,0.2075145878707271,0,0.0005699629678378,35.21408945577426,-1.4786100134731797,-0.04029711727021934
2018-11-06,10530.0,34991.91015625,0.0005699629678378,-0.0027518165109068,0.1994507681878355,0,0.0011720510809121,-0.0017359733205694,0.1907210412936855,0,0.0064747570397876,39.65053980009299,4.436450344318736,0.12598509326474328
2018-11-07,10598.400390625,35237.6796875,0.0064747570397876,0.0005699629678378,0.2002497891209669,1,0.0069990593732703,0.0011720510809121,0.1918117695878865,1,-0.0012462656636175,33.16675993348302,-6.4837798666099715,-0.16352311719586643
2018-11-09,10585.2001953125,35158.55078125,-0.0012462656636175,0.0064747570397876,0.1993916828693672,0,-0.0022481016113873,0.0069990593732703,0.1909188557325184,-1,-0.009778218363148,34.210299567297916,1.0435396338148948,0.03146341807001196
2018-11-12,10482.2001953125,34812.98828125,-0.009778218363148,-0.0012462656636175,0.1960746717131925,-1,-0.0098773105203892,-0.0022481016113873,0.1891959788209343,-1,0.0095230942540353,33.515470698305656,-0.6948288689922606,-0.020310516943162216
2018-11-13,10582.5,35144.48828125,0.0095230942540353,-0.009778218363148,0.1814895381997477,1,0.0094772566855885,-0.0098773105203892,0.1735472970382765,1,-0.0005860630609673,31.451736322586367,-2.0637343757192887,-0.06157557488290377
2018-11-14,10576.2998046875,35141.98828125,-0.0005860630609673,0.0095230942540353,0.164025866887839,0,-7.113743989803107e-05,0.0094772566855885,0.1580183511607997,0,0.0038126211073087,27.772048199503207,-3.67968812308316,-0.11699475301910989
2018-11-15,10616.7001953125,35260.5390625,0.0038126211073087,-0.0005860630609673,0.1640259618065432,1,0.0033678022018241,-7.113743989803107e-05,0.1579189606452819,1,0.0061505716525058,29.920534621640854,2.1484864221376476,0.07736146814609368
2018-11-16,10682.2001953125,35457.16015625,0.0061505716525058,0.0038126211073087,0.1637010966774775,1,0.005560746533897,0.0033678022018241,0.1563765914860087,1,0.0075727031311441,26.82445923867261,-3.0960753829682446,-0.10347660635478495
2018-11-19,10763.400390625,35774.87890625,0.0075727031311441,0.0061505716525058,0.1583735356381901,1,0.0089207289631995,0.005560746533897,0.1533293705501989,1,-0.0100096255237306,27.36371635033899,0.5392571116663802,0.02010318668004829
2018-11-20,10656.2001953125,35474.51171875,-0.0100096255237306,0.0075727031311441,0.1535057631828365,-1,-0.0084314817091185,0.0089207289631995,0.1481519314985623,-1,-0.0052832010567947,26.379849222625445,-0.9838671277135447,-0.03595517199188314
2018-11-21,10600.0498046875,35199.80078125,-0.0052832010567947,-0.0100096255237306,0.153277975174041,-1,-0.0077740358924915,-0.0084314817091185,0.1498405504582864,-1,-0.0069390631315694,27.491545796176744,1.1116965735512991,0.04214188504905558
2018-11-22,10526.75,34981.01953125,-0.0069390631315694,-0.0052832010567947,0.1510319810014645,-1,-0.006234807679529,-0.0077740358924915,0.1481830173465417,-1,0.0096288076690703,31.732515233493466,4.240969437316721,0.1542644953019161
2018-11-26,10628.599609375,35354.078125,0.0096288076690703,-0.0069390631315694,0.1521558657164486,1,0.0106081346187082,-0.006234807679529,0.1509211269905196,1,0.0053485599246426,23.481056186461363,-8.251459047032103,-0.26003167370491775
2018-11-27,10685.599609375,35513.140625,0.0053485599246426,0.0096288076690703,0.1464776032066782,1,0.0044890365367009,0.0106081346187082,0.1446868420560763,1,0.0040393342237814,28.020280701416848,4.539224514955485,0.19331432448821007
2018-11-28,10728.849609375,35716.94921875,0.0040393342237814,0.0053485599246426,0.1398744579090175,1,0.0057225577107866,0.0044890365367009,0.1374345295126103,1,0.0120302816382299,22.762014048522445,-5.258266652894402,-0.18765931394215185
2018-11-29,10858.7001953125,36170.41015625,0.0120302816382299,0.0040393342237814,0.127052750189852,1,0.0126160414292645,0.0057225577107866,0.1258766987141729,1,0.0016608635822544,23.761411287406332,0.999397238883887,0.04390636244901014
2018-11-30,10876.75,36194.30078125,0.0016608635822544,0.0120302816382299,0.1238891537537831,0,0.0006602838747912,0.0126160414292645,0.1227619359587431,0,0.000643367591871,26.56681656931304,2.805405281906708,0.11806560005943689
2018-12-03,10883.75,36241.0,0.000643367591871,0.0016608635822544,0.1109834925128661,0,0.0012894051578821,0.0006602838747912,0.1133742107906443,0,-0.0013101492455916,23.226909289477536,-3.3399072798355043,-0.12571725600324224
2018-12-04,10869.5,36134.30859375,-0.0013101492455916,0.000643367591871,0.1112407931159365,0,-0.002948284037927,0.0012894051578821,0.1145432866350088,-1,-0.0079991196888217,20.96858975573504,-2.2583195337424975,-0.09722858541345325
2018-12-05,10782.900390625,35884.41015625,-0.0079991196888217,-0.0013101492455916,0.1036781995504578,-1,-0.0069398468840612,-0.002948284037927,0.1060587080045563,-1,-0.0169990595794747,20.93721253652584,-0.03137721920919745,-0.001496391487206039
2018-12-06,10601.150390625,35312.12890625,-0.0169990595794747,-0.0079991196888217,0.1205878107219011,-1,-0.0160764436891886,-0.0069398468840612,0.1215207629922375,-1,0.0086922786366063,25.417976570059462,4.480764033533621,0.21400957867322323
2018-12-07,10693.7001953125,35673.25,0.0086922786366063,-0.0169990595794747,0.1240102962351685,1,0.0101746081984762,-0.0160764436891886,0.1260740716601978,1,-0.0193801309422876,22.940296360082577,-2.477680209976885,-0.09747747635015969
2018-12-10,10488.4501953125,34959.71875,-0.0193801309422876,0.0086922786366063,0.1402151644228338,-1,-0.0202046023538526,0.0101746081984762,0.1435499299641313,-1,0.0057706546437928,26.45443362144733,3.514137261364752,0.15318621896618345
2018-12-11,10549.150390625,35150.01171875,0.0057706546437928,-0.0193801309422876,0.1418399666212212,1,0.0054284458027139,-0.0202046023538526,0.1447473481530863,1,0.0177062390577531,26.27514034192975,-0.17929327951758012,-0.006777437842109824
2018-12-12,10737.599609375,35779.0703125,0.0177062390577531,0.0057706546437928,0.150077850103916,1,0.0177381426533066,0.0054284458027139,0.152438478885512,1,0.0050118383410277,25.704584315179964,-0.5705560267497845,-0.02171467095227242
2018-12-13,10791.5498046875,35929.640625,0.0050118383410277,0.0177062390577531,0.1476999570491877,1,0.0041995046854858,0.0177381426533066,0.1499487762443155,1,0.0012872521687673,31.05788388356942,5.353299568389456,0.20826244465770416
2018-12-14,10805.4501953125,35962.9296875,0.0012872521687673,0.0050118383410277,0.1475999598147507,0,0.0009260780282139,0.0041995046854858,0.1498944333845581,0,0.0076427198858132,28.02783402611109,-3.03004985745833,-0.0975613750382176
2018-12-17,10888.349609375,36270.0703125,0.0076427198858132,0.0012872521687673,0.1491014907181801,1,0.0085042148623119,0.0009260780282139,0.1519161679162753,1,0.0018672794743268,22.859863898502795,-5.167970127608296,-0.18438706761263635
2018-12-18,10908.7001953125,36347.078125,0.0018672794743268,0.0076427198858132,0.1480452255089589,0,0.0021209271645665,0.0085042148623119,0.1511787237194699,1,0.0053574464743618,27.177431180434745,4.31756728193195,0.18887108432061694
2018-12-19,10967.2998046875,36484.328125,0.0053574464743618,0.0018672794743268,0.1470010584565814,1,0.0037689829028201,0.0021209271645665,0.1488912796795272,1,-0.0014233871991216,25.376532916121363,-1.800898264313382,-0.06626447703452798
2018-12-20,10951.7001953125,36431.671875,-0.0014233871991216,0.0053574464743618,0.1418972062909141,0,-0.0014442991703717,0.0037689829028201,0.1452763717743798,0,-0.0182169348003537,27.89458729868386,2.5180543825624966,0.09922767585649228
2018-12-21,10754.0,35742.0703125,-0.0182169348003537,-0.0014233871991216,0.1558482523668426,-1,-0.0191100676794499,-0.0014442991703717,0.1588403541269392,-1,-0.0084510833319759,25.99978375981886,-1.8948035388649984,-0.06792728347532861
2018-12-24,10663.5,35470.1484375,-0.0084510833319759,-0.0182169348003537,0.1568651428590708,-1,-0.0076369814447892,-0.0191100676794499,0.1596868200089535,-1,0.0062028455871955,27.45704140297328,1.4572576431544206,0.05604883704481134
2018-12-26,10729.849609375,35649.94140625,0.0062028455871955,-0.0084510833319759,0.1548201754131412,1,0.0050560496241882,-0.0076369814447892,0.1564547589716852,1,0.0046444536719637,28.491992099275034,1.0349506963017525,0.03769345287834547
2018-12-27,10779.7998046875,35807.28125,0.0046444536719637,0.0062028455871955,0.154558547768929,1,0.0044037563223532,0.0050560496241882,0.1564269302500213,1,0.0074031480150774,29.187365165233143,0.6953730659581083,0.024405912494121607
2018-12-28,10859.900390625,36076.71875,0.0074031480150774,0.0046444536719637,0.1559843111732957,1,0.0074964877247913,0.0044037563223532,0.1573067178738163,1,0.0002439332627594,25.197838303218017,-3.9895268620151256,-0.1366867766045321
2018-12-31,10862.5498046875,36068.328125,0.0002439332627594,0.0074031480150774,0.1503218229124241,0,-0.0002326043270127,0.0074964877247913,0.1509837376750769,0,-0.0064696271450112,26.363179819560514,1.1653415163424974,0.04624767816664943
2019-01-02,10792.5,35891.51953125,-0.0064696271450112,0.0002439332627594,0.1518323932791305,-1,-0.0049141001631325,-0.0002326043270127,0.1518463553228054,-1,-0.0112045337615006,26.233348705591137,-0.1298311139693773,-0.004924713743106435
2019-01-03,10672.25,35513.7109375,-0.0112045337615006,-0.0064696271450112,0.1563166811474718,-1,-0.0105821973247166,-0.0049141001631325,0.1557020108833069,-1,0.0051496039312523,26.325009649599757,0.0916609440086198,0.0034940618918806177
2019-01-04,10727.349609375,35695.1015625,0.0051496039312523,-0.0112045337615006,0.1577164893550348,1,0.0050946227290441,-0.0105821973247166,0.1568995591673755,1,0.0041350713736188,31.302557416065675,4.977547766465918,0.18908056759407854
2019-01-07,10771.7998046875,35850.16015625,0.0041350713736188,0.0051496039312523,0.1561635503263185,1,0.0043345661977041,0.0050946227290441,0.1560017897865339,1,0.00281363456255,28.426318454553762,-2.8762389615119126,-0.09188511096015806
2019-01-08,10802.150390625,35980.9296875,0.00281363456255,0.0041350713736188,0.1436480710224663,1,0.003641032761813,0.0043345661977041,0.1450394055154622,1,0.0048944331833999,23.843039193576537,-4.583279260977225,-0.16123365634929787
2019-01-09,10855.150390625,36212.91015625,0.0048944331833999,0.00281363456255,0.1416388074283464,1,0.0064266222070873,0.003641032761813,0.1425776983412697,1,-0.0030955570407573,27.99960463694419,4.156565443367654,0.17433035317441647
2019-01-10,10821.599609375,36106.5,-0.0030955570407573,0.0048944331833999,0.1224660146085768,-1,-0.002942784870966,0.0064266222070873,0.1216719846159365,-1,-0.0024656504210332,28.490913854882947,0.49130921793875615,0.017547005549160444
2019-01-11,10794.9501953125,36009.83984375,-0.0024656504210332,-0.0030955570407573,0.1221609237543733,-1,-0.0026806744308673,-0.002942784870966,0.1216467988595807,-1,-0.0053268862323603,26.281022896539625,-2.2098909583433226,-0.07756476221153497
2019-01-14,10737.599609375,35853.55859375,-0.0053268862323603,-0.0024656504210332,0.1079300833061091,-1,-0.004349404558271,-0.0026806744308673,0.1068627889587519,-1,0.0137994642136697,19.754268398702884,-6.526754497836741,-0.24834476662231086
2019-01-15,10886.7998046875,36318.328125,0.0137994642136697,-0.0053268862323603,0.116984758593275,1,0.0128796953296053,-0.004349404558271,0.1149814952735868,1,0.0003214385839176,22.730007713594997,2.975739314892113,0.1506377889999464
2019-01-16,10890.2998046875,36321.2890625,0.0003214385839176,0.0137994642136697,0.1169422171583524,0,8.152403925803758e-05,0.0128796953296053,0.1149804279765589,0,0.0013672907661065,26.228044014208486,3.4980363006134887,0.15389507758597398
2019-01-17,10905.2001953125,36374.078125,0.0013672907661065,0.0003214385839176,0.1140102215301485,0,0.0014523366156955,8.152403925803758e-05,0.111309890340349,0,0.0001604610249256,21.985683221777286,-4.2423607924311995,-0.16174903435929078
2019-01-18,10906.9501953125,36386.609375,0.0001604610249256,0.0013672907661065,0.113825047948744,0,0.0003444511192639,0.0014523366156955,0.1110806843486938,0,0.0050208086296924,24.270143651166855,2.2844604293895685,0.10390672904477949
2019-01-21,10961.849609375,36578.9609375,0.0050208086296924,0.0001604610249256,0.1136309286505761,1,0.0052724047043668,0.0003444511192639,0.1118341326413833,1,-0.0035732571466164,24.912360971916282,0.6422173207494275,0.026461208057932062
2019-01-22,10922.75,36444.640625,-0.0035732571466164,0.0050208086296924,0.1142071946855552,-1,-0.0036788233150354,0.0052724047043668,0.1124947330701301,-1,-0.0083892145371514,21.566858525399354,-3.345502446516928,-0.1342908626881376
2019-01-23,10831.5,36108.46875,-0.0083892145371514,-0.0035732571466164,0.0985998416554204,-1,-0.0092669847971699,-0.0036788233150354,0.0952540105287953,-1,0.0016880730581589,21.740933453418442,0.1740749280190883,0.008071408629777066
2019-01-24,10849.7998046875,36195.1015625,0.0016880730581589,-0.0083892145371514,0.0933213881929765,0,0.0023963644833423,-0.0092669847971699,0.0907061741666981,1,-0.0064030621649687,14.849604139159506,-6.891329314258936,-0.31697485892333555
2019-01-25,10780.5498046875,36025.5390625,-0.0064030621649687,0.0016880730581589,0.094378692603958,-1,-0.004695688382057,0.0023963644833423,0.0914496282164435,-1,-0.011099773244971,19.38909397772722,4.5394898385677145,0.30569770049268485
2019-01-28,10661.5498046875,35656.69921875,-0.011099773244971,-0.0064030621649687,0.1006392579640061,-1,-0.0102910597598913,-0.004695688382057,0.0975107499325348,-1,-0.0008773312978436,21.55878949361429,2.1696955158870708,0.11190288305268203
2019-01-29,10652.2001953125,35592.5,-0.0008773312978436,-0.011099773244971,0.0964191537014858,0,-0.0018021040749449,-0.0102910597598913,0.093500148239717,0,-3.758830501756102e-05,19.14634900621888,-2.4124404873954113,-0.11190055397637122
2019-01-30,10651.7998046875,35591.25,-3.758830501756102e-05,-0.0008773312978436,0.0963812744221781,0,-3.5120375089265484e-05,-0.0018021040749449,0.0935135841301665,0,0.0166789208742785,24.90295005008108,5.756601043862201,0.3006631207857129
2019-01-31,10830.9501953125,36256.69140625,0.0166789208742785,-3.758830501756102e-05,0.111757935901791,1,0.0185241336525173,-3.5120375089265484e-05,0.1131769585256978,1,0.0057722920298164,20.315510834257836,-4.587439215823245,-0.1842126818950235
2019-02-01,10893.650390625,36469.4296875,0.0057722920298164,0.0166789208742785,0.1052732545166,1,0.0058504120620945,0.0185241336525173,0.1070872085097538,1,0.0017059248691862,21.64723647826603,1.3317256440081948,0.0655521613447454
2019-02-04,10912.25,36582.73828125,0.0017059248691862,0.0057722920298164,0.1042244237666716,0,0.0031021306490049,0.0058504120620945,0.1064095833878103,1,0.0020231630833451,22.683923531239344,1.0366870529733134,0.047890041484701884
2019-02-05,10934.349609375,36616.80859375,0.0020231630833451,0.0017059248691862,0.1036315263450773,1,0.00093088868483,0.0031021306490049,0.1057854333546275,0,0.0116473337260757,25.245699212639963,2.5617756814006185,0.1129335354121015
2019-02-06,11062.4501953125,36975.23046875,0.0116473337260757,0.0020231630833451,0.1101974417360454,1,0.0097408554950031,0.00093088868483,0.1097353785066398,1,0.0006280717930916,20.148019871245662,-5.097679341394301,-0.20192268387805257
2019-02-07,11069.400390625,36971.08984375,0.0006280717930916,0.0116473337260757,0.1093507726795429,0,-0.0001119900215948,0.0097408554950031,0.108212038602465,0,-0.0114298051881045,25.26140477226421,5.113384901018549,0.2537909399382785
2019-02-08,10943.599609375,36546.48046875,-0.0114298051881045,0.0006280717930916,0.1167763538212024,-1,-0.0115513636979203,-0.0001119900215948,0.1159809591748175,-1,-0.0050200547115384,23.698101504159414,-1.5633032681047965,-0.06188504884024615
2019-02-11,10888.7998046875,36395.03125,-0.0050200547115384,-0.0114298051881045,0.11793259453585,-1,-0.0041526267503291,-0.0115513636979203,0.1166122262793868,-1,-0.0052853608316248,21.8302421514891,-1.8678593526703153,-0.07881894473033946
2019-02-12,10831.400390625,36153.62109375,-0.0052853608316248,-0.0050200547115384,0.1179072174755312,-1,-0.0066551490475781,-0.0041526267503291,0.1180862809739142,-1,-0.007911132252471,24.71492869607966,2.8846865445905614,0.13214175658577343
2019-02-14,10746.0498046875,35876.21875,-0.007911132252471,-0.0052853608316248,0.1106125183328179,-1,-0.0077024665285212,-0.0066551490475781,0.1120419645259488,-1,-0.0020166713974639,23.45937122442873,-1.2555574716509312,-0.05080158179255001
2019-02-15,10724.400390625,35808.94921875,-0.0020166713974639,-0.007911132252471,0.1106583959670339,-1,-0.0018768052834908,-0.0077024665285212,0.1121009224256973,0,-0.0078117716203071,21.8654058423858,-1.5939653820429278,-0.06794578451374256
2019-02-18,10640.9501953125,35498.44140625,-0.0078117716203071,-0.0020166713974639,0.1130087748665779,-1,-0.0087090488764269,-0.0018768052834908,0.1151544217522042,-1,-0.0034455265383959,23.44048165663783,1.5750758142520276,0.07203505965568513
2019-02-19,10604.349609375,35352.609375,-0.0034455265383959,-0.0078117716203071,0.1131648973012851,-1,-0.0041165864326494,-0.0087090488764269,0.1154564111865223,-1,0.012287110143627,22.54586253640499,-0.8946191202328393,-0.03816556047514075
2019-02-20,10735.4501953125,35756.26171875,0.012287110143627,-0.0034455265383959,0.1208494152314104,1,0.0113532017389398,-0.0041165864326494,0.1216231059124518,1,0.0050544736074349,24.311976213643536,1.7661136772385468,0.07833426973072277
2019-02-21,10789.849609375,35898.3515625,0.0050544736074349,0.012287110143627,0.1222170611992874,1,0.003965970186331,0.0113532017389398,0.1224477700146929,1,0.0001668819363047,25.545967468970833,1.2339912553272967,0.05075651787758817
2019-02-22,10791.650390625,35871.48046875,0.0001668819363047,0.0050544736074349,0.118879578698495,0,-0.000748813094446,0.003965970186331,0.1184454133424036,0,0.0081626735135031,27.059991502140203,1.5140240331693704,0.059266654708159505
2019-02-25,10880.099609375,36213.37890625,0.0081626735135031,0.0001668819363047,0.122227094702883,1,0.0094860697318756,-0.000748813094446,0.1229497480414032,1,-0.0041260920318907,21.747078472634602,-5.3129130295056015,-0.19633831108503486
2019-02-26,10835.2998046875,35973.7109375,-0.0041260920318907,0.0081626735135031,0.1209406979330923,-1,-0.0066402136419921,0.0094860697318756,0.124069702134236,-1,-0.0026475831003447,28.360136542621763,6.6130580699871615,0.30408949313852385
2019-02-27,10806.650390625,35905.4296875,-0.0026475831003447,-0.0041260920318907,0.114316877176378,-1,-0.0018998911212683,-0.0066402136419921,0.1186448778544066,0,-0.0013102730795938,19.527512118592796,-8.832624424028968,-0.3114450598908306
2019-02-28,10792.5,35867.44140625,-0.0013102730795938,-0.0026475831003447,0.114399267666406,0,-0.0010585694627641,-0.0018998911212683,0.1185043147291343,0,0.0065570977456633,23.136356576569433,3.6088444579766374,0.18480820475540938
2019-03-01,10863.5,36063.80859375,0.0065570977456633,-0.0013102730795938,0.1161863793429322,1,0.0054598710661005,-0.0010585694627641,0.1197915174820897,1,0.0113451839580338,24.795272347262372,1.6589157706929392,0.07170168583816472
2019-03-05,10987.4501953125,36442.5390625,0.0113451839580338,0.0065570977456633,0.1082811275295603,1,0.0104469174211458,0.0054598710661005,0.1071925393024682,1,0.0059481541776258,23.390096488426096,-1.4051758588362766,-0.05667112016986664
2019-03-06,11053.0,36636.1015625,0.0059481541776258,0.0113451839580338,0.1083869338893483,1,0.0052973878822976,0.0104469174211458,0.1068446111963548,1,0.0004703675388439,21.593294349293643,-1.7968021391324527,-0.07681892804595947
2019-03-07,11058.2001953125,36725.421875,0.0004703675388439,0.0059481541776258,0.1083257214348371,0,0.0024350736585266,0.0052973878822976,0.1066424594847044,1,-0.0020639291176077,22.416327642769158,0.8230332934755147,0.038115225966085076
2019-03-08,11035.400390625,36671.4296875,-0.0020639291176077,0.0004703675388439,0.108589599786398,-1,-0.0014712401442199,0.0024350736585266,0.106755457508754,0,0.0119486828487988,21.872958109322134,-0.5433695334470237,-0.024239899688578093
2019-03-11,11168.0498046875,37054.1015625,0.0119486828487988,-0.0020639291176077,0.1089858438456677,1,0.0103810798000776,-0.0014712401442199,0.1075065428813824,1,0.0118519264539069,21.719854870678347,-0.15310323864378717,-0.0069996585682909895
2019-03-12,11301.2001953125,37535.66015625,0.0118519264539069,0.0119486828487988,0.1159279906585816,1,0.0129123695655173,0.0103810798000776,0.1162893138463085,1,0.0035772840485137,25.29200325990021,3.572148389221862,0.16446465275623168
2019-03-13,11341.7001953125,37752.171875,0.0035772840485137,0.0118519264539069,0.1069865824482917,1,0.0057515885309154,0.0129123695655173,0.1084640195355847,1,0.0001366372574386,23.412689216759265,-1.879314043140944,-0.0743046734507008
2019-03-14,11343.25,37754.890625,0.0001366372574386,0.0035772840485137,0.1043636429728872,0,7.201313125307474e-05,0.0057515885309154,0.1066394551583251,0,0.0073429617299341,21.05054510676741,-2.3621441099918563,-0.10089161856302209
2019-03-15,11426.849609375,38024.3203125,0.0073429617299341,0.0001366372574386,0.1024883701505398,1,0.007110942948246,7.201313125307474e-05,0.1035922538100916,1,0.0030888668901587,24.04803676592048,2.99749165915307,0.14239496620871006
2019-03-18,11462.2001953125,38095.0703125,0.0030888668901587,0.0073429617299341,0.0951655554206705,1,0.0018589224057807,0.007110942948246,0.0969209855218296,0,0.0061058171586395,22.13115458382027,-1.9168821821002098,-0.07971054771575814
2019-03-19,11532.400390625,38363.46875,0.0061058171586395,0.0030888668901587,0.0938432413408032,1,0.0070207865143371,0.0018589224057807,0.0963438175344131,1,-0.0009847191425605,23.010048371758238,0.8788937879379688,0.03971296592815432
2019-03-20,11521.0498046875,38386.75,-0.0009847191425605,0.0061058171586395,0.086178971864872,0,0.0006066758139127,0.0070207865143371,0.0866528041410574,0,-0.0055835773146963,21.877154870334422,-1.1328935014238155,-0.04923472924178163
2019-03-22,11456.900390625,38164.609375,-0.0055835773146963,-0.0009847191425605,0.0887197511034783,-1,-0.0058037179312336,0.0006066758139127,0.0887482571074269,-1,-0.0090000795022271,19.213985088503684,-2.6631697818307387,-0.12173291260290964
2019-03-25,11354.25,37808.91015625,-0.0090000795022271,-0.0055835773146963,0.0932361432572123,-1,-0.0093638367673139,-0.0058037179312336,0.0948797773314246,-1,0.0112973286932164,20.203252245327292,0.9892671568236082,0.05148682859213394
2019-03-26,11483.25,38233.41015625,0.0112973286932164,-0.0090000795022271,0.0976524532805041,1,0.0111649515153495,-0.0093638367673139,0.0993043236184099,1,-0.0033321468214628,23.259832538296934,3.0565802929696417,0.1512914978169706
2019-03-27,11445.0498046875,38132.87890625,-0.0033321468214628,0.0112973286932164,0.0996479991278733,-1,-0.0026328713705432,0.0111649515153495,0.1004090308612222,-1,0.0108582361558709,23.18554044365426,-0.07429209464267217,-0.00319400814775217
2019-03-28,11570.0,38545.71875,0.0108582361558709,-0.0033321468214628,0.1018883847274116,1,0.0107681633608647,-0.0026328713705432,0.1015584851301553,1,0.0085330995827254,22.147035284812866,-1.0385051588413958,-0.04479106973439684
2019-04-01,11669.150390625,38871.87109375,0.0085330995827254,0.0108582361558709,0.1002700676912605,1,0.0084258441524904,0.0107681633608647,0.0968940745118802,1,0.0037677868730356,22.261661535743613,0.11462625093074763,0.005175692793940367
2019-04-02,11713.2001953125,39056.6484375,0.0037677868730356,0.0085330995827254,0.0977199311254692,1,0.0047422353496854,0.0084258441524904,0.0947749494698108,1,-0.0059296790704819,24.32732290412377,2.0656613683801552,0.09279008060847138
2019-04-03,11643.9501953125,38877.12109375,-0.0059296790704819,0.0037677868730356,0.1020015557219857,-1,-0.0046071853674214,0.0047422353496854,0.0979096362259983,-1,-0.0039540791366154,21.01701279452691,-3.310310109596859,-0.1360737522432327
2019-04-04,11598.0,38684.71875,-0.0039540791366154,-0.0059296790704819,0.1046474260074597,-1,-0.0049612731928594,-0.0046071853674214,0.1022902742421495,-1,0.0058416896509144,23.558937363086045,2.5419245685591356,0.12094604468343295
2019-04-05,11665.9501953125,38862.23046875,0.0058416896509144,-0.0039540791366154,0.1008621693139987,1,0.0045781821358124,-0.0049612731928594,0.0991244274746012,1,-0.0052814051841508,21.68183162653208,-1.8771057365539647,-0.07967701206656108
2019-04-08,11604.5,38700.53125,-0.0052814051841508,0.0058416896509144,0.1039741994977106,-1,-0.0041695125193139,0.0045781821358124,0.1018216604725731,-1,0.005795590267793,21.962057543316618,0.2802259167845378,0.012924457749299512
2019-04-09,11671.9501953125,38939.21875,0.005795590267793,-0.0052814051841508,0.1044169643212238,1,0.0061486094937847,-0.0041695125193139,0.1025510797712222,1,-0.0075378279508354,24.63925013609676,2.677192592780141,0.1219008094983729
2019-04-10,11584.2998046875,38585.3515625,-0.0075378279508354,0.005795590267793,0.1090962141885192,-1,-0.0091292255799456,0.0061486094937847,0.1097372950252217,-1,0.0010698754849078,24.56045411682798,-0.0787960192687791,-0.003197987716084816
2019-04-11,11596.7001953125,38607.01171875,0.0010698754849078,-0.0075378279508354,0.1033449679741548,0,0.0005611994735687,-0.0091292255799456,0.1059718025885784,0,0.0040232151920854,23.961516069416756,-0.5989380474112238,-0.024386277410109125
2019-04-12,11643.4501953125,38767.109375,0.0040232151920854,0.0010698754849078,0.097114808552713,1,0.0041382798916309,0.0005611994735687,0.0986462645771401,1,0.0040198748262654,24.322438469579957,0.36092240016320076,0.015062586153463897
2019-04-15,11690.349609375,38905.83984375,0.0040198748262654,0.0040232151920854,0.0972506534098515,1,0.0035721732641018,0.0041382798916309,0.0977579820697746,1,0.008246306446581,21.76707302425067,-2.5553654453292864,-0.10506205817008352
2019-04-16,11787.150390625,39275.640625,0.008246306446581,0.0040198748262654,0.0999007798526618,1,0.009460131400529,0.0035721732641018,0.1014504165887371,1,-0.00291849473211,23.353983927856106,1.5869109036054354,0.07290419349617938
2019-04-18,11752.7998046875,39140.28125,-0.00291849473211,0.008246306446581,0.0990838948889656,-1,-0.0034523475897688,0.009460131400529,0.1011872223486597,-1,-0.013564941266796,21.287855975709647,-2.0661279521464593,-0.0884700425644307
2019-04-22,11594.4501953125,38645.1796875,-0.013564941266796,-0.00291849473211,0.1114072103927001,-1,-0.0127300974416229,-0.0034523475897688,0.1123205823296027,-1,-0.0015968652780555,23.789053744246893,2.5011977685372457,0.11749411361065287
2019-04-23,11575.9501953125,38564.87890625,-0.0015968652780555,-0.013564941266796,0.1097469536574671,0,-0.0020800608538665,-0.0127300974416229,0.1102553310354314,-1,0.0128917369476169,22.71440925701134,-1.0746444872355525,-0.04517390640203345
2019-04-24,11726.150390625,39054.6796875,0.0128917369476169,-0.0015968652780555,0.1181014796573047,1,0.0126207180638168,-0.0020800608538665,0.1183066642221299,1,-0.0072193711121506,24.00413989571591,1.2897306387045688,0.056780285329518954
2019-04-25,11641.7998046875,38730.859375,-0.0072193711121506,0.0128917369476169,0.1193518879610275,-1,-0.008326025301758,0.0126207180638168,0.1203907007565099,-1,0.009646887469961,25.125502846976577,1.121362951260668,0.046715398099342
2019-04-26,11754.650390625,39067.328125,0.009646887469961,-0.0072193711121506,0.1176009100510554,1,0.0086498377066025,-0.008326025301758,0.1175533910025488,1,-0.0005531255807526,22.123649638638597,-3.0018532083379803,-0.11947435347345503
2019-04-30,11748.150390625,39031.55078125,-0.0005531255807526,0.009646887469961,0.11240228845846,0,-0.0009162063976789,0.0086498377066025,0.1124535733109802,0,-0.0019938224921164,27.42500339721692,5.301353758578323,0.2396238344563002
2019-05-02,11724.75,38981.4296875,-0.0019938224921164,-0.0005531255807526,0.1118336344531842,0,-0.0012849425914762,-0.0009162063976789,0.1120033814769746,0,-0.00106668952385,21.171328682319015,-6.253674714897905,-0.2280282202456363
2019-05-03,11712.25,38963.26171875,-0.00106668952385,-0.0019938224921164,0.1062813630533072,0,-0.0004661759191354,-0.0012849425914762,0.1063365340245894,0,-0.0097810779570294,20.199759079755257,-0.9715696025637577,-0.045890818528321886
2019-05-06,11598.25,38600.33984375,-0.0097810779570294,-0.00106668952385,0.1079398828876056,-1,-0.0093581142762229,-0.0004661759191354,0.1075012869162561,-1,-0.0086897806903779,25.110210035760694,4.9104509560054375,0.2430945308118464
2019-05-07,11497.900390625,38276.62890625,-0.0086897806903779,-0.0097810779570294,0.1106317327527987,-1,-0.0084215820674253,-0.0093581142762229,0.1093256405808328,-1,-0.0121144301503351,24.64649866320574,-0.463711372554954,-0.018467044755681394
2019-05-08,11359.4501953125,37789.12890625,-0.0121144301503351,-0.0086897806903779,0.1161244212265573,-1,-0.0128180324174337,-0.0084215820674253,0.1162567372295341,-1,-0.0050880260352891,24.86068175676004,0.21418309355430054,0.008690203686986697
2019-05-09,11301.7998046875,37558.91015625,-0.0050880260352891,-0.0121144301503351,0.1165317154131361,-1,-0.0061108283445903,-0.0128180324174337,0.1167735130370973,-1,-0.0020282295690185,24.909862559842168,0.0491808030821268,0.0019782564116028745
2019-05-10,11278.900390625,37462.98828125,-0.0020282295690185,-0.0050880260352891,0.1136662336094251,-1,-0.0025571714197645,-0.0061108283445903,0.1147646404115552,-1,-0.011655690801341,23.342129815248683,-1.567732744593485,-0.06293622619664174
2019-05-13,11148.2001953125,37090.8203125,-0.011655690801341,-0.0020282295690185,0.1183125811601635,-1,-0.0099839583576546,-0.0025571714197645,0.1180326029098026,-1,0.0066025080321108,22.036749373044685,-1.3053804422039974,-0.0559237932671951
2019-05-14,11222.0498046875,37318.53125,0.0066025080321108,-0.011655690801341,0.1190057687049458,1,0.0061205115638857,-0.0099839583576546,0.1180081299832069,1,-0.0058134718372332,24.05218598688203,2.0154366138373447,0.0914579813800771
2019-05-15,11157.0,37114.87890625,-0.0058134718372332,0.0066025080321108,0.1181179236351825,-1,-0.005472081730429,0.0061205115638857,0.1158949184986722,-1,0.0089319023833083,22.457468940494028,-1.594717046388002,-0.06630237464726718
2019-05-16,11257.099609375,37393.48046875,0.0089319023833083,-0.0058134718372332,0.1235318928834591,1,0.0074784323069367,-0.005472081730429,0.1201089320011739,1,0.0132413800291101,26.30342875518141,3.845959814687383,0.17125526589296824
2019-05-17,11407.150390625,37930.76953125,0.0132413800291101,0.0089319023833083,0.1324506751180485,1,0.0142662734825841,0.0074784323069367,0.1307724005410886,1,0.0362503520301784,24.950952748800574,-1.3524760063808365,-0.051418239765202434
2019-05-20,11828.25,39352.671875,0.0362503520301784,0.0132413800291101,0.1845719423743996,1,0.036801229122059,0.0142662734825841,0.1849658184027585,1,-0.0101244541453482,28.806199843854937,3.855247095054363,0.1545130213610657
2019-05-21,11709.099609375,38969.80078125,-0.0101244541453482,0.0362503520301784,0.185896666886691,-1,-0.0097768655803386,0.036801229122059,0.1852854586810546,-1,0.0024566721316128,29.94689500536311,1.140695161508173,0.0395989463272266
2019-05-22,11737.900390625,39110.2109375,0.0024566721316128,-0.0101244541453482,0.1858811734001473,1,0.003596574962368,-0.0097768655803386,0.1854179721979081,1,-0.0069118255980392,31.413980248565977,1.4670852432028667,0.04898956111944597
2019-05-23,11657.0498046875,38811.390625,-0.0069118255980392,0.0024566721316128,0.1811596747799358,-1,-0.0076698058400123,0.003596574962368,0.1818472883916111,-1,0.0159186898748304,28.98851837238563,-2.4254618761803464,-0.07720963268546865
2019-05-24,11844.099609375,39434.71875,0.0159186898748304,-0.0069118255980392,0.1888977068116292,1,0.0159328384807309,-0.0076698058400123,0.189539049627102,1,0.0067862518773673,29.24532989003006,0.25681151764442944,0.008859077043726016
2019-05-27,11924.75,39683.2890625,0.0067862518773673,0.0159186898748304,0.1852402412357366,1,0.00628355382628,0.0159328384807309,0.1859061586884232,1,0.0003353805552639,31.011398546557484,1.7660686565274233,0.06038805727848828
2019-05-28,11928.75,39749.73046875,0.0003353805552639,0.0067862518773673,0.1829539859070022,0,0.0016728917555228,0.00628355382628,0.1829516876235941,0,-0.0056873476786873,30.785331732917665,-0.22606681363981806,-0.007289797436914158
2019-05-29,11861.099609375,39502.05078125,-0.0056873476786873,0.0003353805552639,0.1816978396396914,-1,-0.0062504713449596,0.0016728917555228,0.1826251093572561,-1,0.0071240509010948,29.155897613226884,-1.6294341196907816,-0.05292891217892859
2019-05-30,11945.900390625,39831.96875,0.0071240509010948,-0.0056873476786873,0.1831155641243277,1,0.0083172357224694,-0.0062504713449596,0.1844971791127553,1,-0.001935638971628,29.36947980119612,0.21358218796923722,0.007325522637050996
2019-05-31,11922.7998046875,39714.19921875,-0.001935638971628,0.0071240509010948,0.1831045100307379,0,-0.0029610381066763,0.0083172357224694,0.1848459419590799,-1,0.0138061904475292,30.774550877789064,1.405071076592943,0.04784119726001146
2019-06-03,12088.5498046875,40267.62109375,0.0138061904475292,-0.001935638971628,0.1883691759872272,1,0.0138389125232474,-0.0029610381066763,0.1900944671973488,1,-0.0055494840533033,27.94074891572807,-2.8338019620609955,-0.0920826423532386
2019-06-04,12021.650390625,40083.5390625,-0.0055494840533033,0.0138061904475292,0.1857262112919312,-1,-0.0045819463700836,0.0138389125232474,0.1873354852328946,-1,-0.0149089211116321,27.75769358044001,-0.18305533528805995,-0.006551554356691414
2019-06-06,11843.75,39529.71875,-0.0149089211116321,-0.0055494840533033,0.1912794435634931,-1,-0.0139129904071698,-0.0045819463700836,0.1920164598014518,-1,0.0022686976453037,29.691055913844437,1.9333623334044283,0.0696514041341969
2019-06-07,11870.650390625,39615.8984375,0.0022686976453037,-0.0149089211116321,0.1848455482349948,1,0.0021777509512744,-0.0139129904071698,0.1847843962258378,1,0.0043751625083482,30.057660520075785,0.3666046062313484,0.012347307798521445
2019-06-10,11922.7001953125,39784.51953125,0.0043751625083482,0.0022686976453037,0.1831100064472406,1,0.0042473667408587,0.0021777509512744,0.1823482675961181,1,0.0035916712809597,30.93281577592007,0.8751552558442839,0.029115880634148494
2019-06-11,11965.599609375,39950.4609375,0.0035916712809597,0.0043751625083482,0.1823742184316519,1,0.0041623298796125,0.0042473667408587,0.1813712043748964,1,-0.0049765444699523,33.18813427706429,2.255318501144224,0.07291022315853635
2019-06-12,11906.2001953125,39756.80859375,-0.0049765444699523,0.0035916712809597,0.1770880125247505,-1,-0.0048590981955137,0.0041623298796125,0.1775554514847209,-1,0.0006590703001973,31.42412049887909,-1.7640137781852019,-0.05315194169876192
2019-06-13,11914.0498046875,39741.359375,0.0006590703001973,-0.0049765444699523,0.1768172200797984,0,-0.0003886685527283,-0.0048590981955137,0.1776867775377455,0,-0.0076462152373002,29.361844948052987,-2.0622755508261044,-0.06562715258489626
2019-06-14,11823.2998046875,39452.0703125,-0.0076462152373002,0.0006590703001973,0.1780582304635485,-1,-0.0073059179381089,-0.0003886685527283,0.1788973146403286,-1,-0.0128664484379438,29.76779063054947,0.40594568249648333,0.01382561903772328
2019-06-17,11672.150390625,38960.7890625,-0.0128664484379438,-0.0076462152373002,0.1844385778527852,-1,-0.012530793605704,-0.0073059179381089,0.1857528795828854,-1,0.0016563861789982,28.438799056002903,-1.328991574546567,-0.04464528762113362
2019-06-18,11691.5,39046.33984375,0.0016563861789982,-0.0128664484379438,0.1796267413543419,0,0.0021934101856739,-0.012530793605704,0.1802989442290029,1,-4.259914774167141e-06,29.92564786344941,1.4868488074465063,0.05228240491163283
2019-06-19,11691.4501953125,39112.73828125,-4.259914774167141e-06,0.0016563861789982,0.1264547320847775,0,0.0016990592792579,0.0021934101856739,0.1263376765910443,0,0.0119287739074267,24.068155930637474,-5.857491932811936,-0.1957348412151223
2019-06-20,11831.75,39601.62890625,0.0119287739074267,-4.259914774167141e-06,0.1284842866295543,1,0.0124220502322426,0.0016990592792579,0.1287179935352999,1,-0.0091400770377047,25.49386578363161,1.4257098529941352,0.059236356000971435
2019-06-21,11724.099609375,39194.48828125,-0.0091400770377047,0.0119287739074267,0.1324730310551656,-1,-0.010334119570223,0.0124220502322426,0.1338034511484327,-1,-0.0020875587921609,23.592841218411916,-1.9010245652196929,-0.07456792082275143
2019-06-24,11699.650390625,39122.9609375,-0.0020875587921609,-0.0091400770377047,0.1303645501150334,-1,-0.0018266009516633,-0.010334119570223,0.1310290703984406,0,0.0082396950931069,26.075148039985685,2.4823068215737685,0.10521440798900339
2019-06-25,11796.4501953125,39434.94140625,0.0082396950931069,-0.0020875587921609,0.1210607167359297,1,0.0079427301289549,-0.0018266009516633,0.1216687919508741,1,0.0043224233576614,27.171549499598125,1.0964014596124407,0.04204775589120846
2019-06-26,11847.5498046875,39592.078125,0.0043224233576614,0.0082396950931069,0.1195628536545191,1,0.0039767898820743,0.0079427301289549,0.1204238292969,1,-0.0005065621089227,23.738765068538193,-3.4327844310599325,-0.12633745569463029
2019-06-27,11841.5498046875,39586.41015625,-0.0005065621089227,0.0043224233576614,0.1195412252514891,0,-0.0001431694108517,0.0039767898820743,0.120249330048663,0,-0.004460380187531,24.757545969346793,1.0187809008086006,0.04291633949226892
2019-06-28,11788.849609375,39394.640625,-0.004460380187531,-0.0005065621089227,0.1189248592094749,-1,-0.004856099183468,-0.0001431694108517,0.1194591626449319,-1,0.0064892882200805,25.272773904369714,0.5152279350229207,0.020810945303740613
2019-07-01,11865.599609375,39686.5,0.0064892882200805,-0.004460380187531,0.1184455432180513,1,0.0073812971795804,-0.004856099183468,0.1186666669042891,1,0.0037601309797355,23.042113378033456,-2.2306605263362584,-0.08826338314808302
2019-07-02,11910.2998046875,39816.48046875,0.0037601309797355,0.0064892882200805,0.119108854121582,1,0.0032698292263728,0.0073812971795804,0.1187858706134699,1,0.0005414178862205,24.359070375779034,1.316956997745578,0.057154349348921274
2019-07-03,11916.75,39839.25,0.0005414178862205,0.0037601309797355,0.1080122481052604,0,0.0005716985265509,0.0032698292263728,0.1078723524598071,0,0.0025143014062712,22.82640961208963,-1.5326607636894032,-0.06291950965474347
2019-07-04,11946.75,39908.05859375,0.0025143014062712,0.0005414178862205,0.1070408923630218,1,0.0017256660328458,0.0005716985265509,0.1070818375704652,0,-0.0114152412136924,22.899441433399844,0.07303182131021302,0.0031994440891629505
2019-07-05,11811.150390625,39513.390625,-0.0114152412136924,0.0025143014062712,0.1015767309121524,-1,-0.0099386556477969,0.0017256660328458,0.1014078781114603,-1,-0.0216143187984928,20.61165352350431,-2.2877879098955347,-0.09990583903757122
2019-07-08,11558.599609375,38720.5703125,-0.0216143187984928,-0.0114152412136924,0.1253722461209938,-1,-0.0202686261779954,-0.0099386556477969,0.1228277882657938,-1,-0.000233551992236,24.586244960617265,3.974591437112956,0.19283224572839663
2019-07-09,11555.900390625,38730.8203125,-0.000233551992236,-0.0216143187984928,0.1237643971864922,0,0.0002646821439131,-0.0202686261779954,0.1214144757988664,0,-0.0049447502653284,25.37243630114012,0.7861913405228549,0.03197687738742494
2019-07-10,11498.900390625,38557.0390625,-0.0049447502653284,-0.000233551992236,0.1228793884330626,-1,-0.0044969945931868,0.0002646821439131,0.1202251078955424,-1,0.0072784937042869,27.190226058896343,1.8177897577562234,0.07164427318611666
2019-07-11,11582.900390625,38823.109375,0.0072784937042869,-0.0049447502653284,0.126292343549451,1,0.0068769927811655,-0.0044969945931868,0.1231657815988818,1,-0.002628042532973,26.547776007115516,-0.6424500517808269,-0.023627977582430737
2019-07-12,11552.5,38736.23046875,-0.002628042532973,0.0072784937042869,0.1261595517359953,-1,-0.0022403218687118,0.0068769927811655,0.123192056120221,-1,0.0030983856392325,28.922320088622644,2.3745440815071284,0.08944418096908335
2019-07-15,11588.349609375,38896.7109375,0.0030983856392325,-0.002628042532973,0.1250144136794672,1,0.0041343454062544,-0.0022403218687118,0.1224428878864808,1,0.0063868577322556,22.966746242170622,-5.9555738464520225,-0.2059161861221086
2019-07-16,11662.599609375,39131.0390625,0.0063868577322556,0.0030983856392325,0.1195743931761516,1,0.0060062946697744,0.0041343454062544,0.1165226737921762,1,0.0021327874810327,25.702080591056514,2.7353343488858926,0.11909977669642124
2019-07-17,11687.5,39215.640625,0.0021327874810327,0.0063868577322556,0.119670850285924,1,0.0021596727703219,0.0060062946697744,0.1165154877734696,1,-0.0077820399135673,24.333769040069104,-1.3683115509874106,-0.05323738465996164
2019-07-18,11596.900390625,38897.4609375,-0.0077820399135673,0.0021327874810327,0.122656756609191,-1,-0.0081466857900204,0.0021596727703219,0.1198694386173639,-1,-0.015437326885714,28.64528152735444,4.311512487285338,0.1771822721003804
2019-07-19,11419.25,38337.01171875,-0.015437326885714,-0.0077820399135673,0.1246534310139764,-1,-0.0145131839926464,-0.0081466857900204,0.1202692044150447,-1,-0.0064176244949366,22.848746530687336,-5.796534996667106,-0.2023556651426791
2019-07-22,11346.2001953125,38031.12890625,-0.0064176244949366,-0.015437326885714,0.122948312177276,-1,-0.0080107868483426,-0.0145131839926464,0.1183845309270495,-1,-0.001336175495625,22.615387533366047,-0.2333589973212895,-0.010213207845247596
2019-07-23,11331.0498046875,37982.73828125,-0.001336175495625,-0.0064176244949366,0.1229352528702712,0,-0.0012732053591646,-0.0080107868483426,0.1183769760220323,0,-0.0052870732659151,23.094739996139076,0.47935246277302923,0.021195854462622288
2019-07-24,11271.2998046875,37847.6484375,-0.0052870732659151,-0.001336175495625,0.118238864259224,-1,-0.0035629512786358,-0.0012732053591646,0.113535731013377,-1,-0.0017003983413219,19.576094977302787,-3.5186450188362883,-0.15235698775671547
2019-07-25,11252.150390625,37830.98046875,-0.0017003983413219,-0.0052870732659151,0.1158902816930344,0,-0.0004404934196195,-0.0035629512786358,0.1116425542821731,0,0.0028531055771835,22.53751812594192,2.961423148639131,0.15127752251267212
2019-07-26,11284.2998046875,37882.7890625,0.0028531055771835,-0.0017003983413219,0.1171793288771533,1,0.0013685384351292,-0.0004404934196195,0.1121096316947557,0,-0.0084633169752627,22.199667564607935,-0.3378505613339833,-0.014990584120489259
2019-07-29,11189.2001953125,37686.37109375,-0.0084633169752627,0.0028531055771835,0.1189187679025322,-1,-0.0051983748572097,0.0013685384351292,0.112222071174097,-1,-0.0093200823653439,24.192664363205637,1.9929967985977015,0.08977597492383449
2019-07-30,11085.400390625,37397.23828125,-0.0093200823653439,-0.0084633169752627,0.1164697591760271,-1,-0.007701660697419,-0.0051983748572097,0.1082395656762829,-1,0.0029364540769757,24.33048786915703,0.13782350595139192,0.005696913075891041
2019-07-31,11118.0,37481.12109375,0.0029364540769757,-0.0093200823653439,0.1158795583517442,1,0.0022405097625088,-0.007701660697419,0.1075653963536107,1,-0.0124899804498931,27.340297513606192,3.009809644449163,0.12370527301528544
2019-08-01,10980.0,37018.3203125,-0.0124899804498931,0.0029364540769757,0.1192124767478258,-1,-0.012424435026987,0.0022405097625088,0.1116567813644028,-1,0.0015788630828991,25.82209535115468,-1.5182021624515123,-0.05552983326885752
2019-08-02,10997.349609375,37118.21875,0.0015788630828991,-0.0124899804498931,0.1186210130003346,0,0.0026949868236746,-0.012424435026987,0.112276838150297,1,-0.0123286385918026,22.708293988708654,-3.1138013624460257,-0.12058670375511515
2019-08-05,10862.599609375,36699.83984375,-0.0123286385918026,0.0015788630828991,0.1193857079402344,-1,-0.0113355293853616,0.0026949868236746,0.1133925832089423,-1,0.007853965566277,22.141741451326723,-0.5665525373819307,-0.02494914579068075
2019-08-06,10948.25,36976.8515625,0.007853965566277,-0.0123286385918026,0.1076249931672275,1,0.0075196922875229,-0.0113355293853616,0.1019505697699401,1,-0.0085077621466028,23.74633765973576,1.6045962084090384,0.07246928666095909
2019-08-07,10855.5,36690.5,-0.0085077621466028,0.007853965566277,0.1091546416091979,-1,-0.0077742174422043,0.0075196922875229,0.1033018766398849,-1,0.0161690837982416,20.274997746878505,-3.471339912857257,-0.14618422270408682
2019-08-08,11032.4501953125,37327.359375,0.0161690837982416,-0.0085077621466028,0.1273478323905607,1,0.017208687116065,-0.0077742174422043,0.1235909925055669,1,0.0069731873754653,28.39770077076478,8.122703023886274,0.4006265808407712
2019-08-09,11109.650390625,37581.91015625,0.0069731873754653,0.0161690837982416,0.1270724943361233,1,0.0067962686763593,0.017208687116065,0.1235219915330767,1,-0.0166826297594268,27.066129675054903,-1.3315710957098759,-0.046890102352255214
2019-08-13,10925.849609375,36958.16015625,-0.0166826297594268,0.0069731873754653,0.1369124789242136,-1,-0.0167363555460166,0.0067962686763593,0.1342850365851731,-1,0.0094329646972824,24.75289658821195,-2.3132330868429527,-0.08546597221747998
2019-08-14,11029.400390625,37311.53125,0.0094329646972824,-0.0166826297594268,0.1419333903405553,1,0.0095159614544821,-0.0167363555460166,0.1387232867418796,1,0.0016668253365152,22.767069975873774,-1.985826612338176,-0.08022602951784985
2019-08-16,11047.7998046875,37350.328125,0.0016668253365152,0.0094329646972824,0.1391859977420571,0,0.0010392690141056,0.0095159614544821,0.1361631631346931,0,0.0005520467691192,28.626344522536534,5.8592745466627605,0.25735742688329344
2019-08-19,11053.900390625,37402.48828125,0.0005520467691192,0.0016668253365152,0.1386183264557983,0,0.0013955371107836,0.0010392690141056,0.1358790631757088,0,-0.0033438078514244,25.632752955074594,-2.993591567461941,-0.10457470618035736
2019-08-20,11017.0,37328.01171875,-0.0033438078514244,0.0005520467691192,0.1373968384061878,-1,-0.0019932045726204,0.0013955371107836,0.134178131964127,0,-0.0089626008590573,28.215316464565703,2.5825635094911092,0.10075248312256813
2019-08-21,10918.7001953125,37060.37109375,-0.0089626008590573,-0.0033438078514244,0.1313800790326399,-1,-0.0071957950888921,-0.0019932045726204,0.127795679846468,-1,-0.0163761903599742,21.949152585675257,-6.2661638788904455,-0.22208377094617482
2019-08-22,10741.349609375,36472.9296875,-0.0163761903599742,-0.0089626008590573,0.1397343464904162,-1,-0.0159779010990812,-0.0071957950888921,0.1355654032955948,-1,0.0081592615346459,24.774684603134073,2.8255320174588157,0.12873080208585597
2019-08-23,10829.349609375,36701.16015625,0.0081592615346459,-0.0163761903599742,0.144610294839822,1,0.0062380334168112,-0.0159779010990812,0.1385318841352731,1,0.0208805429846769,26.471516883418566,1.696832280284493,0.06849057041355189
2019-08-26,11057.849609375,37494.12109375,0.0208805429846769,0.0081592615346459,0.1645135226632876,1,0.0213757834053998,0.0062380334168112,0.159506707962143,1,0.0042863913515562,28.545313453858242,2.0737965704396757,0.07834067762617236
2019-08-27,11105.349609375,37641.26953125,0.0042863913515562,0.0208805429846769,0.1654557924900761,1,0.0039168925430687,0.0213757834053998,0.1602215156217624,1,-0.0053495498840406,27.645448306049122,-0.8998651478091197,-0.03152409411316137
2019-08-28,11046.099609375,37451.83984375,-0.0053495498840406,0.0042863913515562,0.1657226642322539,-1,-0.0050452056357759,0.0039168925430687,0.1609493176979028,-1,-0.0088932138970112,29.817966287920388,2.172517981871266,0.07858501543619001
2019-08-29,10948.2998046875,37068.9296875,-0.0088932138970112,-0.0053495498840406,0.1659725865568598,-1,-0.0102766927554383,-0.0050452056357759,0.1637366416766846,-1,0.006822503346491,26.46201779692079,-3.355948490999598,-0.11254786656456628
2019-08-30,11023.25,37332.7890625,0.006822503346491,-0.0088932138970112,0.1652397050987222,1,0.0070928598326245,-0.0102766927554383,0.1638845613916146,1,-0.0206549716202419,28.239211539829633,1.7771937429088425,0.06716017487962089
2019-09-03,10797.900390625,36562.91015625,-0.0206549716202419,0.006822503346491,0.1791031150636179,-1,-0.0208376609598065,0.0070928598326245,0.1786017698257914,-1,0.0043201998863098,30.15090276978559,1.9116912299559559,0.06769633873309933
2019-09-04,10844.650390625,36724.73828125,0.0043201998863098,-0.0206549716202419,0.1754059710885853,1,0.0044162527101128,-0.0208376609598065,0.1747294748771789,1,0.000299642034456,30.56947477697603,0.4185720071904413,0.013882569632704067
2019-09-05,10847.900390625,36644.421875,0.000299642034456,0.0043201998863098,0.1752625303064527,0,-0.0021893787024739,0.0044162527101128,0.174465725481585,-1,0.0090208330367241,30.949482786823047,0.38000800984701755,0.012430962998854822
2019-09-06,10946.2001953125,36981.76953125,0.0090208330367241,0.000299642034456,0.1729283296695831,1,0.0091638589629859,-0.0021893787024739,0.1730353956870867,1,0.0051801074294417,27.043548783282574,-3.905934003540473,-0.12620353078092317
2019-09-09,11003.0498046875,37145.44921875,0.0051801074294417,0.0090208330367241,0.1717131074184084,1,0.0044161903353951,0.0091638589629859,0.1717475677589,1,0.00296300057966,26.103082400369598,-0.9404663829129767,-0.03477599742731774
2019-09-11,11035.7001953125,37270.8203125,0.00296300057966,0.0051801074294417,0.168926979975186,1,0.0033694570596916,0.0044161903353951,0.16953881822938,1,-0.0048050950254965,31.44805164131562,5.344969240946021,0.20476391098050328
2019-09-12,10982.7998046875,37104.28125,-0.0048050950254965,0.00296300057966,0.1602608308560987,-1,-0.0044783627138588,0.0033694570596916,0.1593454237748608,-1,0.0084412171097482,28.690711109569055,-2.7573405317465642,-0.08767921660762101
2019-09-13,11075.900390625,37384.98828125,0.0084412171097482,-0.0048050950254965,0.1611685754815311,1,0.0075368804608229,-0.0044783627138588,0.1597802083722546,1,-0.0065582079983637,26.619884475040003,-2.070826634529052,-0.07217759875733376
2019-09-16,11003.5,37123.30859375,-0.0065582079983637,0.0084412171097482,0.1516113167602229,-1,-0.0070242046698721,0.0075368804608229,0.1504217215348606,-1,-0.0170390027633122,30.263435627067338,3.643551152027335,0.13687328941805488
2019-09-17,10817.599609375,36481.08984375,-0.0170390027633122,-0.0065582079983637,0.1591460588949247,-1,-0.0174509964580016,-0.0070242046698721,0.1582113789134937,-1,0.0021285921026311,28.145955158078188,-2.11748046898915,-0.06996827772902614
2019-09-18,10840.650390625,36563.87890625,0.0021285921026311,-0.0170390027633122,0.1592487591228104,1,0.0022667980934714,-0.0174509964580016,0.1584746871271811,1,-0.0126107725834496,30.283470280408693,2.1375151223305053,0.07594395394739406
2019-09-19,10704.7998046875,36093.46875,-0.0126107725834496,0.0021285921026311,0.1641864478595764,-1,-0.0129489100381304,0.0022667980934714,0.1634399308441087,-1,0.0518247259951442,28.55368174877786,-1.7297885316308346,-0.057119891333916484
2019-09-20,11274.2001953125,38014.62109375,0.0518247259951442,-0.0126107725834496,0.2468922443388818,1,0.0518589234300589,-0.0129489100381304,0.2472053886178717,1,0.0285054094215263,40.81072028365215,12.257038534874294,0.42926298061015955
2019-09-23,11600.2001953125,39090.03125,0.0285054094215263,0.0518247259951442,0.2613464587187097,1,0.0278966278936653,0.0518589234300589,0.2622160240110112,1,-0.001035000333708,41.64532755675738,0.8346072731052274,0.02045068715534404
2019-09-24,11588.2001953125,39097.140625,-0.001035000333708,0.0285054094215263,0.2523501297112362,0,0.0001818552800695,0.0278966278936653,0.253673668758171,0,-0.0128538704574952,36.73708467416547,-4.908242882591907,-0.1178581889145327
2019-09-25,11440.2001953125,38593.51953125,-0.0128538704574952,-0.001035000333708,0.2580158245771966,-1,-0.0129649599372082,0.0001818552800695,0.259533725731267,-1,0.011385783826013,39.744724359628364,3.007639685462891,0.08186930759854083
2019-09-26,11571.2001953125,38989.73828125,0.011385783826013,-0.0128538704574952,0.2515614028750046,1,0.0102141159290531,-0.0129649599372082,0.252019231421524,1,-0.0050945199509384,38.44689218667076,-1.2978321729576052,-0.03265419986849649
2019-09-27,11512.400390625,38822.5703125,-0.0050945199509384,0.011385783826013,0.2526592397178888,-1,-0.0042967039265198,0.0102141159290531,0.2527806273792929,-1,-0.0033019077276591,40.00318708685357,1.556294900182813,0.040479081966535935
2019-09-30,11474.4501953125,38667.328125,-0.0033019077276591,-0.0050945199509384,0.2520367291205282,-1,-0.004006777614163,-0.0042967039265198,0.2524687205253313,-1,-0.0100331967125401,35.27382599089261,-4.729361095960961,-0.11822460759670805
2019-10-01,11359.900390625,38305.41015625,-0.0100331967125401,-0.0033019077276591,0.2526769347360343,-1,-0.0094038654189086,-0.004006777614163,0.2519724300403716,-1,-0.0040487479027005,38.63979639360031,3.3659704027076955,0.09542402356854507
2019-10-03,11314.0,38106.87109375,-0.0040487479027005,-0.0100331967125401,0.252737473321406,-1,-0.0051965340133933,-0.0094038654189086,0.2521700543820411,-1,-0.0123841280362274,39.39059630583978,0.7507999122394722,0.019430741937445095
2019-10-04,11174.75,37673.30859375,-0.0123841280362274,-0.0040487479027005,0.2452217464483458,-1,-0.0114427606941675,-0.0051965340133933,0.243893807889972,-1,-0.0043360709453904,33.00469567198835,-6.385900633851428,-0.1621173892436022
2019-10-07,11126.400390625,37531.98046875,-0.0043360709453904,-0.0123841280362274,0.2458593541955348,-1,-0.0037584668081023,-0.0114427606941675,0.2442740707798281,-1,0.0166583095543536,34.21941839422193,1.2147227222335815,0.0368045424295349
2019-10-09,11313.2998046875,38177.94921875,0.0166583095543536,-0.0043360709453904,0.2515514301013434,1,0.0170647213212945,-0.0037584668081023,0.2501075906673543,1,-0.0069851734480923,33.07667865461414,-1.1427397396077907,-0.03339448164907288
2019-10-10,11234.5498046875,37880.3984375,-0.0069851734480923,0.0166583095543536,0.2520331517691104,-1,-0.0078243166837244,0.0170647213212945,0.25085787296871,-1,0.006255677219734,36.66450150802193,3.5878228534077863,0.10846986454933227
2019-10-11,11305.0498046875,38127.078125,0.006255677219734,-0.0069851734480923,0.2522725423691743,1,0.006490954962809,-0.0078243166837244,0.2513015115338946,1,0.0031882272704231,38.662338748509356,1.9978372404874278,0.05448968779925489
2019-10-14,11341.150390625,38214.46875,0.0031882272704231,0.006255677219734,0.252292574873393,1,0.0022894653501242,0.006490954962809,0.2512141472322713,1,0.0076549797105181,40.23397159153136,1.5716328430220017,0.04065022691061593
2019-10-15,11428.2998046875,38506.08984375,0.0076549797105181,0.0031882272704231,0.2521856236359018,1,0.0076021995557926,0.0022894653501242,0.2512648234376204,1,0.0031189722795879,37.366751924429735,-2.8672196671016223,-0.07126364993768419
2019-10-16,11464.0,38598.98828125,0.0031189722795879,0.0076549797105181,0.2511161348559422,1,0.0024096592522816,0.0076021995557926,0.2504073241927497,1,0.0106159568508184,40.368844576736805,3.00209265230707,0.08034127928428147
2019-10-17,11586.349609375,39052.05859375,0.0106159568508184,0.0031189722795879,0.2510988669031578,1,0.0116695259686303,0.0024096592522816,0.2507417946661116,1,0.0064951495568105,34.349683773886,-6.019160802850806,-0.14910411397603995
2019-10-18,11661.849609375,39298.37890625,0.0064951495568105,0.0106159568508184,0.2411101782362386,1,0.0062876770540013,0.0116695259686303,0.2403153142210039,1,-0.0063225475319826,32.70425294491355,-1.6454308289724509,-0.04790235740753379
2019-10-22,11588.349609375,38963.83984375,-0.0063225475319826,0.0064951495568105,0.2435158375794324,-1,-0.008549236284043,0.0062876770540013,0.2439322805378509,-1,0.0013582008758651,36.240488360149996,3.5362354152364475,0.10812769278640366
2019-10-23,11604.099609375,39058.828125,0.0013582008758651,-0.0063225475319826,0.2368212375380131,0,0.0024348905427773,-0.008549236284043,0.23695858199439,1,-0.0018545120164874,36.45025465167993,0.20976629152993098,0.005788175077700908
2019-10-24,11582.599609375,39020.390625,-0.0018545120164874,0.0013582008758651,0.1604798129099497,0,-0.0009845770416365,0.0024348905427773,0.160022421465928,0,0.0001122984698912,27.982591794806783,-8.467662856873144,-0.2323073717259444
2019-10-25,11583.900390625,39058.05859375,0.0001122984698912,-0.0018545120164874,0.1262991930194527,0,0.0009648749955784,-0.0009845770416365,0.1273658412582348,0,0.0173682334074765,20.49503510186552,-7.487556692941265,-0.2675790987427713
2019-10-29,11786.849609375,39831.83984375,0.0173682334074765,0.0001122984698912,0.1398809979219074,1,0.0196173675059297,0.0009648749955784,0.1444405733137306,1,0.0048453501784329,25.809859713165164,5.314824611299645,0.25932254250278763
2019-10-30,11844.099609375,40051.87109375,0.0048453501784329,0.0173682334074765,0.1312697671691953,1,0.0055088028299257,0.0196173675059297,0.136051567777289,1,0.0028118405572833,22.518037715909824,-3.29182199725534,-0.1275412587994904
2019-10-31,11877.4501953125,40129.05078125,0.0028118405572833,0.0048453501784329,0.1265339174757105,1,0.001925139036366,0.0055088028299257,0.1325515124771519,0,0.0011064782775295,25.99273684523113,3.474699129321305,0.1543073678603133
2019-11-01,11890.599609375,40165.03125,0.0011064782775295,0.0028118405572833,0.1244258131708065,0,0.0008962172615488,0.001925139036366,0.1309646782429219,0,0.0042548242520918,25.175777809274347,-0.8169590359567813,-0.03143028149829741
2019-11-04,11941.2998046875,40301.9609375,0.0042548242520918,0.0011064782775295,0.1234712161176594,1,0.0034033786015545,0.0008962172615488,0.1294610867856609,1,-0.0020202122992972,22.46736203911123,-2.7084157701631177,-0.10758022217551433
2019-11-05,11917.2001953125,40248.23046875,-0.0020202122992972,0.0042548242520918,0.1166455755464438,-1,-0.001334086878778,0.0034033786015545,0.1234030694168725,0,0.0040907060383537,22.63682371997099,0.16946168085976154,0.007542571333686743
2019-11-06,11966.0498046875,40469.78125,0.0040907060383537,-0.0020202122992972,0.114468137464652,1,0.0054895142458853,-0.001334086878778,0.1206848014748877,1,0.0038368392142123,21.328386702687297,-1.308437017283694,-0.057801263705090644
2019-11-07,12012.0498046875,40653.73828125,0.0038368392142123,0.0040907060383537,0.1005359097951805,1,0.0045352407691741,0.0054895142458853,0.1089380559103826,1,-0.0086872239057793,21.928232784971705,0.599846082284408,0.028124306383137343
2019-11-08,11908.150390625,40323.609375,-0.0086872239057793,0.0038368392142123,0.1057703597571653,-1,-0.0081536564181295,0.0045352407691741,0.1136537269094923,-1,0.0004449579074941,24.487320616719007,2.559087831747302,0.11670287600654938
2019-11-11,11913.4501953125,40345.078125,0.0004449579074941,-0.0086872239057793,0.0941103563965828,0,0.0005322697361813,-0.0081536564181295,0.1025226170130875,0,-0.0061463783728446,19.439583546987194,-5.047737069731813,-0.20613676558330396
2019-11-13,11840.4501953125,40116.05859375,-0.0061463783728446,0.0004449579074941,0.0930887976978163,-1,-0.0056926898890616,0.0005322697361813,0.1000194297917872,-1,0.0026694246816312,22.316972800817318,2.877389253830124,0.1480170213973575
2019-11-14,11872.099609375,40286.48046875,0.0026694246816312,-0.0061463783728446,0.0920899805798013,1,0.0042392225969015,-0.0056926898890616,0.0992539899824514,1,0.0019649138125061,20.14848282123525,-2.16848997958207,-0.09716774756756674
2019-11-15,11895.4501953125,40356.69140625,0.0019649138125061,0.0026694246816312,0.0920439158786603,0,0.0017412746450253,0.0042392225969015,0.0992953858969233,0,-0.0009209603886071,19.61864592334134,-0.5298368978939081,-0.026296615114637434
2019-11-18,11884.5,40284.19140625,-0.0009209603886071,0.0019649138125061,0.0905061995761917,0,-0.0017980958790388,0.0017412746450253,0.098662855982522,0,0.0046674203321069,20.836559237710055,1.2179133143687153,0.062079376891128746
2019-11-19,11940.099609375,40469.69921875,0.0046674203321069,-0.0009209603886071,0.0909346893734171,1,0.004594407461519,-0.0017980958790388,0.0990250042306802,1,0.0049291639974579,19.02298429250296,-1.813574945207094,-0.08703812009061851
2019-11-20,11999.099609375,40651.640625,0.0049291639974579,0.0046674203321069,0.0861018591886561,1,0.0044856683006944,0.004594407461519,0.0933845056898374,1,-0.002561738649308,19.502887308171246,0.47990301566828464,0.025227535716223937
2019-11-21,11968.400390625,40575.171875,-0.002561738649308,0.0049291639974579,0.0854159119186417,-1,-0.0018828455835522,0.0044856683006944,0.0928479043011905,0,-0.0045220903960493,18.145835406686473,-1.3570519014847733,-0.06958210238523
2019-11-22,11914.400390625,40359.41015625,-0.0045220903960493,-0.002561738649308,0.0836173082864868,-1,-0.0053317685585024,-0.0018828455835522,0.0890412152672214,-1,0.0132858891358918,24.29118109448146,6.145345687794986,0.33866424719858945
2019-11-25,12073.75,40889.23046875,0.0132858891358918,-0.0045220903960493,0.0933283419776335,1,0.0130421338371885,-0.0053317685585024,0.0973726044432232,1,-0.0029902665544935,21.403361301706806,-2.8878197927746534,-0.11888346563068997
2019-11-26,12037.7001953125,40821.30078125,-0.0029902665544935,0.0132858891358918,0.0939830318246652,-1,-0.0016626915064769,0.0130421338371885,0.0976782190164413,0,0.0052199103527662,19.99885216648135,-1.4045091352254566,-0.06562096090549363
2019-11-27,12100.7001953125,41020.609375,0.0052199103527662,-0.0029902665544935,0.094467471740464,1,0.0048705849455157,-0.0016626915064769,0.0980182983821384,1,0.0041605293507918,21.874706995514845,1.8758548290334964,0.09379812468324977
2019-11-28,12151.150390625,41130.171875,0.0041605293507918,0.0052199103527662,0.0769964725811496,1,0.0026673529646888,0.0048705849455157,0.0753195221461096,1,-0.0078572552326699,19.4749911587333,-2.399715836781546,-0.10970276480839625
2019-11-29,12056.0498046875,40793.80859375,-0.0078572552326699,0.0041605293507918,0.0823267774389964,-1,-0.0082116413151345,0.0026673529646888,0.080965710721262,-1,-0.0006513050314763,19.790738544833196,0.31574738609989694,0.016212966852018562
2019-12-02,12048.2001953125,40802.171875,-0.0006513050314763,-0.0078572552326699,0.0821579938145461,0,0.0002049924820129,-0.0082116413151345,0.0809035884650349,0,-0.0044920715009142,21.44413278154146,1.6533942367082624,0.08354383708130575
2019-12-03,11994.2001953125,40675.44921875,-0.0044920715009142,-0.0006513050314763,0.0840586058401245,-1,-0.0031106150800375,0.0002049924820129,0.0820215668190423,-1,0.0040769856204158,21.92087600410706,0.4767432225656023,0.022231872345799486
2019-12-04,12043.2001953125,40850.2890625,0.0040769856204158,-0.0044920715009142,0.0839583939446548,1,0.0042892003306806,-0.0031106150800375,0.0824590981997514,1,-0.0020613602474655,19.334837099244425,-2.5860389048626367,-0.11797151283452911
2019-12-05,12018.400390625,40779.58984375,-0.0020613602474655,0.0040769856204158,0.0839734875993507,-1,-0.0017321901581856,0.0042892003306806,0.0825908251105371,0,-0.0080953486219982,19.24571227864571,-0.08912482059871607,-0.004609545978652152
2019-12-06,11921.5,40445.1484375,-0.0080953486219982,-0.0020613602474655,0.0877552979147951,-1,-0.0082350107454459,-0.0017321901581856,0.0860175006638073,-1,0.0013412131605239,20.22542639717622,0.9797141185305129,0.0509055785697039
2019-12-09,11937.5,40487.4296875,0.0013412131605239,-0.0080953486219982,0.0867367386300037,0,0.0010448512780917,-0.0082350107454459,0.08452067320327,0,-0.0067831796188954,16.0698315335292,-4.155594863647021,-0.20546389391460274
2019-12-10,11856.7998046875,40239.87890625,-0.0067831796188954,0.0013412131605239,0.0846413690584769,-1,-0.0061330313498924,0.0010448512780917,0.0823862658137435,-1,0.0044894843560396,17.433754781450588,1.363923247921388,0.08487476953791373
2019-12-11,11910.150390625,40412.5703125,0.0044894843560396,-0.0067831796188954,0.086178796960968,1,0.0042823664211936,-0.0061330313498924,0.0837610310423466,1,0.0051628573460297,23.35162823098585,5.917873449535261,0.3394491619115718
2019-12-12,11971.7998046875,40581.7109375,0.0051628573460297,0.0044894843560396,0.0849332505016408,1,0.0041766126759803,0.0042823664211936,0.082153172893569,1,0.0095518227839611,23.783260477166646,0.4316322461807971,0.01848403211592986
2019-12-13,12086.7001953125,41009.7109375,0.0095518227839611,0.0051628573460297,0.0902991010754198,1,0.0104913951973077,0.0041766126759803,0.0883150241817285,1,-0.0027132674192033,20.531838028429224,-3.251422448737422,-0.13671054277267758
2019-12-16,12053.9501953125,40938.71875,-0.0027132674192033,0.0095518227839611,0.0910245986880394,-1,-0.0017326068487258,0.0104913951973077,0.0886910148127785,0,0.0091705529807056,22.255573794915474,1.72373576648625,0.08395428427301521
2019-12-17,12165.0,41352.171875,0.0091705529807056,-0.0027132674192033,0.0954622680783992,1,0.0100486603294606,-0.0017326068487258,0.09386097096332,1,0.0046460249046105,22.168727116926995,-0.08684667798847912,-0.0039022439407210285
2019-12-18,12221.650390625,41558.5703125,0.0046460249046105,0.0091705529807056,0.095452252696712,1,0.0049788207997155,0.0100486603294606,0.0940430326020431,1,0.0031084751792857,27.702986886581677,5.534259769654682,0.2496426493259949
2019-12-19,12259.7001953125,41673.921875,0.0031084751792857,0.0046460249046105,0.0947400415378954,1,0.0027717934023272,0.0049788207997155,0.0934890929422398,1,0.0009864549951019,23.713153976658695,-3.9898329099229812,-0.1440217593235591
2019-12-20,12271.7998046875,41681.5390625,0.0009864549951019,0.0031084751792857,0.0938414187930336,0,0.0001827639709631,0.0027717934023272,0.092907697727164,0,-0.000737719270985,21.128306696341827,-2.5848472803168683,-0.10900478624063181
2019-12-23,12262.75,41642.66015625,-0.000737719270985,0.0009864549951019,0.091832071243388,0,-0.0009331961047575,0.0001827639709631,0.0901721606009291,0,-0.0039383639534341,19.272126243137947,-1.85618045320388,-0.08785277873334074
2019-12-24,12214.5498046875,41461.26171875,-0.0039383639534341,-0.000737719270985,0.0825961455754453,-1,-0.0043655876041344,-0.0009331961047575,0.0818532623799698,-1,-0.0072306004913641,17.046721917029387,-2.22540432610856,-0.11547269346582556
2019-12-26,12126.5498046875,41163.76171875,-0.0072306004913641,-0.0039383639534341,0.0861186008504672,-1,-0.0072012393646439,-0.0043655876041344,0.0859794288618716,-1,0.009785757510884,21.018787356781168,3.9720654397517805,0.23301051422583208
2019-12-27,12245.7998046875,41575.140625,0.009785757510884,-0.0072306004913641,0.0907021753328821,1,0.0099441081410215,-0.0072012393646439,0.090957159967167,1,0.0008203370378256,19.557516042719605,-1.4612713140615625,-0.069522151266739
2019-12-30,12255.849609375,41558.0,0.0008203370378256,0.009785757510884,0.0897682598935667,0,-0.0004123656369535,0.0099441081410215,0.0907173368700722,0,-0.007156789574995,18.13231857016132,-1.4251974725582848,-0.07287211062208598
2019-12-31,12168.4501953125,41253.73828125,-0.007156789574995,0.0008203370378256,0.0889849569119933,-1,-0.0073483082031956,-0.0004123656369535,0.0897173690314468,-1,0.0011539431631088,19.60534992271428,1.4730313525529581,0.08123789281846117
2020-01-01,12182.5,,0.0011539431631088,-0.007156789574995,0.088925233299386,0,,-0.0073483082031956,0.092039895719763,0,0.0081505799340132,18.72942732270981,-0.8759226000044684,-0.04467773355014926
2020-01-02,12282.2001953125,41626.640625,0.0081505799340132,0.0011539431631088,0.0906995608416003,1,,,0.0935118318525442,0,-0.0045330481423355,24.44423935430516,5.714812031595351,0.30512476079105877
2020-01-03,12226.650390625,41464.609375,-0.0045330481423355,0.0081505799340132,0.09206826016232,-1,-0.0039000846751848,,0.0939191410256484,-1,-0.0192907284731414,22.9701055301309,-1.4741338241742596,-0.06030598059557257
2020-01-06,11993.0498046875,40676.62890625,-0.0192907284731414,-0.0045330481423355,0.1150927640984365,-1,-0.0191865780944662,-0.0039000846751848,0.117730782819577,-1,0.0049821604032702,23.493331127210418,0.5232255970795165,0.02277854563589954
2020-01-07,12052.9501953125,40869.46875,0.0049821604032702,-0.0192907284731414,0.1125339390793814,1,0.00472959979113,-0.0191865780944662,0.1154151848016329,1,-0.0022925703434345,26.213282185718192,2.7199510585077746,0.1157754532032913
2020-01-08,12025.349609375,40817.73828125,-0.0022925703434345,0.0049821604032702,0.1129041225218427,-1,-0.0012665502358403,0.00472959979113,0.1154504243303723,0,0.0157215247601045,23.445148867479507,-2.768133318238686,-0.1056004089311201
2020-01-09,12215.900390625,41452.3515625,0.0157215247601045,-0.0022925703434345,0.1215730405110075,1,0.0154278637571897,-0.0012665502358403,0.1257763252759503,1,0.003342455210374,22.434735648444224,-1.0104132190352821,-0.043096899266731215
2020-01-10,12256.7998046875,41599.71875,0.003342455210374,0.0157215247601045,0.1212727985830195,1,0.0035487939459323,0.0154278637571897,0.1255437199772686,1,0.0059179352344971,27.173528012841267,4.738792364397042,0.21122568318408796
2020-01-13,12329.5498046875,41859.69140625,0.0059179352344971,0.003342455210374,0.1215984224884026,1,0.0062299385199074,0.0035487939459323,0.1264788203284619,1,0.0026526987425187,25.237662336209578,-1.935865676631689,-0.07124086632096005
2020-01-14,12362.2998046875,41952.62890625,0.0026526987425187,0.0059179352344971,0.1180697434886021,1,0.0022177536129699,0.0062299385199074,0.1214193883069863,1,-0.0015381131440847,21.732482040207294,-3.5051802960022833,-0.13888688458174858
2020-01-15,12343.2998046875,41872.73046875,-0.0015381131440847,0.0026526987425187,0.1176643191974129,0,-0.001906307644648,0.0022177536129699,0.121470203346392,0,0.00098791814997,23.385754563574075,1.6532725233667804,0.07607380143271536
2020-01-16,12355.5,41932.55859375,0.00098791814997,-0.0015381131440847,0.113974945325424,0,0.0014277890055145,-0.001906307644648,0.1161352720392906,0,-0.0002550113176078,21.646258025772884,-1.739496537801191,-0.07438274155629132
2020-01-17,12352.349609375,41945.37109375,-0.0002550113176078,0.00098791814997,0.1131198579877994,0,0.0003055034893537,0.0014277890055145,0.1147152528354558,0,-0.010400087859252,20.546386336851267,-1.099871688921617,-0.05081116965399135
2020-01-20,12224.5498046875,41528.91015625,-0.010400087859252,-0.0002550113176078,0.1187439979119999,-1,-0.0099782684366522,0.0003055034893537,0.119712820574409,-1,-0.0044846594550091,25.726754886263272,5.180368549412005,0.252130397262154
2020-01-21,12169.849609375,41323.80859375,-0.0044846594550091,-0.010400087859252,0.1196013324118379,-1,-0.0049510018392998,-0.0099782684366522,0.120664802769921,-1,-0.0051859791637364,27.77896652212405,2.052211635860779,0.07976954905247502
2020-01-22,12106.900390625,41115.37890625,-0.0051859791637364,-0.0044846594550091,0.1207480331013349,-1,-0.0050565789870554,-0.0049510018392998,0.1215984489508335,-1,0.0060483951593072,21.277668162495207,-6.501298359628844,-0.23403672539260967
2020-01-23,12180.349609375,41386.3984375,0.0060483951593072,-0.0051859791637364,0.1222253764883864,1,0.0065700525459772,-0.0050565789870554,0.1240400976831214,1,0.0055591042118478,25.348476122219783,4.070807959724576,0.191318330967297
2020-01-24,12248.25,41613.19140625,0.0055591042118478,0.0060483951593072,0.1208907260096584,1,0.005464931419942,0.0065700525459772,0.1231322115246217,1,-0.0106086006564749,22.787787462722186,-2.560688659497597,-0.10101943198285468
2020-01-27,12119.0,41155.12109375,-0.0106086006564749,0.0055591042118478,0.1217408729817563,-1,-0.0110688493103297,0.005464931419942,0.1233883202649057,-1,-0.0052286132506335,23.199836530646238,0.4120490679240518,0.018082012946544657
2020-01-28,12055.7998046875,40966.859375,-0.0052286132506335,-0.0106086006564749,0.1227164129354056,-1,-0.0045849368822547,-0.0110688493103297,0.1240403182731501,-1,0.0060946462552533,23.086853445062822,-0.11298308558341574,-0.004869994899928232
2020-01-29,12129.5,41198.66015625,0.0060946462552533,-0.0052286132506335,0.1226308118703195,1,0.0056423034268292,-0.0045849368822547,0.1240883763433105,1,-0.0077549764050795,22.535099647672318,-0.5517537973905036,-0.023899047079042224
2020-01-30,12035.7998046875,40913.8203125,-0.0077549764050795,0.0060946462552533,0.1252892713296071,-1,-0.0069378244244737,0.0056423034268292,0.1228927180971574,-1,-0.0061422398476357,24.625970388850362,2.090870741178044,0.09278284870570852
2020-01-31,11962.099609375,40723.48828125,-0.0061422398476357,-0.0077549764050795,0.1224963720653791,-1,-0.0046628772894431,-0.0069378244244737,0.1205018721517376,-1,-0.0214794247492997,22.587736973715835,-2.0382334151345276,-0.08276763851130742
2020-02-03,11707.900390625,39872.30859375,-0.0214794247492997,-0.0061422398476357,0.1408911990840388,-1,-0.0211229708878516,-0.0046628772894431,0.1389949255092283,-1,0.0229455485200191,26.630033559963557,4.042296586247723,0.17895978649616517
2020-02-04,11979.650390625,40789.37890625,0.0229455485200191,-0.0214794247492997,0.1514012613034973,1,0.0227396638499563,-0.0211229708878516,0.1487010507917301,1,0.009098978920125,27.039649911451455,0.4096163514878981,0.015381743720508378
2020-02-05,12089.150390625,41142.66015625,0.009098978920125,0.0229455485200191,0.153779423928713,1,0.0086238166047497,0.0227396638499563,0.1508150597123524,1,0.0040285357723643,26.90004629913848,-0.1396036123129747,-0.005162922329621233
2020-02-06,12137.9501953125,41306.03125,0.0040285357723643,0.009098978920125,0.154076773491992,1,0.0039629812136103,0.0086238166047497,0.1512105764394493,1,-0.0032678768209591,25.592550025116005,-1.3074962740224763,-0.04860572578510214
2020-02-07,12098.349609375,41141.8515625,-0.0032678768209591,0.0040285357723643,0.1440691907299565,-1,-0.0039826348211516,0.0039629812136103,0.1418322338129326,-1,-0.0055408368875527,25.253376411858984,-0.3391736132570209,-0.013252826034301446
2020-02-10,12031.5,40979.62109375,-0.0055408368875527,-0.0032678768209591,0.1444007366361125,-1,-0.0039509929508568,-0.0039826348211516,0.1416085259050799,-1,0.0063299538920958,27.95085611526276,2.6974797034037756,0.1068165959042624
2020-02-11,12107.900390625,41216.140625,0.0063299538920958,-0.0055408368875527,0.1446520924720785,1,0.0057550457373633,-0.0039509929508568,0.1413243317233415,1,0.0076761591804553,27.46704362245661,-0.48381249280614824,-0.01730939799521769
2020-02-12,12201.2001953125,41565.8984375,0.0076761591804553,0.0063299538920958,0.1472148517757233,1,0.0084501396114216,0.0057550457373633,0.1445782251640327,1,-0.0021783703582191,24.76637468797523,-2.7006689344813815,-0.0983239758746135
2020-02-13,12174.650390625,41459.7890625,-0.0021783703582191,0.0076761591804553,0.1472816022146463,-1,-0.0025560627311094,0.0084501396114216,0.1446786855564209,-1,-0.0050395315698233,26.92682483232308,2.160450144347852,0.08723320112720456
2020-02-14,12113.4501953125,41257.73828125,-0.0050395315698233,-0.0021783703582191,0.1479130448708187,-1,-0.0048853293755496,-0.0025560627311094,0.1452857817662252,-1,-0.0056003863896707,28.294078733825447,1.367253901502366,0.050776647822995846
2020-02-17,12045.7998046875,41055.69140625,-0.0056003863896707,-0.0050395315698233,0.1487568048767938,-1,-0.0049092178895097,-0.0048853293755496,0.1459198684899303,-1,-0.0044345808537079,23.536869925436637,-4.75720880838881,-0.16813443028634778
2020-02-18,11992.5,40894.37890625,-0.0044345808537079,-0.0056003863896707,0.1455062840582392,-1,-0.0039368534457838,-0.0049092178895097,0.1427126053797761,-1,0.0110622386930189,27.63734879058379,4.100478865147153,0.17421513047984805
2020-02-19,12125.900390625,41323.0,0.0110622386930189,-0.0044345808537079,0.1505758482792545,1,0.0104266271330365,-0.0039368534457838,0.1468675545843871,1,-0.0037221711517002,25.732337310033756,-1.9050114805500336,-0.06892887935759895
2020-02-20,12080.849609375,41170.12109375,-0.0037221711517002,0.0110622386930189,0.1500461719154402,-1,-0.00370646859381,0.0104266271330365,0.146355543059579,-1,-0.0210335307220503,28.145814528730337,2.413477218696581,0.09379160507722317
2020-02-24,11829.400390625,40363.23046875,-0.0210335307220503,-0.0037221711517002,0.1646730218156988,-1,-0.0197935434590069,-0.00370646859381,0.1594917285421075,-1,-0.0026664085715663,26.940783868484843,-1.2050306602454945,-0.04281384924978593
2020-02-25,11797.900390625,40281.19921875,-0.0026664085715663,-0.0210335307220503,0.1627520458224591,-1,-0.0020343941574185,-0.0197935434590069,0.1576528899360429,-1,-0.0101720381463894,24.665440380916873,-2.2753434875679694,-0.08445721173798704
2020-02-26,11678.5,39888.9609375,-0.0101720381463894,-0.0026664085715663,0.1624605533706908,-1,-0.0097852220884635,-0.0020343941574185,0.1567363035962237,-1,-0.0038778860778288,24.990970461302755,0.3255300803858816,0.013197821541339083
2020-02-27,11633.2998046875,39745.66015625,-0.0038778860778288,-0.0101720381463894,0.1621646213522259,-1,-0.0035989607021992,-0.0097852220884635,0.1565279118600647,-1,-0.0378016423222764,28.31263202854535,3.3216615672425966,0.1329144689433337
2020-02-28,11201.75,38297.2890625,-0.0378016423222764,-0.0038778860778288,0.2019876262459389,-1,-0.0371215446573225,-0.0035989607021992,0.1970089893208998,-1,-0.0061788013630017,32.71820762803685,4.405575599491499,0.1556045935626793
2020-03-02,11132.75,38144.01953125,-0.0061788013630017,-0.0378016423222764,0.2016712395454097,-1,-0.0040101285408421,-0.0371215446573225,0.1966217181205157,-1,0.0152034864709549,30.35849070433215,-2.359716923704699,-0.07212243869015045
2020-03-03,11303.2998046875,38623.69921875,0.0152034864709549,-0.0061788013630017,0.2117375666192524,1,0.0124970739836994,-0.0040101285408421,0.2040116873064572,1,-0.0046376876143074,34.45094157947999,4.092450875147836,0.13480416121490002
2020-03-04,11251.0,38409.48046875,-0.0046376876143074,0.0152034864709549,0.2006620998525896,-1,-0.0055617411372731,0.0124970739836994,0.1929557481478326,-1,0.0015985793812774,28.74316986072104,-5.7077717187589485,-0.1656782502037235
2020-03-05,11269.0,38470.609375,0.0015985793812774,-0.0046376876143074,0.1799179737441213,0,0.0015902405748085,-0.0055617411372731,0.1718470864259696,0,-0.0251198535301779,29.859637777117495,1.1164679163964557,0.03884289456613366
2020-03-06,10989.4501953125,37576.62109375,-0.0251198535301779,0.0015985793812774,0.1899060357115782,-1,-0.023512479314574,0.0015902405748085,0.180785613368577,-1,-0.0501949959864756,28.568571171632907,-1.2910666054845876,-0.04323785221781817
2020-03-09,10451.4501953125,35634.94921875,-0.0501949959864756,-0.0251198535301779,0.244205128325576,-1,-0.0530552016750827,-0.023512479314574,0.2445377574034023,-1,0.0006647771623133,35.11684061695328,6.548269445320376,0.22921235388287342
2020-03-11,10458.400390625,35697.3984375,0.0006647771623133,-0.0501949959864756,0.2453647283583736,0,0.0017509373168419,-0.0530552016750827,0.2462394322719503,0,-0.0866689498179394,36.63127017847019,1.5144295615169057,0.04312545020880343
2020-03-12,9590.150390625,32778.140625,-0.0866689498179394,0.0006647771623133,0.3692317084186978,-1,-0.0853159643734914,0.0017509373168419,0.3664949449692814,-1,0.0373584765423917,47.20234411130187,10.57107393283168,0.2885806001628839
2020-03-13,9955.2001953125,34103.48046875,0.0373584765423917,-0.0866689498179394,0.4015958245768597,1,0.0396375967557114,-0.0853159643734914,0.402602112051209,1,-0.0791741694511037,51.39047136922632,4.1881272579244495,0.08872710321438615
2020-03-16,9197.400390625,31390.0703125,-0.0791741694511037,0.0373584765423917,0.4632409664349654,-1,-0.0829078347969846,0.0396375967557114,0.4711926805739421,-1,-0.025364151715096,60.33668226192542,8.9462108926991,0.17408306743137358
2020-03-17,8967.0498046875,30579.08984375,-0.025364151715096,-0.0791741694511037,0.46309049235755,-1,-0.0261751738796457,-0.0829078347969846,0.4714656878942672,-1,-0.0571679271151332,57.1552654967087,-3.181416765216717,-0.05272773785283691
2020-03-18,8468.7998046875,28869.509765625,-0.0571679271151332,-0.025364151715096,0.4843060600645977,-1,-0.0575304241602387,-0.0261751738796457,0.4927356706360575,-1,-0.0245465995477513,62.101990230590054,4.946724733881354,0.08654888908120295
2020-03-19,8263.4501953125,28288.23046875,-0.0245465995477513,-0.0571679271151332,0.4831108508128812,-1,-0.0203401791276422,-0.0575304241602387,0.4908596706123997,-1,0.0566913879444369,58.05167137197289,-4.0503188586171675,-0.06522043566684388
2020-03-20,8745.4501953125,29915.9609375,0.0566913879444369,-0.0245465995477513,0.5468509138856554,1,0.0559463149403812,-0.0203401791276422,0.5520876844596145,1,-0.139037564610512,67.74469974439612,9.693028372423228,0.1669724254847722
2020-03-23,7610.25,25981.240234375,-0.139037564610512,0.0566913879444369,0.6860683769896182,-1,-0.1410174004424482,0.0559463149403812,0.6952859080280687,-1,0.0247622921384646,83.48997494027762,15.745275195881504,0.2324207687876565
2020-03-24,7801.0498046875,26674.029296875,0.0247622921384646,-0.139037564610512,0.7026220126986688,1,0.0263156583836543,-0.1410174004424482,0.7128479484518906,1,0.0641454460311805,77.3189122696123,-6.1710626706653215,-0.07391381630045557
2020-03-25,8317.849609375,28535.779296875,0.0641454460311805,0.0247622921384646,0.761773904572396,1,0.0674683072965274,0.0263156583836543,0.7755321424933364,1,0.0381666543961638,86.58359994629865,9.26468767668635,0.11982434057504898
2020-03-26,8641.4501953125,29946.76953125,0.0381666543961638,0.0641454460311805,0.7841050610904052,1,0.0482627428552596,0.0674683072965274,0.8063240240178144,1,0.0021731751069639,90.0,3.416400053701352,0.039457819446411246
2020-03-27,8660.25,29815.58984375,0.0021731751069639,0.0381666543961638,0.7861917828867985,1,-0.004390050846465,0.0482627428552596,0.8069056380591448,-1,-0.0447678278737022,90.0,0.0,0.0
2020-03-30,8281.099609375,28440.3203125,-0.0447678278737022,0.0021731751069639,0.7921399125163379,-1,-0.047223538217945,-0.004390050846465,0.8140351096332398,-1,0.0375247784776983,90.0,0.0,0.0
2020-03-31,8597.75,29468.490234375,0.0375247784776983,-0.0447678278737022,0.8090378196845371,1,0.0355136972248509,-0.047223538217945,0.8289684639641627,1,-0.0408268644244904,90.0,0.0,0.0
2020-04-01,8253.7998046875,28265.310546875,-0.0408268644244904,0.0375247784776983,0.8144585768010763,-1,-0.0416862877997593,0.0355136972248509,0.8343752255389565,-1,-0.0208116418506999,90.0,0.0,0.0
2020-04-03,8083.7998046875,27590.94921875,-0.0208116418506999,-0.0408268644244904,0.8075752709804226,-1,-0.0241474849563886,-0.0416862877997593,0.8292015653437932,-1,0.0840029521628222,90.0,0.0,0.0
2020-04-07,8792.2001953125,30067.2109375,0.0840029521628222,-0.0208116418506999,0.8785002292056721,1,0.0859474482843219,-0.0241474849563886,0.9012074728777776,1,-0.0049541539879532,90.0,0.0,0.0
2020-04-08,8748.75,29893.9609375,-0.0049541539879532,0.0840029521628222,0.8775391265944021,-1,-0.0057787557083451,0.0859474482843219,0.9002032557457145,-1,0.0406704613937413,90.0,0.0,0.0
2020-04-09,9111.900390625,31159.619140625,0.0406704613937413,-0.0049541539879532,0.8946250990508879,1,0.0414665135640419,-0.0057787557083451,0.9177147448023224,1,-0.0130403274235616,90.0,0.0,0.0
2020-04-13,8993.849609375,30690.01953125,-0.0130403274235616,0.0406704613937413,0.8821992715377468,-1,-0.0151854931906612,0.0414665135640419,0.9040398244779528,-1,-0.0076510483286485,90.0,0.0,0.0
2020-04-15,8925.2998046875,30379.810546875,-0.0076510483286485,-0.0130403274235616,0.8817410266530084,-1,-0.0101592440010233,-0.0151854931906612,0.903509605681253,-1,0.0075343167835424,90.0,0.0,0.0
2020-04-16,8992.7998046875,30602.609375,0.0075343167835424,-0.0076510483286485,0.8343453565975405,1,0.0073070179807657,-0.0101592440010233,0.8591099721180933,1,0.0300084893471159,90.0,0.0,0.0
2020-04-17,9266.75,31588.720703125,0.0300084893471159,0.0075343167835424,0.8302371245837816,1,0.031714838084626,0.0073070179807657,0.8545504492583236,1,-0.0005289542483047,90.0,0.0,0.0
2020-04-20,9261.849609375,31648.0,-0.0005289542483047,0.0300084893471159,0.783176561363646,0,0.0018748383401246,0.031714838084626,0.8044702103080229,0,-0.0307424095868608,89.47568717472407,-0.5243128252759277,-0.005825698058621431
2020-04-21,8981.4501953125,30636.7109375,-0.0307424095868608,-0.0005289542483047,0.7856178191871452,-1,-0.0324759617116926,0.0018748383401246,0.8073826122062873,-1,0.0226607133769272,90.0,0.5243128252759277,0.005859835692036297
2020-04-22,9187.2998046875,31379.55078125,0.0226607133769272,-0.0307424095868608,0.7605979949014234,1,0.0239574380260732,-0.0324759617116926,0.7830884164134664,1,0.0136858755813272,90.0,0.0,0.0
2020-04-23,9313.900390625,31863.080078125,0.0136858755813272,0.0226607133769272,0.7540983185413027,1,0.0152915434507201,0.0239574380260732,0.7788673212933668,1,-0.0172732692247864,89.15208126099365,-0.8479187390063458,-0.009421319322292732
2020-04-24,9154.400390625,31327.220703125,-0.0172732692247864,0.0136858755813272,0.7343481156334757,-1,-0.0169605845776749,0.0152915434507201,0.7602913949549658,-1,0.0138746591837446,84.78276449901189,-4.369316761981764,-0.04900970005613825
2020-04-27,9282.2998046875,31743.080078125,0.0138746591837446,-0.0172732692247864,0.5250726975187143,1,0.0131873606610802,-0.0169605845776749,0.553962637626945,1,0.010566409007242,66.90969759619932,-17.873066902812567,-0.21081014529811504
2020-04-28,9380.900390625,32114.51953125,0.010566409007242,0.0138746591837446,0.5221538422015173,1,0.0116334984262678,0.0131873606610802,0.5506848971744336,1,0.0182160885502695,63.39923347410863,-3.5104641220906956,-0.052465700013716754
2020-04-29,9553.349609375,32720.16015625,0.0182160885502695,0.010566409007242,0.4836111089533443,1,0.0186831567584083,0.0116334984262678,0.5096426608254063,1,0.0315842287594642,56.28486182497872,-7.114371649129907,-0.11221542058604417
2020-04-30,9859.900390625,33717.62109375,0.0315842287594642,0.0182160885502695,0.4787092798826521,1,0.0300291753503113,0.0186831567584083,0.4945129780046203,1,-0.0591608351265545,57.8547553664304,1.569893541451684,0.027891932049746604
2020-05-04,9293.5,31715.349609375,-0.0591608351265545,0.0315842287594642,0.5297682237624991,-1,-0.0612198033279375,0.0300291753503113,0.545594648074085,-1,-0.0095032789725698,61.2352385341982,3.3804831677677996,0.05843051528533971
2020-05-05,9205.599609375,31453.509765625,-0.0095032789725698,-0.0591608351265545,0.5027995072626927,-1,-0.0082902033049666,-0.0612198033279375,0.5163771392233072,-1,0.0070685522845568,61.57692375818666,0.34168522398845624,0.005579879039707469
2020-05-06,9270.900390625,31685.75,0.0070685522845568,-0.0095032789725698,0.4888826229513086,1,0.0073564778109961,-0.0082902033049666,0.5043438711199026,1,-0.007780307756411,60.92509905350996,-0.6518247046766987,-0.010585535374199928
2020-05-07,9199.0498046875,31443.380859375,-0.007780307756411,0.0070685522845568,0.4638128290215032,-1,-0.007678557527081,0.0073564778109961,0.479119596852201,-1,0.0056855039177872,61.73415752670089,0.8090584731909303,0.01327955942230541
2020-05-08,9251.5,31642.69921875,0.0056855039177872,-0.007780307756411,0.4540962625815931,1,0.0063189541130457,-0.007678557527081,0.4671821313843719,1,-0.0013303775813467,58.063481005687635,-3.670676521013256,-0.059459408989677054
2020-05-11,9239.2001953125,31561.220703125,-0.0013303775813467,0.0056855039177872,0.3560350877736761,0,-0.0025782755519418,0.0063189541130457,0.3675878026952224,-1,-0.0046269304709594,47.16530771974988,-10.898173285937752,-0.1876941081928969
2020-05-12,9196.5498046875,31371.119140625,-0.0046269304709594,-0.0013303775813467,0.355952165275581,-1,-0.006041476963622,-0.0025782755519418,0.367661757752394,-1,0.0201297429354734,49.25402768992508,2.088719970175198,0.04428509154622917
2020-05-13,9383.5498046875,32008.609375,0.0201297429354734,-0.0046269304709594,0.3345793117603936,1,0.0201172125106194,-0.006041476963622,0.3457907458690889,1,-0.0259969199371075,41.035660558023594,-8.218367131901488,-0.16685675298758473
2020-05-14,9142.75,31122.890625,-0.0259969199371075,0.0201297429354734,0.3444884478487164,-1,-0.0280613281789365,0.0201172125106194,0.3562348813754336,-1,-0.000645571123658,46.92007390108877,5.884413343065177,0.143397553811635
2020-05-15,9136.849609375,31097.73046875,-0.000645571123658,-0.0259969199371075,0.3431799415093727,0,-0.000808740162958,-0.0280613281789365,0.3541206956212575,0,-0.0349253614900618,47.8597245387112,0.9396506376224281,0.020026623137961996
2020-05-18,8823.25,30028.98046875,-0.0349253614900618,-0.000645571123658,0.3640581609248847,-1,-0.0349719102466778,-0.000808740162958,0.3745015900486184,-1,0.0063098736505969,45.44864360092879,-2.4110809377824083,-0.05037807803996475
2020-05-19,8879.099609375,30196.169921875,0.0063098736505969,-0.0349253614900618,0.3475849821646303,1,0.0055521615647003,-0.0349719102466778,0.3563167443226062,1,0.0208916388393265,49.04600630287689,3.5973627019481,0.07915225663356407
2020-05-20,9066.5498046875,30818.609375,0.0208916388393265,0.0063098736505969,0.356559000625863,1,0.020403615451882,0.0055521615647003,0.364635794924432,1,0.0043691955994809,48.33289287757513,-0.7131134253017635,-0.014539683840882556
2020-05-21,9106.25,30932.900390625,0.0043691955994809,0.0208916388393265,0.3400366291676135,1,0.003701647022457,0.020403615451882,0.3467137707541754,1,-0.0073847846008156,45.17308708895975,-3.1598057886153796,-0.06537588794072424
2020-05-22,9039.25,30672.58984375,-0.0073847846008156,0.0043691955994809,0.3313574380253803,-1,-0.0084509382241346,0.003701647022457,0.3370792522682399,-1,-0.0011290709703029,46.4013075347506,1.2282204457908534,0.02718920766632804
2020-05-26,9029.0498046875,30609.30078125,-0.0011290709703029,-0.0073847846008156,0.3271594205391367,0,-0.002065506933793,-0.0084509382241346,0.3317748103385682,-1,0.0311735219299972,49.25732776952246,2.8560202347718615,0.0615504257640358
2020-05-27,9314.9501953125,31605.220703125,0.0311735219299972,-0.0011290709703029,0.3404642608535163,1,0.0320184091956089,-0.002065506933793,0.3468246447772932,1,0.0186284514925432,46.410158595468616,-2.847169174053846,-0.0578019414162273
2020-05-28,9490.099609375,32200.58984375,0.0186284514925432,0.0311735219299972,0.3431472553881753,1,0.0186624514404145,0.0320184091956089,0.3498692577655607,1,0.009459777532853,46.8111667114182,0.40100811594958685,0.008640524576633002
2020-05-29,9580.2998046875,32424.099609375,0.009459777532853,0.0186284514925432,0.342781954766621,1,0.0069171908976242,0.0186624514404145,0.348387365464085,1,0.0253383526597206,45.35947367758161,-1.451693033836591,-0.031011682378822125
2020-06-01,9826.150390625,33303.51953125,0.0253383526597206,0.009459777532853,0.3481348399618114,1,0.0267611216214665,0.0069171908976242,0.3547774413406068,1,0.015445627746472,45.11379525725156,-0.2456784203300515,-0.005416253770410773
2020-06-02,9979.099609375,33825.53125,0.015445627746472,0.0253383526597206,0.3346991334741697,1,0.0155527967418323,0.0267611216214665,0.3431239135619116,1,0.0082283421862785,47.13058498050546,2.0167897232539005,0.044704501400371965
2020-06-03,10061.5498046875,34109.5390625,0.0082283421862785,0.015445627746472,0.2551078234809928,1,0.0083612033009519,0.0155527967418323,0.2611897466687318,1,-0.0032303807470656,35.79861469628155,-11.331970284223914,-0.2404377176500384
2020-06-04,10029.099609375,33980.69921875,-0.0032303807470656,0.0082283421862785,0.2518972324586107,-1,-0.0037843896795866,0.0083612033009519,0.259092432708586,-1,0.0112092175696585,37.332855720299854,1.534241024018307,0.04285755292585858
2020-06-05,10142.150390625,34287.23828125,0.0112092175696585,-0.0032303807470656,0.252922522522542,1,0.0089805297748452,-0.0037843896795866,0.2594436336269777,1,0.0024914146063167,36.33693735872397,-0.9959183615758818,-0.02667672596592574
2020-06-08,10167.4501953125,34370.578125,0.0024914146063167,0.0112092175696585,0.2492285449763743,1,0.0024276881801289,0.0089805297748452,0.2561720989509394,1,-0.0119521758820678,37.88081414913022,1.5438767904062445,0.042487807245967124
2020-06-09,10046.650390625,33956.69140625,-0.0119521758820678,0.0024914146063167,0.2558111423471589,-1,-0.0121149808517674,0.0024276881801289,0.2621745722142772,-1,0.0068939108220717,38.24843844528979,0.36762429615957615,0.009704762276552481
2020-06-10,10116.150390625,34247.05078125,0.0068939108220717,-0.0119521758820678,0.2552675804251522,1,0.0085145219270706,-0.0121149808517674,0.2618241500726479,1,-0.0213964383678064,39.601837931031014,1.353399485741221,0.03538443765951671
2020-06-11,9902.0,33538.37109375,-0.0213964383678064,0.0068939108220717,0.2689166864648484,-1,-0.0209102632861604,0.0085145219270706,0.2737257390588303,-1,0.0071346965257769,37.87163584877534,-1.7302020822556727,-0.043689944018985294
2020-06-12,9972.900390625,33780.890625,0.0071346965257769,-0.0213964383678064,0.2624941508006997,1,0.0072050873471472,-0.0209102632861604,0.2672371234775971,1,-0.016092064938005,37.709665209483234,-0.16197063929210742,-0.004276832401401087
2020-06-15,9813.7001953125,33228.80078125,-0.016092064938005,0.0071346965257769,0.2507340338515385,-1,-0.0164782832063762,0.0072050873471472,0.2531515911466915,-1,0.0101685110713787,35.11587595358923,-2.593789255894002,-0.06878314197394986
2020-06-16,9914.0,33605.21875,0.0101685110713787,-0.016092064938005,0.2513482847194764,1,0.0112643815700956,-0.0164782832063762,0.2542444412171741,1,-0.0033189583187083,36.24624195179541,1.1303659982061802,0.03218959993195458
2020-06-17,9881.150390625,33507.921875,-0.0033189583187083,0.0101685110713787,0.2103568755909931,-1,-0.0028994900926648,0.0112643815700956,0.213855604930367,-1,0.0210794466700883,33.790288545189014,-2.4559534066063975,-0.06775746323915777
2020-06-18,10091.650390625,34208.05078125,0.0210794466700883,-0.0033189583187083,0.2172767979153438,1,0.0206791345700795,-0.0028994900926648,0.2204694137400266,1,0.0150228650029494,35.24165702482508,1.4513684796360664,0.04295223693325667
2020-06-19,10244.400390625,34731.73046875,0.0150228650029494,0.0210794466700883,0.2131532063413986,1,0.0151926725274355,0.0206791345700795,0.2168717268103998,1,0.0064994490975027,31.47098998578461,-3.7706670390404717,-0.10699460120119553
2020-06-22,10311.2001953125,34911.3203125,0.0064994490975027,0.0150228650029494,0.2130987291823884,1,0.0051574490150918,0.0151926725274355,0.2167619765609962,1,0.0153788292551106,35.049084758450164,3.5780947726655548,0.11369501799218185
2020-06-23,10471.0,35430.4296875,0.0153788292551106,0.0064994490975027,0.2097580272702493,1,0.0147599057223419,0.0051574490150918,0.212456230820923,1,-0.0159512242577638,35.687078444634835,0.6379936861846716,0.018202862944398435
2020-06-24,10305.2998046875,34868.98046875,-0.0159512242577638,0.0153788292551106,0.2228715637884771,-1,-0.015973424393711,0.0147599057223419,0.2249208375133273,-1,-0.0015926248529521,35.11402618529512,-0.5730522593397183,-0.01605769607138774
2020-06-25,10288.900390625,34842.1015625,-0.0015926248529521,-0.0159512242577638,0.2049718202881333,0,-0.0007711516389881,-0.015973424393711,0.2053320767765407,0,0.0091041711267076,36.250773653929464,1.136747468634347,0.03237303129626268
2020-06-26,10383.0,35171.26953125,0.0091041711267076,-0.0015926248529521,0.1994179316878908,1,0.0094030722692597,-0.0007711516389881,0.199797047224595,1,-0.0068227607980759,30.394214770581932,-5.856558883347532,-0.16155679708404513
2020-06-29,10312.400390625,34961.51953125,-0.0068227607980759,0.0091041711267076,0.202050474141058,-1,-0.0059815281321321,0.0094030722692597,0.2025656925857558,-1,-0.0009993724909477,29.715738007482965,-0.678476763098967,-0.022322562639639387
2020-06-30,10302.099609375,34915.80078125,-0.0009993724909477,-0.0068227607980759,0.1861679982681213,0,-0.0013085434964926,-0.0059815281321321,0.1846511061282911,0,0.0123433241068104,27.059359329003573,-2.656378678479392,-0.08939299026699143
2020-07-01,10430.0498046875,35414.44921875,0.0123433241068104,-0.0009993724909477,0.1836915743690079,1,0.0141804356832312,-0.0013085434964926,0.1834628509979577,1,0.0115959587525375,33.36124605987915,6.301886730875577,0.23289120242107497
2020-07-02,10551.7001953125,35843.69921875,0.0115959587525375,0.0123433241068104,0.1854679570431167,1,0.0120478907071279,0.0141804356832312,0.1854600515141668,1,0.0052601173388212,31.855527017019785,-1.505719042859365,-0.04513377708245048
2020-07-03,10607.349609375,36021.421875,0.0052601173388212,0.0115959587525375,0.1846283374691828,1,0.0049460159768337,0.0120478907071279,0.1842768155772556,1,0.014627632603289,30.35166440509737,-1.5038626119224148,-0.04720884420210436
2020-07-06,10763.650390625,36487.28125,0.014627632603289,0.0052601173388212,0.1869853171373911,1,0.0128499273922704,0.0049460159768337,0.1863933779702991,1,0.0033390095340367,31.258468966378754,0.9068045612813833,0.029876600807733356
2020-07-07,10799.650390625,36674.51953125,0.0033390095340367,0.014627632603289,0.1869889097794655,1,0.005118482269059,0.0128499273922704,0.1865293067559674,1,-0.0087327820609896,28.447912883349797,-2.810556083028956,-0.0899134274955039
2020-07-08,10705.75,36329.01171875,-0.0087327820609896,0.0033390095340367,0.1840829162687246,-1,-0.0094655802614335,0.005118482269059,0.1840170721279107,-1,0.0100097674252966,35.299795586106114,6.851882702756317,0.240857131799171
2020-07-09,10813.4501953125,36737.69140625,0.0100097674252966,-0.0087327820609896,0.1852208024545002,1,0.0111865988708909,-0.0094655802614335,0.1852154496792241,1,-0.0042073495908376,30.780522609400474,-4.51927297670564,-0.1280254715833089
2020-07-10,10768.0498046875,36594.328125,-0.0042073495908376,0.0100097674252966,0.1649520985408469,-1,-0.0039099827008925,0.0111865988708909,0.1654769231498357,-1,0.0032127228240942,28.713999443294473,-2.066523166106002,-0.06713736450578911
2020-07-13,10802.7001953125,36693.69140625,0.0032127228240942,-0.0042073495908376,0.1645698690822039,1,0.0027115848611497,-0.0039099827008925,0.1651643132192533,1,-0.0182490007348894,29.908520156017776,1.1945207127233033,0.04160063856942986
2020-07-14,10607.349609375,36033.05859375,-0.0182490007348894,0.0032127228240942,0.1679899455584335,-1,-0.0181680326444951,0.0027115848611497,0.1678776239172876,-1,0.0010224080867197,29.761013019316778,-0.14750713670099813,-0.00493194367128591
2020-07-15,10618.2001953125,36051.80859375,0.0010224080867197,-0.0182490007348894,0.1665361988868196,0,0.0005202201558916,-0.0181680326444951,0.1660206765964441,0,0.0114009234448232,29.101387937240222,-0.6596250820765555,-0.022164066849754693
2020-07-16,10739.9501953125,36471.6796875,0.0114009234448232,0.0010224080867197,0.167006419248847,1,0.0115790289418475,0.0005202201558916,0.1667318391090129,1,0.0149483065306169,27.119693013994073,-1.981694923246149,-0.0680962340187985
2020-07-17,10901.7001953125,37020.140625,0.0149483065306169,0.0114009234448232,0.1603076247445598,1,0.0149260453100605,0.0115790289418475,0.1605732983847342,1,0.0109926802508403,28.97369918872797,1.8540061747338967,0.06836383338768659
2020-07-20,11022.2001953125,37418.98828125,0.0109926802508403,0.0149483065306169,0.1572930947899436,1,0.0107161778746686,0.0149260453100605,0.1572729468762113,1,0.0126261109917779,31.49335847194443,2.519659283216459,0.08696367235691871
2020-07-21,11162.25,37930.328125,0.0126261109917779,0.0109926802508403,0.1601779989831303,1,0.0135727228323308,0.0107161778746686,0.1610146636665375,1,-0.0026598437419676,30.708639990622984,-0.7847184813214447,-0.024916951363586848
2020-07-22,11132.599609375,37871.51953125,-0.0026598437419676,0.0126261109917779,0.155844794110572,-1,-0.0015516404247979,0.0135727228323308,0.157082461919706,0,0.0074146036213252,30.770852664335994,0.062212673713009536,0.002025901301132338
2020-07-23,11215.4501953125,38140.46875,0.0074146036213252,-0.0026598437419676,0.140459471499157,1,0.0070765243005044,-0.0015516404247979,0.1411710437919103,1,-0.0019009541040186,25.023515797053328,-5.747336867282666,-0.18677860278938385
2020-07-24,11194.150390625,38128.8984375,-0.0019009541040186,0.0074146036213252,0.1406189625708208,0,-0.0003034065448665,0.0070765243005044,0.1409697252839299,0,-0.0055854955772852,24.082686616564917,-0.9408291804884108,-0.03759780152872039
2020-07-27,11131.7998046875,37934.73046875,-0.0055854955772852,-0.0019009541040186,0.1431062861428633,-1,-0.0051054201146051,-0.0003034065448665,0.1432828811021228,-1,0.0150455200834502,26.059054774087034,1.976368157522117,0.08206593346452884
2020-07-28,11300.5498046875,38492.94921875,0.0150455200834502,-0.0055854955772852,0.1436342378858272,1,0.0146080236630164,-0.0051054201146051,0.1436828889308401,1,-0.0086832044688866,26.474873613160106,0.41581883907307216,0.015956789019322404
2020-07-29,11202.849609375,38071.12890625,-0.0086832044688866,0.0150455200834502,0.1495878501806551,-1,-0.0110188639575392,0.0146080236630164,0.1523736591425681,-1,-0.0090293569074517,29.147168055007405,2.672294441847299,0.10093700468201505
2020-07-30,11102.150390625,37736.0703125,-0.0090293569074517,-0.0086832044688866,0.1528390462732406,-1,-0.0088398141351928,-0.0110188639575392,0.1540800531741892,-1,-0.002588449519166,23.898975367894423,-5.248192687112983,-0.18005840832318387
2020-07-31,11073.4501953125,37606.890625,-0.002588449519166,-0.0090293569074517,0.1506391161010568,-1,-0.0034291143452825,-0.0088398141351928,0.1519719485622111,-1,-0.0165585548501213,30.123012249026907,6.224036881132484,0.26043111829362253
2020-08-03,10891.599609375,36939.6015625,-0.0165585548501213,-0.002588449519166,0.1636345767094344,-1,-0.0179031062678239,-0.0034291143452825,0.1668208629595285,-1,0.0185252747319563,28.047441873785463,-2.075570375241444,-0.06890314813414766
2020-08-04,11095.25,37687.91015625,0.0185252747319563,-0.0165585548501213,0.1681416733110167,1,0.0200551688718459,-0.0179031062678239,0.174836335272834,1,0.0005766923029565,27.96040519120683,-0.08703668257863129,-0.0031031950425389754
2020-08-05,11101.650390625,37663.328125,0.0005766923029565,0.0185252747319563,0.1680218303692883,0,-0.0006524652462993,0.0200551688718459,0.1744913342352496,0,0.0088334248392406,26.777974286408494,-1.1824309047983377,-0.04228947673369898
2020-08-06,11200.150390625,38025.44921875,0.0088334248392406,0.0005766923029565,0.1657923297884306,1,0.0095687595829459,-0.0006524652462993,0.172182766461391,1,0.0012402330418245,25.26951963511152,-1.5084546512969723,-0.05633191798464787
2020-08-07,11214.0498046875,38040.5703125,0.0012402330418245,0.0088334248392406,0.1633186023692538,0,0.0003975781575626,0.0095687595829459,0.1690951544950772,0,0.004990233307851,29.97820140484921,4.708681769737687,0.18633839652397133
2020-08-10,11270.150390625,38182.078125,0.004990233307851,0.0012402330418245,0.1622080251974037,1,0.003713016484613,0.0003975781575626,0.1679898595820107,1,0.0046342241532836,28.367438454117178,-1.6107629507320311,-0.05373114047033778
2020-08-11,11322.5,38407.01171875,0.0046342241532836,0.004990233307851,0.1623977721008412,1,0.0058737932757714,0.003713016484613,0.1685096358442958,1,-0.0012460495124746,25.659855410602013,-2.7075830435151644,-0.09544686411832837
2020-08-12,11308.400390625,38369.62890625,-0.0012460495124746,0.0046342241532836,0.1451348725325707,0,-0.0009738070108268,0.0058737932757714,0.152083830583104,0,-0.0007032817179241,23.92332970912984,-1.7365257014721749,-0.06767480461930764
2020-08-13,11300.4501953125,38310.48828125,-0.0007032817179241,-0.0012460495124746,0.1455607631773142,0,-0.0015425285953062,-0.0009738070108268,0.1526729530165246,0,-0.0108591854891072,25.884506919151164,1.9611772100213258,0.08197760235996254
2020-08-14,11178.400390625,37877.33984375,-0.0108591854891072,-0.0007032817179241,0.1496734063571039,-1,-0.0113706641870685,-0.0015425285953062,0.1568638176613379,-1,0.0061269031823474,30.305383686289176,4.420876767138012,0.1707923887036511
2020-08-17,11247.099609375,38050.78125,0.0061269031823474,-0.0108591854891072,0.1429562857196601,1,0.00456857631724,-0.0113706641870685,0.149892590185481,1,0.0122171240273108,25.7764458692388,-4.528937817050377,-0.14944334194651254
2020-08-18,11385.349609375,38528.3203125,0.0122171240273108,0.0061269031823474,0.1440411399998122,1,0.0124719471192283,0.00456857631724,0.1513970529393389,1,0.0020225534725844,23.397828093745005,-2.378617775493794,-0.09227873336612313
2020-08-19,11408.400390625,38614.7890625,0.0020225534725844,0.0122171240273108,0.138331941384641,1,0.0022417760163772,0.0124719471192283,0.144856627984896,1,-0.0084681538079335,25.341708010292212,1.943879916547207,0.08307950245462603
2020-08-20,11312.2001953125,38220.390625,-0.0084681538079335,0.0020225534725844,0.141710674477404,-1,-0.0102661802327724,0.0022417760163772,0.1497415632696492,-1,0.0052371781043135,25.625620308245058,0.28391229795284545,0.01120336079310591
2020-08-21,11371.599609375,38434.71875,0.0052371781043135,-0.0084681538079335,0.140619270019751,1,0.0055920260309867,-0.0102661802327724,0.1489986155059501,1,0.0083064125099262,20.668153716091958,-4.9574665921531,-0.19345742786011833
2020-08-24,11466.4501953125,38799.078125,0.0083064125099262,0.0052371781043135,0.1427085429579324,1,0.009435301456801,0.0055920260309867,0.1522314755977564,1,0.0005056785922225,26.162264562757613,5.494110846665656,0.26582494605640616
2020-08-25,11472.25,38843.87890625,0.0005056785922225,0.0083064125099262,0.1406340012911206,0,0.0011540206075348,0.009435301456801,0.1506930444497962,0,0.0067196947024521,25.601531068694705,-0.5607334940629087,-0.021432911234340213
2020-08-26,11549.599609375,39073.921875,0.0067196947024521,0.0005056785922225,0.1332442227102693,1,0.0059047774665227,0.0011540206075348,0.1437387939338075,1,0.0008352117348219,26.716835000653766,1.1153039319590619,0.0435639543965729
2020-08-27,11559.25,39113.46875,0.0008352117348219,0.0067196947024521,0.1284890739241924,0,0.0010115922287801,0.0059047774665227,0.1372617924632529,0,0.0076141344216117,28.54681958230993,1.8299845816561628,0.06849556025672143
2020-08-28,11647.599609375,39467.30859375,0.0076141344216117,0.0008352117348219,0.124181198233384,1,0.0090058217090108,0.0010115922287801,0.1345682745983593,1,-0.0225838540823065,26.671249882433912,-1.8755696998760172,-0.06570152918324679
2020-08-31,11387.5,38628.2890625,-0.0225838540823065,0.0076141344216117,0.1505783846186872,-1,-0.0214878133796424,0.0090058217090108,0.1566990555229129,-1,0.0072404643072113,26.520061080759056,-0.1511888016748557,-0.0056686057961772285
2020-09-01,11470.25,38900.80078125,0.0072404643072113,-0.0225838540823065,0.136898309290053,1,0.0070299507345461,-0.0214878133796424,0.1412938494749482,1,0.0056291647324288,23.47677911152196,-3.0432819692370963,-0.11475395776690234
2020-09-02,11535.0,39086.03125,0.0056291647324288,0.0072404643072113,0.1245695059866034,1,0.0047503100778086,0.0070299507345461,0.1264514378692736,1,-0.000654727047062,29.60367020516006,6.1268910936381005,0.26097664694690326
2020-09-03,11527.4501953125,38990.94140625,-0.000654727047062,0.0056291647324288,0.1248010389327315,0,-0.0024357986107776,0.0047503100778086,0.1270252040012092,-1,-0.0169373758997622,24.598540761302125,-5.0051294438579355,-0.16907124721939093
2020-09-04,11333.849609375,38357.1796875,-0.0169373758997622,-0.000654727047062,0.137739625048726,-1,-0.0163876224271214,-0.0024357986107776,0.1379866133564632,-1,0.0018687730149809,25.801821088698492,1.2032803273963673,0.04891673612157277
2020-09-07,11355.0498046875,38417.23046875,0.0018687730149809,-0.0169373758997622,0.1377956422420732,0,0.0015643439884201,-0.0163876224271214,0.1380440865478786,0,-0.0033256497797895,25.73131404998731,-0.07050703871118102,-0.0027326380749947976
2020-09-08,11317.349609375,38365.3515625,-0.0033256497797895,0.0018687730149809,0.1374642534486343,-1,-0.0013513198637526,0.0015643439884201,0.1376588452311692,0,-0.0034829865290936,26.142594866399143,0.411280816411832,0.015983669377041876
2020-09-09,11278.0,38193.921875,-0.0034829865290936,-0.0033256497797895,0.1370395967219435,-1,-0.0044783594805603,-0.0013513198637526,0.1369785626744066,-1,0.0150703002864904,25.415238848346462,-0.7273560180526815,-0.0278226404750489
2020-09-10,11449.25,38840.3203125,0.0150703002864904,-0.0034829865290936,0.1467627119064879,1,0.0167825006311034,-0.0044783594805603,0.1490951822096191,1,0.0013267344350831,25.528947176888316,0.11370832854185409,0.004474021637976833
2020-09-11,11464.4501953125,38854.55078125,0.0013267344350831,0.0150703002864904,0.1467058753313907,0,0.0003663168162531,0.0167825006311034,0.1488991902732787,0,-0.0021306206077892,25.576869650658285,0.04792247376996883,0.0018771817512848177
2020-09-14,11440.0498046875,38756.62890625,-0.0021306206077892,0.0013267344350831,0.1410580228676599,-1,-0.002523397462952,0.0003663168162531,0.1429176139028155,-1,0.007120536611649,26.040295746333992,0.4634260956757075,0.01811895286661014
2020-09-15,11521.7998046875,39044.3515625,0.007120536611649,-0.0021306206077892,0.1415451902774698,1,0.0073964098194127,-0.002523397462952,0.1441148600088912,1,0.0071563696439827,25.067669485479453,-0.9726262608545397,-0.03735081468848023
2020-09-16,11604.5498046875,39302.8515625,0.0071563696439827,0.007120536611649,0.13758944852014,1,0.0065988555485891,0.0073964098194127,0.1397097182988735,1,-0.0076512233913988,24.33325328665967,-0.7344161988197833,-0.02929734649825333
2020-09-17,11516.099609375,38979.8515625,-0.0076512233913988,0.0071563696439827,0.1406490535608492,-1,-0.008252189055611,0.0065988555485891,0.1431715478916925,-1,-0.0009686278452831,26.27776581146871,1.944512524809042,0.07991173649908512
2020-09-18,11504.9501953125,38845.8203125,-0.0009686278452831,-0.0076512233913988,0.1370114295215678,0,-0.0034444002674665,-0.008252189055611,0.1386169440952959,-1,-0.0223603955336918,25.19118851731507,-1.086577294153642,-0.04134968330067901
2020-09-21,11250.5498046875,38034.140625,-0.0223603955336918,-0.0009686278452831,0.157572000858523,-1,-0.0211162918891227,-0.0034444002674665,0.1566242985999543,-1,-0.0086501653643637,30.765186063017676,5.573997545702607,0.22126774772342883
2020-09-22,11153.650390625,37734.078125,-0.0086501653643637,-0.0223603955336918,0.1565634090623309,-1,-0.0079205786717605,-0.0211162918891227,0.1542756763278379,-1,-0.0019564998051874,22.35440128944707,-8.410784773570608,-0.27338644259594036
2020-09-23,11131.849609375,37668.421875,-0.0019564998051874,-0.0086501653643637,0.1564344998987387,0,-0.0017414877913441,-0.0079205786717605,0.1540151887087448,0,-0.0297504608662972,29.826463693718793,7.472062404271725,0.33425464218534406
2020-09-24,10805.5498046875,36553.6015625,-0.0297504608662972,-0.0019564998051874,0.18149018846161,-1,-0.0300424081069463,-0.0017414877913441,0.1804234084643498,-1,0.0223931791940379,32.64118923115626,2.814725537437468,0.09437007237402484
2020-09-25,11050.25,37388.66015625,0.0223931791940379,-0.0297504608662972,0.2017227183569442,1,0.022587734763465,-0.0300424081069463,0.2010355912545752,1,0.0159175097829387,28.02549137087812,-4.615697860278139,-0.1414071597572928
2020-09-28,11227.5498046875,37981.62890625,0.0159175097829387,0.0223931791940379,0.2087135309553006,1,0.0157351389249066,0.022587734763465,0.2070026469493235,1,-0.0004587461538228,32.18597790736936,4.160486536491241,0.14845365176413972
2020-09-29,11222.400390625,37973.21875,-0.0004587461538228,0.0159175097829387,0.194471252328765,0,-0.0002214514687049,0.0157351389249066,0.1942699173138044,0,0.0022384940193966,30.704243500884914,-1.481734406484449,-0.04603664399288576
2020-09-30,11247.5498046875,38067.9296875,0.0022384940193966,-0.0004587461538228,0.1926628797972311,1,0.0024910456620396,-0.0002214514687049,0.1925896501082842,1,0.0149488005669281,28.45126459028747,-2.252978910597445,-0.07337679270725272
2020-10-01,11416.9501953125,38697.05078125,0.0149488005669281,0.0022384940193966,0.1992550091835848,1,0.016391202744333,0.0024910456620396,0.2010291805442964,1,0.0075391529809943,30.36986754317673,1.9186029528892625,0.06743471618988162
2020-10-05,11503.349609375,38973.69921875,0.0075391529809943,0.0149488005669281,0.2011819805121207,1,0.0071236496984521,0.016391202744333,0.2025766085428237,1,0.013731761801546,29.897046360280413,-0.47282118289631825,-0.015568760127916637
2020-10-06,11662.400390625,39574.5703125,0.013731761801546,0.0075391529809943,0.1968453899777723,1,0.0152997085317451,0.0071236496984521,0.2000432151460848,1,0.0065337954785306,35.189079884624476,5.292033524344063,0.1770085733744846
2020-10-07,11738.849609375,39878.94921875,0.0065337954785306,0.013731761801546,0.1976587374857998,1,0.0076618480103522,0.0152997085317451,0.2011844804345662,1,0.0081235907124039,33.6372305348749,-1.551849349749574,-0.04410031051785579
2020-10-08,11834.599609375,40182.671875,0.0081235907124039,0.0065337954785306,0.1980549768664239,1,0.0075872586420314,0.0076618480103522,0.2018143669841146,1,0.0067035711010205,34.34860787663071,0.7113773417558065,0.02114851105290172
2020-10-09,11914.2001953125,40509.48828125,0.0067035711010205,0.0081235907124039,0.1975616043584736,1,0.008100370411384,0.0075872586420314,0.2012699052674053,1,0.0014048980594053,33.19950456393383,-1.1491033126968802,-0.033454145123554824
2020-10-12,11930.9501953125,40593.80078125,0.0014048980594053,0.0067035711010205,0.1923062021404158,0,0.0020791396094269,0.008100370411384,0.1947409422531778,1,0.0002974848313881,28.97251667160712,-4.226987892326708,-0.12732081239907067
2020-10-13,11934.5,40625.51171875,0.0002974848313881,0.0014048980594053,0.1923821106637364,0,0.0007808718920477,0.0020791396094269,0.1946996593369621,0,0.0030578533826602,30.189170533814092,1.2166538622069716,0.041993378621446587
2020-10-14,11971.0498046875,40794.73828125,0.0030578533826602,0.0002974848313881,0.1918467084427697,1,0.004156872674314,0.0007808718920477,0.1940653957324193,1,-0.0245833094439902,32.1634199667328,1.974249432918711,0.06539594821617922
2020-10-15,11680.349609375,39728.41015625,-0.0245833094439902,0.0030578533826602,0.2119056956458576,-1,-0.0264865565760138,0.004156872674314,0.2172704948781613,-1,0.0070043614485633,30.746313946801866,-1.4171060199309373,-0.04405955652093818
2020-10-16,11762.4501953125,39982.98046875,0.0070043614485633,-0.0245833094439902,0.2118475416191024,1,0.0063873224641457,-0.0264865565760138,0.2172009152608053,1,0.0093588387501093,34.610751022255016,3.86443707545315,0.12568781682706764
2020-10-19,11873.0498046875,40431.6015625,0.0093588387501093,0.0070043614485633,0.2116504041357283,1,0.0111578208016149,0.0063873224641457,0.2173963918784604,1,0.0019983305148122,32.68438961725656,-1.9263614049984596,-0.05565789091833895
2020-10-20,11896.7998046875,40544.37109375,0.0019983305148122,0.0093588387501093,0.2114720452947273,0,0.0027852608731527,0.0111578208016149,0.2165936496814481,1,0.0034278639199247,32.39756291437354,-0.2868267028830189,-0.008775648137898218
2020-10-21,11937.650390625,40707.30859375,0.0034278639199247,0.0019983305148122,0.1926997062930427,1,0.0040106916937483,0.0027852608731527,0.1995693902387859,1,-0.0034572511936285,32.691890565711255,0.2943276513377171,0.00908487012173187
2020-10-22,11896.4501953125,40558.48828125,-0.0034572511936285,0.0034278639199247,0.189619078637103,-1,-0.0036625612393755,0.0040106916937483,0.197100362050434,-1,0.002845488039808,31.85043448668238,-0.8414560790288732,-0.025738984942994758
2020-10-23,11930.349609375,40685.5,0.002845488039808,-0.0034572511936285,0.1887427568633509,1,0.0031266761987018,-0.0036625612393755,0.1962081285318588,1,-0.0137228017193982,30.152343354696928,-1.6980911319854535,-0.05331453587220214
2020-10-26,11767.75,40145.5,-0.0137228017193982,0.002845488039808,0.1592418069209063,-1,-0.013361409204454,0.0031266761987018,0.1663301494810629,-1,0.0102845406889033,30.24284029881913,0.09049694412220077,0.0030013237464709963
2020-10-27,11889.400390625,40522.1015625,0.0102845406889033,-0.0137228017193982,0.1467101274380728,1,0.0093371884451405,-0.013361409204454,0.1540151463254478,1,-0.0135317515260312,24.508886088607486,-5.7339542102116425,-0.18959707995533515
2020-10-28,11729.599609375,39922.4609375,-0.0135317515260312,0.0102845406889033,0.1506813329770729,-1,-0.0149084465812478,0.0093371884451405,0.1606159779601918,-1,-0.0050255491286022,28.300004511595816,3.7911184229883297,0.15468342417857017
2020-10-29,11670.7998046875,39749.8515625,-0.0050255491286022,-0.0135317515260312,0.1524718204596717,-1,-0.0043329894575045,-0.0149084465812478,0.1620776964232345,-1,-0.0024363388871728,28.43338456190394,0.13338005030812283,0.0047130752312591895
2020-10-30,11642.400390625,39614.0703125,-0.0024363388871728,-0.0050255491286022,0.1531860922942844,-1,-0.0034217407424642,-0.0043329894575045,0.1632236968431288,-1,0.0022950006194009,26.699516350800458,-1.7338682111034807,-0.060980014789606796
2020-11-02,11669.150390625,39757.578125,0.0022950006194009,-0.0024363388871728,0.1454115211246739,1,0.0036161015098715,-0.0034217407424642,0.154705777440087,1,0.0122943045330826,27.193418156951626,0.4939018061511682,0.0184985300730498
2020-11-03,11813.5,40261.12890625,0.0122943045330826,0.0022950006194009,0.1489784750053468,1,0.0125859926281655,0.0036161015098715,0.1584148942220248,1,0.0080094855297475,24.395620347764073,-2.7977978091875535,-0.10288510966291797
2020-11-04,11908.5,40616.140625,0.0080094855297475,0.0122943045330826,0.1441876132581528,1,0.0087790797323828,0.0125859926281655,0.1527931809806118,1,0.0176292858444438,28.266815364229082,3.871195016465009,0.1586840162816281
2020-11-05,12120.2998046875,41340.16015625,0.0176292858444438,0.0080094855297475,0.1543251010351952,1,0.0176688884246483,0.0087790797323828,0.1617641076288958,1,0.0117497155151759,27.062705830633544,-1.2041095335955383,-0.042597990544039455
2020-11-06,12263.5498046875,41893.05859375,0.0117497155151759,0.0176292858444438,0.1567711562980265,1,0.0132857188144315,0.0176688884246483,0.1655317453454411,1,0.0159763315871394,26.631669588764566,-0.43103624186897704,-0.015927315049963253
2020-11-09,12461.0498046875,42597.4296875,0.0159763315871394,0.0117497155151759,0.1636437434619608,1,0.0166737682971834,0.0132857188144315,0.1720582090677,1,0.0135542320664769,30.462392797869857,3.8307232091052903,0.14384089575523284
2020-11-10,12631.099609375,43277.6484375,0.0135542320664769,0.0159763315871394,0.1683045188883916,1,0.0158423838820708,0.0166737682971834,0.1782364025126987,1,0.0093026374903675,27.421764507753643,-3.0406282901162136,-0.09981580601011864
2020-11-11,12749.150390625,43593.671875,0.0093026374903675,0.0135542320664769,0.1695606024673419,1,0.0072756999765092,0.0158423838820708,0.1786148027730068,1,-0.0045873272404132,26.139137654007072,-1.2826268537465708,-0.0467740452436568
2020-11-12,12690.7998046875,43357.19140625,-0.0045873272404132,0.0093026374903675,0.171664926269843,-1,-0.0054394181470611,0.0072756999765092,0.1811493830228608,-1,0.0022943363271255,26.053234279936493,-0.08590337407057902,-0.0032863889852697836
2020-11-13,12719.9501953125,43443.0,0.0022943363271255,-0.0045873272404132,0.1400139955598946,1,0.0019771528221981,-0.0054394181470611,0.1464857558553028,0,0.0120536814263418,27.21341945868074,1.1601851787442463,0.044531330209458986
2020-11-17,12874.2001953125,43952.7109375,0.0120536814263418,0.0022943363271255,0.1424236388427015,1,0.0116645705237779,0.0019771528221981,0.1485788033136083,1,0.0049627164920273,23.681505179277586,-3.5319142794031535,-0.1297857582640728
2020-11-18,12938.25,44180.05078125,0.0049627164920273,0.0120536814263418,0.14126585842504,1,0.0051590428701144,0.0116645705237779,0.146636224103701,1,-0.0129562393724881,29.636174206472727,5.954669027195141,0.2514480807751085
2020-11-19,12771.7001953125,43599.9609375,-0.0129562393724881,0.0049627164920273,0.153063556771983,-1,-0.0132170929827793,0.0051590428701144,0.1586015696963888,-1,0.0068160274319264,23.142496861430857,-6.4936773450418706,-0.2191132127851918
2020-11-20,12859.0498046875,43882.25,0.0068160274319264,-0.0129562393724881,0.1535264363419592,1,0.006453655874601,-0.0132170929827793,0.158933882239217,1,0.0052277864790618,30.745556370775997,7.60305950934514,0.32853237724821094
2020-11-23,12926.4501953125,44077.1484375,0.0052277864790618,0.0068160274319264,0.1514726922178186,1,0.0044315618325128,0.006453655874601,0.1567470348834539,1,0.0099071069585315,27.569304156187094,-3.176252214588903,-0.1033076837603748
2020-11-24,13055.150390625,44523.01953125,0.0099071069585315,0.0052277864790618,0.1527910271816936,1,0.0100648761266545,0.0044315618325128,0.1581179714593804,1,-0.0151853972050902,27.085676494428576,-0.48362766175851846,-0.017542251303066858
2020-11-25,12858.400390625,43828.1015625,-0.0151853972050902,0.0099071069585315,0.1550312419096789,-1,-0.0157311484218332,0.0100648761266545,0.1616258160501572,-1,0.0099515324761854,26.41328601734999,-0.6723904770785865,-0.024824577566556094
2020-11-26,12987.0,44259.73828125,0.0099515324761854,-0.0151853972050902,0.1548713339372086,1,0.0098002215560932,-0.0157311484218332,0.1618198441024586,1,-0.0013908030691388,28.285405622425,1.8721196050750102,0.07087795149173326
2020-11-27,12968.9501953125,44149.71875,-0.0013908030691388,0.0099515324761854,0.1425742565956285,0,-0.0024888646924643,0.0098002215560932,0.1485118241710229,-1,0.0107447624239941,26.182156254713153,-2.1032493677118467,-0.07435811229959399
2020-12-01,13109.0498046875,44655.44140625,0.0107447624239941,-0.0013908030691388,0.1393335087761386,1,0.0113896111970736,-0.0024888646924643,0.1463094817074282,1,0.0003584815807498,28.139954641646902,1.9577983869337494,0.07477605617685978
2020-12-02,13113.75,44618.0390625,0.0003584815807498,0.0107447624239941,0.1376452543118004,0,-0.0008379273607801,0.0113896111970736,0.1445785827688623,0,0.0015354055912646,25.992980728504122,-2.14697391314278,-0.076296281940884
2020-12-03,13133.900390625,44632.6484375,0.0015354055912646,0.0003584815807498,0.1379046285279217,0,0.0003273784334823,-0.0008379273607801,0.1456108348583674,0,0.0094459089596483,26.091066375715926,0.09808564721180346,0.0037735436438131043
2020-12-04,13258.5498046875,45079.55078125,0.0094459089596483,0.0015354055912646,0.1365164740767807,1,0.0099631052274276,0.0003273784334823,0.1442817671236877,1,0.0073043911126538,24.92442298325036,-1.1666433924655664,-0.044714285559114275
2020-12-07,13355.75,45426.96875,0.0073043911126538,0.0094459089596483,0.1363746281695951,1,0.0076772298160355,0.0099631052274276,0.1440052033148809,1,0.0027814599606117,25.523571569517376,0.5991485862670167,0.024038614120361235
2020-12-08,13392.9501953125,45608.51171875,0.0027814599606117,0.0073043911126538,0.129192983506745,1,0.0039884055858489,0.0076772298160355,0.1368565953827129,1,0.0101144285625281,25.534901888458617,0.011330318941240591,0.0004439158881186511
2020-12-09,13529.099609375,46103.5,0.0101144285625281,0.0027814599606117,0.1281977141147636,1,0.0107945094292338,0.0039884055858489,0.1351439502128539,1,-0.0037619219695161,21.39943462616311,-4.135467262295506,-0.16195352072861002
2020-12-10,13478.2998046875,45959.87890625,-0.0037619219695161,0.0101144285625281,0.1244563132802388,-1,-0.0031200508164155,0.0107945094292338,0.1300893490550659,-1,0.0026340862816878,21.749260483812456,0.34982585764934626,0.01634743458229715
2020-12-11,13513.849609375,46099.01171875,0.0026340862816878,-0.0037619219695161,0.1192423496775766,1,0.0030226937885021,-0.0031200508164155,0.1222544954309793,1,0.0032728147749187,25.41076315580309,3.6615026719906325,0.1683506744845793
2020-12-14,13558.150390625,46253.4609375,0.0032728147749187,0.0026340862816878,0.1171763314580422,1,0.0033447802381488,0.0030226937885021,0.1212797264366804,1,0.0007151234360649,24.0593640220601,-1.3513991337429871,-0.0531821545640736
2020-12-15,13567.849609375,46263.171875,0.0007151234360649,0.0032728147749187,0.1142945711931937,0,0.0002099284688699,0.0033447802381488,0.117965606793431,0,0.0084292806418641,23.06149044661401,-0.9978735754460928,-0.04147547601553969
2020-12-16,13682.7001953125,46666.4609375,0.0084292806418641,0.0007151234360649,0.1156617439605266,1,0.0086795047406548,0.0002099284688699,0.119445029831136,1,0.0042299704380164,23.603042262183443,0.5415518155694343,0.023482949500731376
2020-12-17,13740.7001953125,46890.33984375,0.0042299704380164,0.0084292806418641,0.1114480957533166,1,0.0047859553066383,0.0086795047406548,0.1157746182785624,1,0.0014435425896574,23.839972986055002,0.23693072387155922,0.010038143440990632
2020-12-18,13760.5498046875,46960.69140625,0.0014435425896574,0.0042299704380164,0.1113744017360254,0,0.0014992179572276,0.0047859553066383,0.1156409324681634,0,-0.0319086621563026,22.057920812983816,-1.782052173071186,-0.0747505953179386
2020-12-21,13328.400390625,45553.9609375,-0.0319086621563026,0.0014435425896574,0.1558969840372557,-1,-0.0304133207746896,0.0014992179572276,0.1546235667645185,-1,0.0102931274150866,26.03308895292094,3.975168139937125,0.18021499730823431
2020-12-22,13466.2998046875,46006.69140625,0.0102931274150866,-0.0319086621563026,0.157696450894319,1,0.0098892733247863,-0.0304133207746896,0.1562948635236766,1,0.0099603894022997,28.16133559962726,2.1282466467063195,0.08175159891917194
2020-12-23,13601.099609375,46444.1796875,0.0099603894022997,0.0102931274150866,0.1596820797851676,1,0.0094643034006185,0.0098892733247863,0.1581408874460557,1,0.010833634066335,26.011462423286694,-2.1498731763405665,-0.07634130734797329
2020-12-24,13749.25,46973.5390625,0.010833634066335,0.0099603894022997,0.1602604737374729,1,0.0113332898326694,0.0094643034006185,0.1589652173789004,1,0.0089746583951646,28.842552885176232,2.831090461889538,0.10884011117171988
2020-12-28,13873.2001953125,47353.75,0.0089746583951646,0.010833634066335,0.1481239606078374,1,0.0080615694652294,0.0113332898326694,0.1452629079601309,1,0.0042724542962582,23.40722885230806,-5.435324032868174,-0.1884480910724683
2020-12-29,13932.599609375,47613.078125,0.0042724542962582,0.0089746583951646,0.1463598639878873,1,0.0054614600637562,0.0080615694652294,0.1437307138117875,1,0.0035358361641822,28.69429767344002,5.28706882113196,0.2258733340239305
2020-12-30,13981.9501953125,47746.21875,0.0035358361641822,0.0042724542962582,0.1453419864843145,1,0.0027924012839197,0.0054614600637562,0.1421236768491378,1,-1.4318227638304822e-05,27.479393613257535,-1.2149040601824836,-0.04233956425798924
2020-12-31,13981.75,47751.328125,-1.4318227638304822e-05,0.0035358361641822,0.1434266007353284,0,0.0001070053665684,0.0027924012839197,0.1398166176746429,0,0.0026249780699946,26.854719542160588,-0.6246740710969476,-0.02273245472183827
2021-01-01,14018.5,47868.98046875,0.0026249780699946,-1.4318227638304822e-05,0.1431014245849326,1,0.0024608245853234,0.0001070053665684,0.1390836828388835,1,0.0081275544934744,28.275524426384287,1.420804884223699,0.052907083315210324
2021-01-04,14132.900390625,48176.80078125,0.0081275544934744,0.0026249780699946,0.1439680273820733,1,0.0064098883352438,0.0024608245853234,0.1390146707164395,1,0.0047013123578649,29.727751627132484,1.4522272007481973,0.051359867949720694
2021-01-05,14199.5,48437.78125,0.0047013123578649,0.0081275544934744,0.1424251474868282,1,0.0054025199516951,0.0064098883352438,0.1372873578648368,1,-0.0037571814216639,28.27125487871908,-1.4564967484134037,-0.048994514172543746
2021-01-06,14146.25,48174.05859375,-0.0037571814216639,0.0047013123578649,0.1436218124709725,-1,-0.0054594408244,0.0054025199516951,0.1396776575691968,-1,-0.0006293676223474,22.68043278443396,-5.5908220942851194,-0.19775641789758536
2021-01-07,14137.349609375,48093.3203125,-0.0006293676223474,-0.0037571814216639,0.1440941121017605,0,-0.0016773760976498,-0.0054594408244,0.140445019037657,0,0.0147380825344641,23.850257276704646,1.1698244922706849,0.0515785789181924
2021-01-08,14347.25,48782.51171875,0.0147380825344641,-0.0006293676223474,0.1479798061810208,1,0.0142285855851821,-0.0016773760976498,0.1434637655750767,1,0.0095380856285503,25.548343462710722,1.6980861860060763,0.07119781419149107
2021-01-11,14484.75,49269.3203125,0.0095380856285503,0.0147380825344641,0.1477252881267299,1,0.0099296990899379,0.0142285855851821,0.1439265660724969,1,0.0054186068221036,26.824710913094655,1.2763674503839333,0.049958912296872215
2021-01-12,14563.4501953125,49517.109375,0.0054186068221036,0.0095380856285503,0.1478512867287738,1,0.0050166724915417,0.0099296990899379,0.1440419269835533,1,9.608621670051524e-05,27.820446713815628,0.995735800720972,0.0371200943766703
2021-01-13,14564.849609375,49492.3203125,9.608621670051524e-05,0.0054186068221036,0.1483382776794336,0,-0.0005007414565706,0.0050166724915417,0.144677120616642,0,0.0021090217895653,25.38234014163643,-2.4381065721791977,-0.08763721867084306
2021-01-14,14595.599609375,49584.16015625,0.0021090217895653,9.608621670051524e-05,0.1480975256743334,1,0.0018539187024015,-0.0005007414565706,0.144357466005966,0,-0.0111543229606527,27.183286096387498,1.800945954751068,0.07095271534072811
2021-01-15,14433.7001953125,49034.671875,-0.0111543229606527,0.0021090217895653,0.1552130967587634,-1,-0.011143793865692,0.0018539187024015,0.1512214256615434,-1,-0.010614788200058,26.010543811169697,-1.1727422852178009,-0.04314203518512982
2021-01-18,14281.2998046875,48564.26953125,-0.010614788200058,-0.0111543229606527,0.161570342467176,-1,-0.0096395714851237,-0.011143793865692,0.1564678008234368,-1,0.0166552587564137,26.933998640733705,0.9234548295640082,0.035503095831754594
2021-01-19,14521.150390625,49398.2890625,0.0166552587564137,-0.010614788200058,0.1695013010637286,1,0.0170277235437967,-0.0096395714851237,0.1652538574430044,1,0.0084722743367609,26.136807912676417,-0.7971907280572879,-0.029597934517292757
2021-01-20,14644.7001953125,49792.12109375,0.0084722743367609,0.0166552587564137,0.1149820627272451,1,0.007940971313311,0.0170277235437967,0.1150522897189927,1,-0.0037181840918013,21.6517397805027,-4.485068132173716,-0.1715996898763772
2021-01-21,14590.349609375,49624.76171875,-0.0037181840918013,0.0084722743367609,0.1163007014848587,-1,-0.0033668231865092,0.007940971313311,0.116005485411681,-1,-0.015085386074712,20.9267009372532,-0.7250388432495001,-0.033486401120633946
2021-01-22,14371.900390625,48878.5390625,-0.015085386074712,-0.0037181840918013,0.131058439093791,-1,-0.0151515111885962,-0.0033668231865092,0.1307434189050513,-1,-0.0092972551902512,23.154097403424437,2.2273964661712355,0.10643801298875921
2021-01-25,14238.900390625,48347.58984375,-0.0092972551902512,-0.015085386074712,0.1336978042375728,-1,-0.0109220536258255,-0.0151515111885962,0.13433428962797,-1,-0.0192444808915834,27.47706401697296,4.322966613548523,0.18670417327125732
2021-01-27,13967.5,47409.9296875,-0.0192444808915834,-0.0092972551902512,0.1491101655602047,-1,-0.0195846787043891,-0.0109220536258255,0.1501919345634604,-1,-0.0107936931679345,25.012218778356583,-2.464845238616377,-0.0897055535880329
2021-01-28,13817.5498046875,46874.359375,-0.0107936931679345,-0.0192444808915834,0.1531602821959451,-1,-0.0113608763092173,-0.0195846787043891,0.1538252464541733,-1,-0.013328858232496,32.58079234926929,7.568573570912704,0.3025950491630074
2021-01-29,13634.599609375,46285.76953125,-0.013328858232496,-0.0107936931679345,0.1587469147391845,-1,-0.0126362572178258,-0.0113608763092173,0.1585671264116423,-1,0.0463333497197178,28.86132727568023,-3.719465073589056,-0.1141612835475585
2021-02-01,14281.2001953125,48600.609375,0.0463333497197178,-0.013328858232496,0.2288236744750212,1,0.048801509095395,-0.0126362572178258,0.2356776367429106,1,0.0253495396757428,35.25203969489186,6.390712419211631,0.22142822324726263
2021-02-02,14647.849609375,49797.71875,0.0253495396757428,0.0463333497197178,0.2438903229723961,1,0.0243331053403587,0.048801509095395,0.2493558916329287,1,0.009654368913945,34.67231673687718,-0.5797229580146848,-0.016445089788625467
2021-02-03,14789.9501953125,50255.75,0.009654368913945,0.0253495396757428,0.2444232310153857,1,0.009155793505067,0.0243331053403587,0.2501643933784014,1,0.0071213409820254,37.84294286035655,3.170626123479373,0.0914454649091021
2021-02-04,14895.650390625,50614.2890625,0.0071213409820254,0.009654368913945,0.2448831069223481,1,0.0071089607141639,0.009155793505067,0.2505254012017961,1,0.0019181565175802,35.337035039759265,-2.5059078205972867,-0.06621862971503789
2021-02-05,14924.25,50731.62890625,0.0019181565175802,0.0071213409820254,0.2439076465702578,0,0.0023156314242273,0.0071089607141639,0.2490153138661388,1,0.0127531347053858,36.6347842863165,1.2977492465572382,0.036724904766262556
2021-02-08,15115.7998046875,51348.76953125,0.0127531347053858,0.0019181565175802,0.246105718918367,1,0.0120914133051023,0.0023156314242273,0.2506928065247615,1,-0.0004301061160564,41.73074096837429,5.095956682057789,0.13910158832192665
2021-02-09,15109.2998046875,51329.078125,-0.0004301061160564,0.0127531347053858,0.242721083155889,0,-0.0003835570561886,0.0120914133051023,0.2476251166498342,0,-0.0001853205749051,36.07998851613959,-5.650752452234698,-0.13540982788963973
2021-02-10,15106.5,51309.390625,-0.0001853205749051,-0.0004301061160564,0.2414845601438633,0,-0.0003836280973638,-0.0003835570561886,0.2462593073773054,0,0.0044121766647079,38.44700266695768,2.367014150818086,0.06560462594823879
2021-02-11,15173.2998046875,51531.51953125,0.0044121766647079,-0.0001853205749051,0.241330229101687,1,0.0043198616454317,-0.0003836280973638,0.246161141266516,1,-0.000659269693437,34.72667005991693,-3.7203326070407527,-0.09676521832579943
2021-02-12,15163.2998046875,51544.30078125,-0.000659269693437,0.0044121766647079,0.2414176484153961,0,0.0002479970574428,0.0043198616454317,0.246082829942877,0,0.0099351424621159,36.07178786054568,1.3451178006287563,0.03873443086561168
2021-02-15,15314.7001953125,52154.12890625,0.0099351424621159,-0.000659269693437,0.2430128301859334,1,0.0117617047241017,0.0002479970574428,0.2484242640862554,1,-8.162425642763527e-05,39.84288428986436,3.771096429318675,0.10454420623390814
2021-02-16,15313.4501953125,52104.171875,-8.162425642763527e-05,0.0099351424621159,0.2382751648807994,0,-0.0009583320406918,0.0117617047241017,0.2438884813258511,0,-0.0068507314527851,34.573582372504404,-5.269301917359954,-0.1322520196837359
2021-02-17,15208.900390625,51703.828125,-0.0068507314527851,-8.162425642763527e-05,0.235946964609704,-1,-0.0077131961855628,-0.0009583320406918,0.2427299226066444,-1,-0.00593187168439,39.21959357696426,4.646011204459853,0.1343803819460352
2021-02-18,15118.9501953125,51324.69140625,-0.00593187168439,-0.0068507314527851,0.2324192234110572,-1,-0.007359873399875,-0.0077131961855628,0.2396319392188687,-1,-0.0091161431181845,36.657426212016674,-2.562167364947584,-0.0653287586960738
2021-02-19,14981.75,50889.76171875,-0.0091161431181845,-0.00593187168439,0.2341521972586414,-1,-0.0085101920349306,-0.007359873399875,0.2411105609007012,-1,-0.0206397156403059,34.290286174075604,-2.36714003794107,-0.06457463828066301
2021-02-22,14675.7001953125,49744.3203125,-0.0206397156403059,-0.0091161431181845,0.2455827208362891,-1,-0.022765465794904,-0.0085101920349306,0.2545651837581891,-1,0.0021848739697056,37.82308756173995,3.5328013876643496,0.10302630225160514
2021-02-23,14707.7998046875,49751.41015625,0.0021848739697056,-0.0206397156403059,0.2391731931783511,1,0.0001425155376738,-0.022765465794904,0.2484484261206926,0,0.0184715285005202,37.86242821708856,0.0393406553486102,0.001040122789669029
2021-02-24,14982.0,50781.69140625,0.0184715285005202,0.0021848739697056,0.2432719835936581,1,0.0204970761818853,0.0001425155376738,0.2534907030663836,1,0.0076697253313536,37.5708182838002,-0.29160993328836327,-0.007701828620615303
2021-02-25,15097.349609375,51039.30859375,0.0076697253313536,0.0184715285005202,0.230604433911421,1,0.0050602083500583,0.0204970761818853,0.2406870186554942,1,-0.0383622027563036,31.919993951361185,-5.650824332439015,-0.15040461162581442
2021-02-26,14529.150390625,49099.98828125,-0.0383622027563036,0.0076697253313536,0.2690179820336514,-1,-0.0387372964547171,0.0050602083500583,0.2778216240979076,-1,0.0158688108770191,37.4475238517154,5.527529900354217,0.17316826277526598
2021-03-01,14761.5498046875,49849.83984375,0.0158688108770191,-0.0383622027563036,0.2665222628300502,1,0.0151564875100296,-0.0387372964547171,0.2757840633536085,1,0.0106164310797289,38.15718901190201,0.70966516018661,0.018950923510903994
2021-03-02,14919.099609375,50296.890625,0.0106164310797289,0.0158688108770191,0.2191875107225187,1,0.0089279749551746,0.0151564875100296,0.2228197875407379,1,0.0216486661523929,33.76988421405178,-4.387304797850234,-0.11497976951294142
2021-03-03,15245.599609375,51444.6484375,0.0216486661523929,0.0106164310797289,0.2145633690827659,1,0.0225631834553571,0.0089279749551746,0.2206214144738886,1,-0.0108718151187931,34.697681103377946,0.9277968893261672,0.027474091514358978
2021-03-04,15080.75,50846.078125,-0.0108718151187931,0.0216486661523929,0.2169901032326281,-1,-0.011703448881765,0.0225631834553571,0.2233758676577311,-1,-0.0095041259916074,34.05441232512932,-0.6432687782486255,-0.018539244058762172
2021-03-05,14938.099609375,50405.3203125,-0.0095041259916074,-0.0108718151187931,0.2186469076109707,-1,-0.008706261906138,-0.011703448881765,0.224246808807068,-1,0.0012109725444472,31.194002043676868,-2.8604102814524524,-0.08399529124576044
2021-03-08,14956.2001953125,50441.0703125,0.0012109725444472,-0.0095041259916074,0.218587975237165,0,0.0007089991278021,-0.008706261906138,0.2240889931303586,0,0.0094628611698101,34.619193225728424,3.425191182051556,0.10980287740110128
2021-03-09,15098.400390625,51025.48046875,0.0094628611698101,0.0012109725444472,0.2164754779609863,1,0.0115193946017769,0.0007089991278021,0.223699719369957,1,0.0050473406024625,34.86871928666628,0.24952606093785334,0.007207737607022313
2021-03-10,15174.7998046875,51279.51171875,0.0050473406024625,0.0094628611698101,0.2171862418916404,1,0.0049661657102272,0.0115193946017769,0.2244411638162259,1,-0.009524722735275,34.83820508502612,-0.030514201640158944,-0.0008751167884685218
2021-03-12,15030.9501953125,50792.078125,-0.009524722735275,0.0050473406024625,0.2197922929600031,-1,-0.0095508906989389,0.0049661657102272,0.2268486196428778,-1,-0.0067723003088356,36.14079074710955,1.3025856620834304,0.03738957443141344
2021-03-15,14929.5,50395.078125,-0.0067723003088356,-0.009524722735275,0.2202246691888292,-1,-0.0078468859442519,-0.0095508906989389,0.2275175297648071,-1,-0.00127679886533,35.69031122798073,-0.45047951912881956,-0.012464572850134692
2021-03-16,14910.4501953125,50363.9609375,-0.00127679886533,-0.0067723003088356,0.2202310990663205,0,-0.0006176555230932,-0.0078468859442519,0.2274744901748769,0,-0.0127669111555391,34.94147006508892,-0.7488411628918072,-0.0209816372322561
2021-03-17,14721.2998046875,49801.62109375,-0.0127669111555391,-0.00127679886533,0.2203279866956522,-1,-0.0112283229514145,-0.0006176555230932,0.2250198064413143,-1,-0.0111650711539744,33.892467246647925,-1.0490028184409965,-0.030021713925799776
2021-03-18,14557.849609375,49216.51953125,-0.0111650711539744,-0.0127669111555391,0.2225213285350195,-1,-0.0118182056113106,-0.0112283229514145,0.2273981651968515,-1,0.0127058801702749,30.930210986469966,-2.962256260177959,-0.08740161165076987
2021-03-19,14744.0,49858.23828125,0.0127058801702749,-0.0111650711539744,0.2278520510919716,1,0.0129544141900902,-0.0118182056113106,0.2328788625710995,1,-0.0005155703072306,35.644441547462336,4.71423056099237,0.1524150793234016
2021-03-22,14736.400390625,49771.2890625,-0.0005155703072306,0.0127058801702749,0.2272899543938659,0,-0.0017454512360568,0.0129544141900902,0.2319793383640042,0,0.0053026560337911,35.14437081371281,-0.5000707337495243,-0.014029416987320631
2021-03-23,14814.75,50051.44140625,0.0053026560337911,-0.0005155703072306,0.2264654385452262,1,0.0056130117453556,-0.0017454512360568,0.2317326987128663,1,-0.0180735235920704,35.18970152891337,0.045330715200556426,0.0012898428439886978
2021-03-24,14549.400390625,49180.30859375,-0.0180735235920704,0.0053026560337911,0.2237530063348423,-1,-0.0175579931224359,0.0056130117453556,0.226145487372971,-1,-0.0155504734594161,31.82180348184361,-3.367898047069758,-0.09570692278542203
2021-03-25,14324.900390625,48440.12109375,-0.0155504734594161,-0.0180735235920704,0.2295201098645706,-1,-0.015164892997034,-0.0175579931224359,0.2317091874059324,-1,0.0126526485091806,32.78989790564054,0.9680944237969271,0.030422361961643274
2021-03-26,14507.2998046875,49008.5,0.0126526485091806,-0.0155504734594161,0.2240379729053074,1,0.011665333901566,-0.015164892997034,0.2231148518587248,1,0.0230178606027013,36.51010299719655,3.7202050915560108,0.11345583027619188
2021-03-30,14845.099609375,50136.578125,0.0230178606027013,0.0126526485091806,0.2378639221239443,1,0.022757091536896,0.011665333901566,0.2378020879733385,1,-0.0104551643454305,35.707281904681125,-0.8028210925154227,-0.02198901198873826
2021-03-31,14690.7001953125,49509.1484375,-0.0104551643454305,0.0230178606027013,0.1987728277080135,-1,-0.0125933745739095,0.022757091536896,0.1994757436939672,-1,0.0119528533440868,33.2402841655466,-2.466997739134527,-0.06908948560464667
2021-04-01,14867.349609375,50029.828125,0.0119528533440868,-0.0104551643454305,0.195398687839324,1,0.0104619206381821,-0.0125933745739095,0.1957261632967961,1,-0.0155602964791876,31.596505536193316,-1.6437786293532817,-0.04945140123251568
2021-04-05,14637.7998046875,49159.3203125,-0.0155602964791876,0.0119528533440868,0.1990589588543341,-1,-0.01755293148048,0.0104619206381821,0.202188807708021,-1,0.0031172037135109,31.965408164424897,0.3689026282315808,0.011675424923462074
2021-04-06,14683.5,49201.390625,0.0031172037135109,-0.0155602964791876,0.1822426445481653,1,0.0008554292595989,-0.01755293148048,0.1832927933962714,0,0.0091890876818974,32.100832066768525,0.13542390234362855,0.004236576665845426
2021-04-07,14819.0498046875,49661.76171875,0.0091890876818974,0.0031172037135109,0.1828931939992076,1,0.0093133672253234,0.0008554292595989,0.1839095772497669,1,0.0036877607079367,29.257229943486013,-2.843602123282512,-0.08858343974909832
2021-04-08,14873.7998046875,49746.2109375,0.0036877607079367,0.0091890876818974,0.1807092686636405,1,0.001699043583905,0.0093133672253234,0.1820256890571987,0,-0.0026221466406612,30.263168420246018,1.0059384767600044,0.03438256043730381
2021-04-09,14834.849609375,49591.3203125,-0.0026221466406612,0.0036877607079367,0.1808185224342419,-1,-0.0031184739257222,0.001699043583905,0.1821546234319301,-1,-0.0359646328172392,29.157301666014106,-1.1058667542319114,-0.036541671343708004
2021-04-12,14310.7998046875,47883.37890625,-0.0359646328172392,-0.0026221466406612,0.2149006517997108,-1,-0.0350473762123223,-0.0031184739257222,0.2115057188443368,-1,0.0134651323447003,32.621072725106444,3.4637710590923376,0.11879600858709516
2021-04-13,14504.7998046875,48544.05859375,0.0134651323447003,-0.0359646328172392,0.2205548860678748,1,0.0137033616831395,-0.0350473762123223,0.2177396104056749,1,0.005270570669209,33.4371443598502,0.8160716347437571,0.02501670137032863
2021-04-15,14581.4501953125,48803.6796875,0.005270570669209,0.0134651323447003,0.2202765994421951,1,0.0053339032598642,0.0137033616831395,0.2178666712196914,1,0.0024931716281266,34.47192748748694,1.0347831276367359,0.03094711427807373
2021-04-16,14617.849609375,48832.03125,0.0024931716281266,0.005270570669209,0.2197914412348621,1,0.0005807621622181,0.0053339032598642,0.216922935732516,0,-0.0178350823088299,33.02164688015925,-1.4502806073276844,-0.04207135234471948
2021-04-19,14359.4501953125,47949.421875,-0.0178350823088299,0.0024931716281266,0.2274027162294739,-1,-0.0182397311842688,0.0005807621622181,0.2244772450364076,-1,-0.004400491009083,37.25178387409443,4.230136993935176,0.1281019389882947
2021-04-20,14296.400390625,47705.80078125,-0.004400491009083,-0.0178350823088299,0.224139015873519,-1,-0.0050937442564813,-0.0182397311842688,0.2224128861673079,-1,0.0076474412128004,32.62468698291289,-4.627096891181537,-0.12421141781613587
2021-04-22,14406.150390625,48080.671875,0.0076474412128004,-0.004400491009083,0.2232785478188071,1,0.0078272640647221,-0.0050937442564813,0.2219495736643341,1,-0.0045082800942043,33.95411149355799,1.3294245106450973,0.04074903496672255
2021-04-23,14341.349609375,47878.44921875,-0.0045082800942043,0.0076474412128004,0.2183599841377196,-1,-0.0042147729847281,0.0078272640647221,0.2161319535169573,-1,0.0099666854592029,32.95653629722361,-0.9975751963343811,-0.029380100154399513
2021-04-26,14485.0,48386.51171875,0.0099666854592029,-0.0045082800942043,0.2218371493022009,1,0.010555600135979,-0.0042147729847281,0.2204219724345307,1,0.0115348603701411,37.077670698927555,4.121134401703948,0.1250475585339692
2021-04-27,14653.0498046875,48944.140625,0.0115348603701411,0.0099666854592029,0.2250317328633913,1,0.0114585691997919,0.010555600135979,0.2236530092923297,1,0.0143306788088347,34.89628283936227,-2.181387859565284,-0.058832926083147385
2021-04-28,14864.5498046875,49733.83984375,0.0143306788088347,0.0115348603701411,0.2211511708972477,1,0.0160059229894776,0.0114585691997919,0.2226868292404684,1,0.0020397283055356,36.178806168662035,1.2825233292997638,0.03675243392551564
2021-04-29,14894.900390625,49765.94140625,0.0020397283055356,0.0143306788088347,0.2127801206014751,1,0.0006452589786736,0.0160059229894776,0.2152549175513537,0,-0.0178695252286074,30.306891314073567,-5.871914854588468,-0.16230261516132338
2021-04-30,14631.099609375,48782.359375,-0.0178695252286074,0.0020397283055356,0.219435358055559,-1,-0.0199620832648939,0.0006452589786736,0.2237534885202104,-1,0.0002084917272909,34.47763633729441,4.170745023220846,0.1376170515147519
2021-05-03,14634.150390625,48718.51953125,0.0002084917272909,-0.0178695252286074,0.2034627545650961,0,-0.0013095236389484,-0.0199620832648939,0.2075591153237819,0,-0.0094506242249991,34.12553704775648,-0.35209928953793224,-0.010212396409468139
2021-05-04,14496.5,48253.51171875,-0.0094506242249991,0.0002084917272909,0.2028836802084135,-1,-0.0095906287780401,-0.0013095236389484,0.2057654926485517,-1,0.0083361169819181,32.452935999392196,-1.6726010483642852,-0.04901317878231748
2021-05-05,14617.849609375,48677.55078125,0.0083361169819181,-0.0094506242249991,0.2004285352596672,1,0.00874934735293,-0.0095906287780401,0.2046224241724935,1,0.0072897758768407,34.173814276097424,1.7208782767052284,0.05302689028621188
2021-05-06,14724.7998046875,48949.76171875,0.0072897758768407,0.0083361169819181,0.1947850373511906,1,0.0055765468896104,0.00874934735293,0.1970268891701694,1,0.0066570404036404,30.443926834918315,-3.729887441179109,-0.10914460443439422
2021-05-07,14823.150390625,,0.0066570404036404,0.0072897758768407,0.1958174420766385,1,,0.0055765468896104,0.2021066990287124,0,0.0080092628009941,34.40043908803501,3.956512253116692,0.12996064123300566
2021-05-10,14942.349609375,49502.41015625,0.0080092628009941,0.0066570404036404,0.1951957218521215,1,,,0.2043692839173129,0,-0.0061490680190265,36.117368432450654,1.7169293444156466,0.04991009969441995
2021-05-11,14850.75,49161.80859375,-0.0061490680190265,0.0080092628009941,0.1960769876201264,-1,-0.0069042844473813,,0.2053195809599041,-1,-0.0104409988264523,30.88202164113332,-5.235346791317333,-0.14495371668921175
2021-05-12,14696.5,48690.80078125,-0.0104409988264523,-0.0061490680190265,0.1992031673383336,-1,-0.0096269573839011,-0.0069042844473813,0.2075216598110197,-1,-0.0012732353086285,31.029311691031815,0.14729004989849415,0.004769443257636619
2021-05-14,14677.7998046875,48732.55078125,-0.0012732353086285,-0.0104409988264523,0.1518972057031758,0,0.0008570840950589,-0.0096269573839011,0.1627662696149014,0,0.0165775897839959,30.096489524552982,-0.9328221664788323,-0.03006261227342788
2021-05-17,14923.150390625,49580.73046875,0.0165775897839959,-0.0012732353086285,0.1554044977936887,1,0.01725505895348,0.0008570840950589,0.1673011846821516,1,0.012317273309973,30.699594070830294,0.6031045462773115,0.020039032983740324
2021-05-18,15108.099609375,50193.328125,0.012317273309973,0.0165775897839959,0.1595052404585078,1,0.012279852356588,0.01725505895348,0.1719464496450034,1,-0.0051727882383341,26.90480399154424,-3.7947900792860523,-0.12361043180345277
2021-05-19,15030.150390625,49902.640625,-0.0051727882383341,0.012317273309973,0.1612199802872275,-1,-0.0058081922944003,0.012279852356588,0.1736712914389656,-1,-0.0082910520395041,27.281624394531036,0.37682040298679453,0.01400569218438541
2021-05-20,14906.0498046875,49564.859375,-0.0082910520395041,-0.0051727882383341,0.1499229049078363,-1,-0.006791817396681,-0.0058081922944003,0.1608628241928308,-1,0.0179019355322992,26.428721273062614,-0.8529031214684224,-0.031262915621673826
2021-05-21,15175.2998046875,50540.48046875,0.0179019355322992,-0.0082910520395041,0.1580273858925834,1,0.0194925063201318,-0.006791817396681,0.1720284984494196,1,0.0014750202275935,25.113837567189783,-1.3148837058728304,-0.04975207435454021
2021-05-24,15197.7001953125,50651.8984375,0.0014750202275935,0.0179019355322992,0.1571057745810725,0,0.0022021028654291,0.0194925063201318,0.1707807997962911,1,0.0007070938155468,25.873273565138852,0.759435997949069,0.030239743166183386
2021-05-25,15208.4501953125,50637.53125,0.0007070938155468,0.0014750202275935,0.1551816896913473,0,-0.0002836858227097,0.0022021028654291,0.1693232300145732,0,0.0060964006336564,25.509887435630596,-0.36338612950825677,-0.014044845488661917
2021-05-26,15301.4501953125,51017.51953125,0.0060964006336564,0.0007070938155468,0.1534981633650651,1,0.007476068295161,-0.0002836858227097,0.1675985620940047,1,0.0023759962804964,25.814221206298253,0.30433377066765743,0.011930031891970838
2021-05-27,15337.849609375,51115.21875,0.0023759962804964,0.0060964006336564,0.1500289281344226,1,0.0019131818101533,0.007476068295161,0.1637745037809946,0,0.0063561902625193,26.933523038668696,1.119301832370443,0.04335989156617859
2021-05-28,15435.650390625,51422.87890625,0.0063561902625193,0.0023759962804964,0.1443226242329298,1,0.0060009125689478,0.0019131818101533,0.1553712843380442,1,0.0094879348910911,26.90069188836602,-0.032831150302676804,-0.0012189697669904298
2021-05-31,15582.7998046875,51937.44140625,0.0094879348910911,0.0063561902625193,0.1467672075309346,1,0.0099567561217327,0.0060009125689478,0.1586007760070402,1,-0.0005103206201074,29.777721738721613,2.877029850355594,0.1069500317053127
2021-06-01,15574.849609375,51934.87890625,-0.0005103206201074,0.0094879348910911,0.1280592086064751,0,-4.933941964158465e-05,0.0099567561217327,0.1354969862670758,0,8.67120656808025e-05,22.809212779169926,-6.968508959551688,-0.23401753232485045
2021-06-02,15576.2001953125,51849.48046875,8.67120656808025e-05,-0.0005103206201074,0.1280930665254566,0,-0.0016456903003105,-4.933941964158465e-05,0.1356418795846183,0,0.0073017280086002,26.77795144949883,3.9687386703289036,0.1739971786292107
2021-06-03,15690.349609375,52232.4296875,0.0073017280086002,8.67120656808025e-05,0.1205475874462702,1,0.0073586456324874,-0.0016456903003105,0.1279924727847997,1,-0.0012818385093088,23.626781056176,-3.151170393322829,-0.11767779918735366
2021-06-04,15670.25,52100.05078125,-0.0012818385093088,0.0073017280086002,0.1205600192822625,0,-0.0025376369217751,0.0073586456324874,0.1282101827211611,-1,0.0051811361952536,23.957074508921384,0.3302934527453836,0.013979621344103688
2021-06-07,15751.650390625,52328.51171875,0.0051811361952536,-0.0012818385093088,0.1199025659576338,1,0.0043754562260296,-0.0025376369217751,0.1279446768517726,1,-0.0007335750962069,25.339895580096588,1.3828210711752043,0.05772078183670781
2021-06-08,15740.099609375,52275.5703125,-0.0007335750962069,0.0051811361952536,0.119958778905712,0,-0.001012224566045,0.0043754562260296,0.1253128273038518,0,-0.0066772200430738,21.7504338474466,-3.589461732649987,-0.14165258579318518
2021-06-09,15635.349609375,51941.640625,-0.0066772200430738,-0.0007335750962069,0.1227680851922467,-1,-0.0064083624439612,-0.001012224566045,0.1261714889377869,-1,0.0065279335188341,25.04162801159277,3.2911941641461695,0.15131625360808787
2021-06-10,15737.75,52300.46875,0.0065279335188341,-0.0066772200430738,0.119776634851388,1,0.0068845410828478,-0.0064083624439612,0.1224983826437683,1,0.0039064903542531,24.310567901564912,-0.7310601100278582,-0.029193793218612707
2021-06-11,15799.349609375,52474.76171875,0.0039064903542531,0.0065279335188341,0.1097398917345205,1,0.0033269910977824,0.0068845410828478,0.1136435442923297,1,0.0007908589968395,23.958891701468346,-0.3516762000965663,-0.014465980454283378
2021-06-14,15811.849609375,52551.53125,0.0007908589968395,0.0039064903542531,0.1088508802867256,0,0.001461910970149,0.0033269910977824,0.1134812249495217,0,0.0036236402234769,23.463425316488195,-0.4954663849801513,-0.02067985410818418
2021-06-15,15869.25,52773.05078125,0.0036236402234769,0.0007908589968395,0.0980177798040701,1,0.0042064227288285,0.001461910970149,0.1021208241366081,1,-0.0064292561989679,26.7123782602288,3.248952943740605,0.13846882541303573
2021-06-16,15767.5498046875,52501.98046875,-0.0064292561989679,0.0036236402234769,0.0968950362029441,-1,-0.0051497664422162,0.0042064227288285,0.0999280899541476,-1,-0.0048412017767477,20.41402365179178,-6.29835460843702,-0.2357841202711043
2021-06-17,15691.400390625,52323.328125,-0.0048412017767477,-0.0064292561989679,0.0965906003531726,-1,-0.0034085760226739,-0.0051497664422162,0.0978468618613254,-1,-0.0005132013116724,20.597066125313624,0.18304247352184433,0.008966506390119644
2021-06-18,15683.349609375,52344.44921875,-0.0005132013116724,-0.0048412017767477,0.08960343416028,0,0.0004035835014881,-0.0034085760226739,0.0924920114829756,0,0.0040185031994205,19.71406236317847,-0.8830037621351536,-0.04287036594255278
2021-06-21,15746.5,52574.4609375,0.0040185031994205,-0.0005132013116724,0.0701814126854638,1,0.0043845687473232,0.0004035835014881,0.0697265926531552,1,0.0016656491552922,17.90718703022587,-1.8068753329526004,-0.09165413498576758
2021-06-22,15772.75,52588.7109375,0.0016656491552922,0.0040185031994205,0.0701747837185981,0,0.0002710074227155,0.0043845687473232,0.0699343738873483,0,-0.005454598542621,17.742704117246774,-0.16448291297909634,-0.00918530156084607
2021-06-23,15686.9501953125,52306.078125,-0.005454598542621,0.0016656491552922,0.0744641907675256,-1,-0.0053888948917587,0.0002710074227155,0.0739591591883914,-1,0.0065761703134446,21.824452138967665,4.081748021720891,0.23005219467945892
2021-06-24,15790.4501953125,52699.0,0.0065761703134446,-0.005454598542621,0.0748568619969618,1,0.0074838991777591,-0.0053888948917587,0.0739670780105597,1,0.0044169201494967,22.32669469567589,0.5022425567082252,0.02301283686344946
2021-06-25,15860.349609375,52925.0390625,0.0044169201494967,0.0065761703134446,0.0754896771927831,1,0.0042800750581864,0.0074838991777591,0.0745678571968796,1,-0.002882359835175,18.407475131779357,-3.919219563896533,-0.17553962273939216
2021-06-28,15814.7001953125,52735.58984375,-0.002882359835175,0.0044169201494967,0.0749298466058549,-1,-0.0035859983747539,0.0042800750581864,0.0749252550920054,-1,-0.0041979394624445,17.82827351437703,-0.579201617402326,-0.0314655656604621
2021-06-29,15748.4501953125,52549.66015625,-0.0041979394624445,-0.002882359835175,0.070627950828838,-1,-0.0035319264717838,-0.0035859983747539,0.0694312379121482,-1,-0.0017127578361914,20.005626195656607,2.177352681279576,0.12212919436779557
2021-06-30,15721.5,52482.7109375,-0.0017127578361914,-0.0041979394624445,0.0709674499899845,0,-0.0012748303617245,-0.0035319264717838,0.0696955940131742,0,-0.0026431873739428,17.992298910436507,-2.0133272852201003,-0.10063805379194835
2021-07-01,15680.0,52318.6015625,-0.0026431873739428,-0.0017127578361914,0.0717672823142052,-1,-0.0031318216388985,-0.0012748303617245,0.0704579585325293,-1,0.0026877238189711,20.442591866931544,2.450292956495037,0.13618565191098142
2021-07-02,15722.2001953125,52484.671875,0.0026877238189711,-0.0026431873739428,0.0677775255391366,1,0.0031691844357538,-0.0031318216388985,0.0666583818673377,1,0.0071078674266922,19.18359859561626,-1.2589932713152834,-0.0615867733167369
2021-07-05,15834.349609375,52880.0,0.0071078674266922,0.0026877238189711,0.0717427057115611,1,0.0075040328614369,0.0031691844357538,0.0703786907333974,1,-0.0010172694162285,16.14278234116165,-3.0408162544546116,-0.15851125320926407
2021-07-06,15818.25,52861.1796875,-0.0010172694162285,0.0071078674266922,0.0698301728595036,0,-0.0003559694104861,0.0075040328614369,0.0691698586667948,0,0.0038741031212285,22.078027688610483,5.935245347448834,0.3676717694641065
2021-07-07,15879.650390625,53054.76171875,0.0038741031212285,-0.0010172694162285,0.0708697019436184,1,0.0036553939705735,-0.0003559694104861,0.0697862443727706,1,-0.0096022097393775,22.678725540552882,0.6006978519423996,0.02720794902582191
2021-07-08,15727.900390625,52568.94140625,-0.0096022097393775,0.0038741031212285,0.075155437495244,-1,-0.0091991423162649,0.0036553939705735,0.0739176263360843,-1,-0.0024254228908178,18.28996636855563,-4.388759171997254,-0.1935187744192023
2021-07-09,15689.7998046875,52386.19140625,-0.0024254228908178,-0.0096022097393775,0.0721168396269283,-1,-0.0034824439699748,-0.0091991423162649,0.0714442310634466,-1,0.0001784315251354,18.436280842820864,0.14631447426523536,0.007999712591969521
2021-07-12,15692.599609375,52372.69140625,0.0001784315251354,-0.0024254228908178,0.0706184462593303,0,-0.0002577347087386,-0.0034824439699748,0.0704626288685527,0,0.00760201680508,19.63357540738284,1.1972945645619752,0.06494230451193217
2021-07-13,15812.349609375,52769.73046875,0.00760201680508,0.0001784315251354,0.075728615201978,1,0.0075524406353899,-0.0002577347087386,0.0751579859603806,1,0.0026274373783043,20.24177510017185,0.608199692789011,0.030977531100133238
2021-07-14,15853.9501953125,52904.05078125,0.0026274373783043,0.00760201680508,0.0752050597340407,1,0.0025421705034056,0.0075524406353899,0.0742551066436331,1,0.0044212840314639,20.837594518749732,0.5958194185778822,0.029435136771815307
2021-07-15,15924.2001953125,53158.8515625,0.0044212840314639,0.0026274373783043,0.0729602385471915,1,0.0048047199501308,0.0025421705034056,0.0733585181593644,1,-5.022699813825734e-05,23.31643293225185,2.4788384135021175,0.11895991215644641
2021-07-16,15923.400390625,53140.05859375,-5.022699813825734e-05,0.0044212840314639,0.0704081736778437,0,-0.000353587236561,0.0048047199501308,0.0720102359205796,0,-0.0107969905715419,18.68692291279627,-4.62951001945558,-0.1985513836060202
2021-07-19,15752.400390625,52553.3984375,-0.0107969905715419,-5.022699813825734e-05,0.0808733890283893,-1,-0.0111012771771396,-0.000353587236561,0.0828893403804033,-1,-0.0076662919876294,18.490744413762023,-0.19617849903424656,-0.0104981702953304
2021-07-20,15632.099609375,52198.51171875,-0.0076662919876294,-0.0107969905715419,0.0840073934620863,-1,-0.0067757824366801,-0.0111012771771396,0.0847674335209715,-1,0.012204454864528,17.642100890179577,-0.8486435235824459,-0.04589558454719811
2021-07-22,15824.0498046875,52837.2109375,0.012204454864528,-0.0076662919876294,0.094470171100704,1,0.0121617117477967,-0.0067757824366801,0.0952144440367778,1,0.0020201963552988,19.985157030186564,2.3430561400069863,0.13281049431653802
2021-07-23,15856.0498046875,52975.80078125,0.0020201963552988,0.012204454864528,0.0924040216593471,1,0.0026195251557084,0.0121617117477967,0.0932875075278317,1,-0.0019948940107945,21.174148220187114,1.18899119000055,0.059493712669089316
2021-07-26,15824.4501953125,52852.26953125,-0.0019948940107945,0.0020201963552988,0.090055242724821,0,-0.0023345659755684,0.0026195251557084,0.0903193232002691,-1,-0.0049412691902835,24.594639999517675,3.420491779330561,0.16154093868434893
2021-07-27,15746.4501953125,52578.76171875,-0.0049412691902835,-0.0019948940107945,0.090240695111857,-1,-0.0051883856737673,-0.0023345659755684,0.090802811568053,-1,-0.0023556712745251,19.988846913113356,-4.605793086404319,-0.18726816438437976
2021-07-28,15709.400390625,52443.7109375,-0.0023556712745251,-0.0049412691902835,0.0900722532182524,-1,-0.0025718468109577,-0.0051883856737673,0.0904092652963672,-1,0.0043858132000563,21.454801225103033,1.4659543119896767,0.07333861319573964
2021-07-29,15778.4501953125,52653.0703125,0.0043858132000563,-0.0023556712745251,0.0903212906896536,1,0.0039841306164687,-0.0025718468109577,0.0907349079539045,1,-0.0009765161358081,20.999283276819853,-0.4555179482831804,-0.021231515664205003
2021-07-30,15763.0498046875,52586.83984375,-0.0009765161358081,0.0043858132000563,0.0901719550462163,0,-0.0012586570512136,0.0039841306164687,0.0907318517744683,0,0.0077161539042294,23.3939820515178,2.3946987746979467,0.11403716703709343
2021-08-02,15885.150390625,52950.62890625,0.0077161539042294,-0.0009765161358081,0.0932520449487343,1,0.0068940539820455,-0.0012586570512136,0.0928621516686392,1,0.015342653128218,26.379069346620675,2.9850872951028755,0.12760064911262958
2021-08-03,16130.75,53823.359375,0.015342653128218,0.0077161539042294,0.106195290473436,1,0.0163476127237117,0.0068940539820455,0.1075639817714875,1,0.0079069003792001,21.557791501502958,-4.8212778451177165,-0.18276906519203462
2021-08-04,16258.7998046875,54369.76953125,0.0079069003792001,0.015342653128218,0.1067877559485142,1,0.0101007301920048,0.0163476127237117,0.109833884409724,1,0.0021994519628629,21.699896709814976,0.14210520831201734,0.006591825897477088
2021-08-05,16294.599609375,54492.83984375,0.0021994519628629,0.0079069003792001,0.1065045634005089,1,0.0022610217711439,0.0101007301920048,0.1097038768767706,1,-0.0034672374282357,24.738778094189037,3.0388813843740614,0.14004128337622723
2021-08-06,16238.2001953125,54277.71875,-0.0034672374282357,0.0021994519628629,0.1073993726915619,-1,-0.0039555073912258,0.0022610217711439,0.1109351688075402,-1,0.0012339690711517,24.103720248408813,-0.6350578457802243,-0.02567054214894282
2021-08-09,16258.25,54402.8515625,0.0012339690711517,-0.0034672374282357,0.1001562062489057,0,0.0023027642831754,-0.0039555073912258,0.1044664616105798,1,0.001343006816352,25.709035276362638,1.605315027953825,0.06660030117383231
2021-08-10,16280.099609375,54554.66015625,0.001343006816352,0.0012339690711517,0.0991028605158452,0,0.0027865667926426,0.0023027642831754,0.1028432244269159,1,0.0001320783453234,23.078142422236446,-2.6308928541261913,-0.10233339469354119
2021-08-11,16282.25,54525.9296875,0.0001320783453234,0.001343006816352,0.0991123032528058,0,-0.0005267751018861,0.0027865667926426,0.1029195781436795,0,0.0050327101270872,21.19264614370646,-1.8854962785299847,-0.08170052181986953
2021-08-12,16364.400390625,54843.98046875,0.0050327101270872,0.0001320783453234,0.0975909177097566,1,0.0058160727634479,-0.0005267751018861,0.1018926063599815,1,0.0100141727170619,22.94040143236028,1.747755288653817,0.08246989435874874
2021-08-13,16529.099609375,55437.2890625,0.0100141727170619,0.0050327101270872,0.101802018424061,1,0.0107600197314058,0.0058160727634479,0.1064835825548392,1,0.0020519176533692,24.397609003571915,1.4572075712116366,0.06352145037689128
2021-08-16,16563.05078125,55582.578125,0.0020519176533692,0.0100141727170619,0.1014179732395336,1,0.0026173539767799,0.0107600197314058,0.1060853177438157,1,0.003107445463957,23.78276168634809,-0.6148473172238269,-0.025201130042448394
2021-08-17,16614.599609375,55792.26953125,0.003107445463957,0.0020519176533692,0.1012532132847276,1,0.0037655118445843,0.0026173539767799,0.1058329562600973,1,-0.0027574004550174,23.139869390687355,-0.642892295660733,-0.027031860476900316
2021-08-18,16568.849609375,55629.48828125,-0.0027574004550174,0.003107445463957,0.0918174587837704,-1,-0.002921895489849,0.0037655118445843,0.0961103381287466,-1,-0.0071685310331997,23.31509525755535,0.17522586686799357,0.0075724656829097015
2021-08-20,16450.5,55329.3203125,-0.0071685310331997,-0.0027574004550174,0.0911431456425595,-1,-0.0054104528480183,-0.002921895489849,0.0945158135978572,-1,0.0027892869980642,23.452905745147298,0.13781048759194903,0.005910783810642695
2021-08-23,16496.44921875,55555.7890625,0.0027892869980642,-0.0071685310331997,0.0839744124126837,1,0.004084751616624,-0.0054104528480183,0.088347431774084,1,0.007738343720985,23.161759223343424,-0.29114652180387424,-0.012414091668113025
2021-08-24,16624.599609375,55958.98046875,0.007738343720985,0.0027892869980642,0.0863112143035269,1,0.0072312065004753,0.004084751616624,0.089929158405745,1,0.0006043901504665,21.928541205531975,-1.2332180178114491,-0.053243711149909445
2021-08-25,16634.650390625,55944.2109375,0.0006043901504665,0.007738343720985,0.0851609957892001,0,-0.0002639697965743,0.0072312065004753,0.0887736709321531,0,0.000135250684179,20.1818634182863,-1.7466777872456731,-0.07965316848368531
2021-08-26,16636.900390625,55949.1015625,0.000135250684179,0.0006043901504665,0.081396220760241,0,8.741585880054987e-05,-0.0002639697965743,0.0846465255104196,0,0.0040968579935776,20.433049448890745,0.251186030604444,0.012446126772260868
2021-08-27,16705.19921875,56124.71875,0.0040968579935776,0.000135250684179,0.0794732349674615,1,0.0031339581491641,8.741585880054987e-05,0.0822223191729489,1,0.0134292590140948,22.360341429762865,1.9272919808721198,0.09432228829538447
2021-08-30,16931.05078125,56889.76171875,0.0134292590140948,0.0040968579935776,0.0873494487469983,1,0.0135390553839873,0.0031339581491641,0.0896525720963043,1,0.0118104276963513,19.10107353272536,-3.259267897037507,-0.14576109704207107
2021-08-31,17132.19921875,57552.390625,0.0118104276963513,0.0134292590140948,0.0905289694156672,1,0.0115802839723862,0.0135390553839873,0.091739180957011,1,-0.003271078924395,21.790243559312522,2.6891700265871634,0.140786329207093
2021-09-01,17076.25,57338.2109375,-0.003271078924395,0.0118104276963513,0.0927677581067816,-1,-0.0037284152523856,0.0115802839723862,0.0952619122817643,-1,0.0092042939510858,20.490098186023438,-1.3001453732890838,-0.05966639931077955
2021-09-02,17234.150390625,57852.5390625,0.0092042939510858,-0.003271078924395,0.0849546898629805,1,0.008930084107973,-0.0037284152523856,0.0859530813373766,1,0.0051768080106442,20.552958632167687,0.06286044614424924,0.0030678450426913084
2021-09-03,17323.599609375,58129.94921875,0.0051768080106442,0.0092042939510858,0.0835435468440627,1,0.0047836650061441,0.008930084107973,0.0826703963588137,1,0.0031238633220451,22.91125840962087,2.3582997774531833,0.11474259349513694
2021-09-06,17377.80078125,58296.91015625,0.0031238633220451,0.0051768080106442,0.0834903991160353,1,0.0028680847846748,0.0047836650061441,0.0826116861045223,1,-0.0009039273439216,20.731238047643338,-2.180020361977533,-0.09515061647866974
2021-09-07,17362.099609375,58279.48046875,-0.0009039273439216,0.0031238633220451,0.0814098074962235,0,-0.0002990260298235,0.0028680847846748,0.0795271592838262,0,-0.0004954320044973,20.233853845934647,-0.4973842017086909,-0.02399201632655179
2021-09-08,17353.5,58250.26171875,-0.0004954320044973,-0.0009039273439216,0.0821495803440038,0,-0.0005014814254942,-0.0002990260298235,0.0805951948313038,0,0.0009071862729865,17.495245752440542,-2.738608093494104,-0.13534782421314862
2021-09-09,17369.25,58305.0703125,0.0009071862729865,-0.0004954320044973,0.0822810934613321,0,0.0009404734529881,-0.0005014814254942,0.0809828591570791,0,-0.0008034211637875,21.72061647818765,4.2253707257471085,0.24151536854849143
2021-09-13,17355.30078125,58177.76171875,-0.0008034211637875,0.0009071862729865,0.0827663202404221,0,-0.0021858782486771,0.0009404734529881,0.0821318909325619,-1,0.0014221395731308,21.56760038632436,-0.15301609186328946,-0.007044739822046564
2021-09-14,17380.0,58247.08984375,0.0014221395731308,-0.0008034211637875,0.0826154511566127,0,0.0011909507680524,-0.0021858782486771,0.0817573588094669,0,0.0079915278908785,24.58805456227219,3.0204541759478296,0.14004590783604498
2021-09-15,17519.44921875,58723.19921875,0.0079915278908785,0.0014221395731308,0.0806853246629158,1,0.0081407339964461,0.0011909507680524,0.0790290470466512,1,0.0062619875307568,19.45297599638558,-5.135078565886612,-0.20884444325928309
2021-09-16,17629.5,59141.16015625,0.0062619875307568,0.0079915278908785,0.0815262950334346,1,0.0070922659178059,0.0081407339964461,0.0804476852420466,1,-0.0025188171588147,20.590930158671338,1.1379541622857587,0.058497690147625514
2021-09-17,17585.150390625,59015.890625,-0.0025188171588147,0.0062619875307568,0.0837084532993886,-1,-0.0021203910787658,0.0070922659178059,0.0822639272838904,-1,-0.0107627662179527,20.86961269736037,0.2786825386890328,0.013534237479392086
2021-09-20,17396.900390625,58490.9296875,-0.0107627662179527,-0.0025188171588147,0.0942220091249387,-1,-0.0089350461296251,-0.0021203910787658,0.0897180530878924,-1,0.0094454250556897,24.577107472020817,3.7074947746604465,0.1776503871166415
2021-09-21,17562.0,59005.26953125,0.0094454250556897,-0.0107627662179527,0.0906451329381032,1,0.0087550598667447,-0.0089350461296251,0.0875972294699733,1,-0.0008744061752431,20.873922229036417,-3.7031852429844,-0.15067620334086085
2021-09-22,17546.650390625,58927.328125,-0.0008744061752431,0.0094454250556897,0.0916926199528192,0,-0.001321795994439,0.0087550598667447,0.0887966227770482,0,0.0156238380774284,21.7273050468226,0.8533828177861835,0.040882724790413105
2021-09-23,17822.94921875,59885.359375,0.0156238380774284,-0.0008744061752431,0.1005356558164234,1,0.0161270994548797,-0.001321795994439,0.0991292290381145,1,0.0016958112674268,23.269358601075417,1.542053554252817,0.07097307056395974
2021-09-24,17853.19921875,60048.46875,0.0016958112674268,0.0156238380774284,0.1002356003194612,0,0.002719991150315,0.0161270994548797,0.0983401283013411,1,0.0001064397178897,22.396778278258836,-0.8725803228165816,-0.037499113653104876
2021-09-27,17855.099609375,60077.87890625,0.0001064397178897,0.0016958112674268,0.1002473514807058,0,0.0004896537256219,0.002719991150315,0.0981806281101549,0,-0.0059825422627533,21.131867918969526,-1.2649103592893098,-0.05647733542628286
2021-09-28,17748.599609375,59667.6015625,-0.0059825422627533,0.0001064397178897,0.1052747971147836,-1,-0.0068525166476694,0.0004896537256219,0.1044066037971405,-1,-0.0021037194955448,22.915659697274975,1.7837917783054493,0.08441240429598684
2021-09-29,17711.30078125,59413.26953125,-0.0021037194955448,-0.0059825422627533,0.0992509124477139,-1,-0.004271591493011,-0.0068525166476694,0.0996942624070656,-1,-0.0052732552241576,24.072354744490937,1.1566950472159618,0.050476183644562855
2021-09-30,17618.150390625,59126.359375,-0.0052732552241576,-0.0021037194955448,0.0958754170278625,-1,-0.0048407561109977,-0.004271591493011,0.0961143282674598,-1,-0.0048989638012051,19.534511103964128,-4.537843640526809,-0.1885085064877301
2021-10-01,17532.05078125,58765.578125,-0.0048989638012051,-0.0052732552241576,0.0970191858635333,-1,-0.0061205606409862,-0.0048407561109977,0.0980246929046609,-1,0.0090394880242668,21.967857934647082,2.4333468306829538,0.1245665590365943
2021-10-04,17691.25,59299.3203125,0.0090394880242668,-0.0048989638012051,0.096850562792895,1,0.0090415666412996,-0.0061205606409862,0.0981365777052316,1,0.0073803589460669,20.284814649411153,-1.6830432852359287,-0.07661390064715778
2021-10-05,17822.30078125,59744.87890625,0.0073803589460669,0.0090394880242668,0.0982677215985723,1,0.0074856343649634,0.0090415666412996,0.0998199655307986,1,-0.0099413972120656,24.216865417706913,3.9320507682957597,0.19384208513879142
2021-10-06,17646.0,59189.73046875,-0.0099413972120656,0.0073803589460669,0.1054580758783454,-1,-0.0093354234260831,0.0074856343649634,0.1061621535744752,-1,0.0081470247013147,19.49943377826699,-4.717431639439923,-0.19479943246455944
2021-10-07,17790.349609375,59677.828125,0.0081470247013147,-0.0099413972120656,0.1083140193576976,1,0.0082125081955979,-0.0093354234260831,0.1091804898107557,1,0.0058763233035785,21.713558241226583,2.2141244629595924,0.11354814135307545
2021-10-08,17895.19921875,60059.05859375,0.0058763233035785,0.0081470247013147,0.1093309582718101,1,0.0063678247766744,0.0082125081955979,0.1104733835531585,1,0.002831942397492,23.687519577310052,1.9739613360834696,0.0909091598048446
2021-10-11,17945.94921875,60135.78125,0.002831942397492,0.0058763233035785,0.1094107870015538,1,0.0012766382778161,0.0063678247766744,0.1104597474809601,0,0.0025599730157621,26.07212675862406,2.3846071813140064,0.10066934925504767
2021-10-12,17991.94921875,60284.30859375,0.0025599730157621,0.002831942397492,0.1091171069836327,1,0.0024668212631465,0.0012766382778161,0.1096915037984013,1,0.0093933419509834,22.780210176217295,-3.2919165824067633,-0.1262619123051737
2021-10-13,18161.75,60737.05078125,0.0093933419509834,0.0025599730157621,0.1122946416844822,1,0.0074820560919554,0.0024668212631465,0.1114784777511772,1,0.0096877099759962,22.119065115061822,-0.661145061155473,-0.029022781442364143
2021-10-14,18338.55078125,61305.94921875,0.0096877099759962,0.0093933419509834,0.1135633989236613,1,0.0093229854743489,0.0074820560919554,0.1123715793262073,1,0.0075240195734982,27.11865403124731,4.999588916185488,0.22603075175998533
2021-10-18,18477.05078125,61765.58984375,0.0075240195734982,0.0096877099759962,0.1142178143723557,1,0.0074695216390239,0.0093229854743489,0.1125922703835364,1,-0.0031602962146704,20.52575363640308,-6.592900394844229,-0.24311311273957759
2021-10-19,18418.75,61716.05078125,-0.0031602962146704,0.0075240195734982,0.1145753457169959,-1,-0.0008023713469796,0.0074695216390239,0.112065898588342,0,-0.0082949332443625,19.059922658459428,-1.4658309779436536,-0.07141423423030646
2021-10-20,18266.599609375,61259.9609375,-0.0082949332443625,-0.0031602962146704,0.1113288240798406,-1,-0.0074175756484833,-0.0008023713469796,0.1102871467436482,-1,-0.0048566829115848,24.01291130809072,4.952988649631294,0.25986404763468407
2021-10-21,18178.099609375,60923.5,-0.0048566829115848,-0.0082949332443625,0.1108227463312897,-1,-0.005507484980209,-0.0074175756484833,0.1106762851640559,-1,-0.0034827257394313,22.078166184423747,-1.9347451236669748,-0.0805710352586484
2021-10-22,18114.900390625,60821.62109375,-0.0034827257394313,-0.0048566829115848,0.1119317539998455,-1,-0.001673642920811,-0.005507484980209,0.1107969000125587,0,0.0005794654054989,21.150709765723125,-0.927456418700622,-0.042007855677567374
2021-10-25,18125.400390625,60967.05078125,0.0005794654054989,-0.0034827257394313,0.0994827762888074,0,0.0023882312596785,-0.001673642920811,0.0973609709148156,1,0.0078585216635523,23.36499052347945,2.214280757756324,0.10469061238525379
2021-10-26,18268.400390625,61350.26171875,0.0078585216635523,0.0005794654054989,0.1024279650950247,1,0.0062658700300274,0.0023882312596785,0.0989793603284483,1,-0.0031497940609639,22.73039793704487,-0.6345925864345787,-0.0271599761958764
2021-10-27,18210.94921875,61143.328125,-0.0031497940609639,0.0078585216635523,0.1034399533069504,-1,-0.0033786876663284,0.0062658700300274,0.1001414450342245,-1,-0.0196134303875884,21.215838069221583,-1.5145598678232872,-0.06663147174185335
2021-10-28,17857.25,59984.69921875,-0.0196134303875884,-0.0031497940609639,0.1237223459151613,-1,-0.0191312327958696,-0.0033786876663284,0.1192344744786661,-1,-0.0104479055444702,21.81162579417434,0.595787724952757,0.028082214947571682
2021-10-29,17671.650390625,59306.9296875,-0.0104479055444702,-0.0196134303875884,0.1290201139079586,-1,-0.0113633593670247,-0.0191312327958696,0.1250154847754473,-1,0.014494106171593,26.64692604735615,4.83530025318181,0.22168454102459756
2021-11-01,17929.650390625,60138.4609375,0.014494106171593,-0.0104479055444702,0.1369727345010474,1,0.0139234285914594,-0.0113633593670247,0.1326851806906529,1,-0.0022726287368459,26.997675806022066,0.3507497586659163,0.013162860062829518
2021-11-02,17888.94921875,60029.05859375,-0.0022726287368459,0.014494106171593,0.1358853741747847,-1,-0.0018208310266041,0.0139234285914594,0.1306769036709056,0,-0.0033456412690553,25.390185689919704,-1.6074901161023618,-0.059541796399518065
2021-11-03,17829.19921875,59771.921875,-0.0033456412690553,-0.0022726287368459,0.1333558007838701,-1,-0.0042927380495799,-0.0018208310266041,0.1285001714158385,-1,0.0049013449265533,29.028854070482343,3.6386683805626383,0.1433100342392235
2021-11-04,17916.80078125,60067.62109375,0.0049013449265533,-0.0033456412690553,0.1319831907574145,1,0.0049349290148196,-0.0042927380495799,0.1270177343317843,1,0.0084340373482947,23.058149543089144,-5.970704527393199,-0.20568171629842047
2021-11-08,18068.55078125,60545.609375,0.0084340373482947,0.0049013449265533,0.1294270386509478,1,0.0079260091405052,0.0049349290148196,0.1246458859916985,1,-0.0013458266538282,21.891653523245303,-1.1664960198438408,-0.05058931627032737
2021-11-09,18044.25,60433.44921875,-0.0013458266538282,0.0084340373482947,0.1270958811416946,0,-0.0018542083181742,0.0079260091405052,0.122241167133314,0,-0.0015002606334366,23.32577197440697,1.434118451161666,0.06550982773589342
2021-11-10,18017.19921875,60352.8203125,-0.0015002606334366,-0.0013458266538282,0.1258547624648215,0,-0.0013350676122215,-0.0018542083181742,0.1205617839246002,0,-0.0080020718582044,24.494304213771155,1.1685322393641862,0.05009618719784714
2021-11-11,17873.599609375,59919.69140625,-0.0080020718582044,-0.0015002606334366,0.1286976871525346,-1,-0.0072024899533568,-0.0013350676122215,0.123185848390593,-1,0.0127391184530934,25.356447613898844,0.8621434001276889,0.035197709336972194
2021-11-12,18102.75,60686.69140625,0.0127391184530934,-0.0080020718582044,0.1360606091541316,1,0.0127192329701448,-0.0072024899533568,0.1308346852414392,1,0.0003699978996557,25.1235887997005,-0.23285881419834453,-0.00918341629490349
2021-11-15,18109.44921875,60718.7109375,0.0003699978996557,0.0127391184530934,0.1319851532634552,0,0.0005274811725718,0.0127192329701448,0.1282277556088639,0,-0.0061065892730084,25.902626119374112,0.7790373196736127,0.031008202127671414
2021-11-16,17999.19921875,60322.37109375,-0.0061065892730084,0.0003699978996557,0.1284642904140594,-1,-0.0065488717319305,0.0005274811725718,0.1254219820470192,-1,-0.0056019562269169,22.343350193025053,-3.559275926349059,-0.1374098483275742
2021-11-17,17898.650390625,60008.328125,-0.0056019562269169,-0.0061065892730084,0.1256487611569697,-1,-0.0052196768372109,-0.0065488717319305,0.1225890297525281,-1,-0.0075062975371328,27.452405323843493,5.10905513081844,0.2286611043859188
2021-11-18,17764.80078125,59636.01171875,-0.0075062975371328,-0.0056019562269169,0.1272576601645662,-1,-0.0062237396025546,-0.0052196768372109,0.1237037229330988,-1,-0.0197980668487385,24.56146365967148,-2.8909416641720114,-0.1053074085883875
2021-11-22,17416.55078125,58465.890625,-0.0197980668487385,-0.0075062975371328,0.1403135620857617,-1,-0.0198160971214897,-0.0062237396025546,0.1376763136733116,-1,0.0049713204170886,28.265947871752427,3.7044842120809456,0.1508250592640168
2021-11-23,17503.349609375,58664.328125,0.0049713204170886,-0.0197980668487385,0.1421483091195526,1,0.0033883261205975,-0.0198160971214897,0.1384488882207215,1,-0.0050574491010214,26.900281604710667,-1.3656662670417603,-0.04831489371019959
2021-11-24,17415.05078125,58340.98828125,-0.0050574491010214,0.0049713204170886,0.142487286127094,-1,-0.0055269397454921,0.0033883261205975,0.1390469677252414,-1,0.0069353472882373,27.162235051016967,0.26195344630630046,0.009737944388672481
2021-11-25,17536.25,58795.08984375,0.0069353472882373,-0.0050574491010214,0.1455359460975245,1,0.0077534410347055,-0.0055269397454921,0.1423744121669891,1,-0.0295021956571138,27.693129170216856,0.530894119199889,0.019545303182994633
2021-11-26,17026.44921875,57107.1484375,-0.0295021956571138,0.0069353472882373,0.1704418000950449,-1,-0.0291290449830139,0.0077534410347055,0.1678525211568172,-1,0.0016138312478338,29.93959712953912,2.2464679593222634,0.0811200477026004
2021-11-29,17053.94921875,57260.578125,0.0016138312478338,-0.0295021956571138,0.1713098351461276,0,0.002683095732627,-0.0291290449830139,0.1691763343201341,1,-0.0041572285072535,30.41642903434785,0.47683190480872994,0.01592646363094441
2021-11-30,16983.19921875,57064.87109375,-0.0041572285072535,0.0016138312478338,0.1605985930221031,-1,-0.0034236860428608,0.002683095732627,0.1588876730308015,-1,0.0107585597624502,30.71816436247517,0.3017353281273216,0.009920143084074295
2021-12-01,17166.900390625,57684.7890625,0.0107585597624502,-0.0041572285072535,0.1639578694423428,1,0.0108048075935484,-0.0034236860428608,0.1616226261736419,1,0.0135819178616608,28.78882928363722,-1.9293350788379513,-0.0628076292603863
2021-12-02,17401.650390625,58461.2890625,0.0135819178616608,0.0107585597624502,0.1628719411191978,1,0.0133712921141727,0.0108048075935484,0.1609764844884605,1,-0.011847592241934,29.705201627096805,0.9163723434595852,0.031830830438819735
2021-12-03,17196.69921875,57696.4609375,-0.011847592241934,0.0135819178616608,0.166830289680984,-1,-0.0131689737125291,0.0133712921141727,0.1661153994196198,-1,-0.016679248094838,28.50355757952395,-1.2016440475728558,-0.04045231076555722
2021-12-06,16912.25,56747.140625,-0.016679248094838,-0.011847592241934,0.174523524974488,-1,-0.0165905664314601,-0.0131689737125291,0.1736508810381383,-1,0.0155155573824794,32.332586928347745,3.829029348823795,0.13433513827671972
2021-12-07,17176.69921875,57633.6484375,0.0155155573824794,-0.016679248094838,0.183831197609795,1,0.0155013017710696,-0.0165905664314601,0.1829396271730316,1,0.0169170449933063,29.03033515686096,-3.302251771486784,-0.10213385581564827
2021-12-08,17469.75,58649.6796875,0.0169170449933063,0.0155155573824794,0.1920672624425196,1,0.0174755422602343,0.0155013017710696,0.1922046379449376,1,0.0026924387253313,34.808607110073595,5.778271953212634,0.1990425505592901
2021-12-09,17516.849609375,58807.12890625,0.0026924387253313,0.0169170449933063,0.192644451842734,1,0.0026809737969582,0.0174755422602343,0.1927450895458814,1,-0.0003168210773069,31.184129282984713,-3.6244778270888816,-0.10412590815907596
2021-12-10,17511.30078125,58786.671875,-0.0003168210773069,0.0026924387253313,0.1926812803473936,0,-0.0003479270390183,0.0026809737969582,0.1927730958075214,0,-0.0082026046847206,28.406577830503263,-2.7775514524814504,-0.08906939255145374
2021-12-13,17368.25,58283.421875,-0.0082026046847206,-0.0003168210773069,0.1927696624035994,-1,-0.0085974664194101,-0.0003479270390183,0.1933752753223031,-1,-0.002499031160176,31.533175070181517,3.1265972396782544,0.11006595931175078
2021-12-14,17324.900390625,58117.08984375,-0.002499031160176,-0.0082026046847206,0.1858232099400746,-1,-0.0028579280624663,-0.0085974664194101,0.1865351359920367,-1,-0.0059919764101691,29.220217679057697,-2.3129573911238204,-0.07334996827867823
2021-12-15,17221.400390625,57788.03125,-0.0059919764101691,-0.002499031160176,0.1860681297039271,-1,-0.0056780835002356,-0.0028579280624663,0.1866890456922809,-1,0.0015665890089298,32.288100068370156,3.0678823893124587,0.10499177052713149
2021-12-16,17248.400390625,57901.140625,0.0015665890089298,-0.0059919764101691,0.1860378032272543,0,0.0019554018618543,-0.0056780835002356,0.1866066669813839,0,-0.0153770775563578,29.29853236412065,-2.989567704249506,-0.09259038772548045
2021-12-17,16985.19921875,57011.73828125,-0.0153770775563578,0.0015665890089298,0.1914075515429343,-1,-0.0154799029068826,0.0019554018618543,0.1921731479586289,-1,-0.0220846262813664,30.24838828786387,0.9498559237432218,0.03241991482503148
2021-12-20,16614.19921875,55822.01171875,-0.0220846262813664,-0.0153770775563578,0.2025547158096934,-1,-0.0210889145428938,-0.0154799029068826,0.2024841833836834,-1,0.0093845326454953,28.476390119078275,-1.771998168785597,-0.058581573071665116
2021-12-21,16770.849609375,56319.01171875,0.0093845326454953,-0.0220846262813664,0.1975684696419147,1,0.0088638972396275,-0.0210889145428938,0.1970358974376477,1,0.0109470329850817,30.852234325693317,2.3758442066150423,0.08343207115368534
2021-12-22,16955.44921875,56930.55859375,0.0109470329850817,0.0093845326454953,0.2011997428767494,1,0.0108000907665516,0.0088638972396275,0.2011167733179842,1,0.006885546336514,27.27221563441703,-3.580018691276287,-0.11603758267500575
2021-12-23,17072.599609375,57315.28125,0.006885546336514,0.0109470329850817,0.2027970374331033,1,0.0067350217923618,0.0108000907665516,0.2024495423575588,1,-0.004040908363189,29.111898096338884,1.8396824619218535,0.06745628908859924
2021-12-24,17003.75,57124.30859375,-0.004040908363189,0.006885546336514,0.2009787601429144,-1,-0.0033375308978801,0.0067350217923618,0.2001470247169221,-1,0.0048401385192229,33.618705326580034,4.506807230241151,0.15480980372104036
2021-12-27,17086.25,57420.23828125,0.0048401385192229,-0.004040908363189,0.174023011577769,1,0.0051670787302377,-0.0033375308978801,0.1737378365837091,1,0.0085666107599145,30.973901475078566,-2.644803851501468,-0.07867060393341208
2021-12-28,17233.25,57897.48046875,0.0085666107599145,0.0048401385192229,0.1764018405712129,1,0.0082770439322527,0.0051670787302377,0.1757892777323242,1,-0.0011409108803489,30.49109918069122,-0.4828022943873478,-0.015587390396260115
2021-12-29,17213.599609375,57806.48828125,-0.0011409108803489,0.0085666107599145,0.175706957185166,0,-0.0015728450327397,0.0082770439322527,0.1753816554832613,0,-0.0005607831589689,27.63674343225817,-2.854355748433047,-0.09361275339790298
2021-12-30,17203.94921875,57794.3203125,-0.0005607831589689,-0.0011409108803489,0.1718273830332793,0,-0.0002105170187468,-0.0015728450327397,0.1714240015720653,0,0.0086869903602652,29.08731559104397,1.4505721587857998,0.052487087067308424
2021-12-31,17354.05078125,58253.8203125,0.0086869903602652,-0.0005607831589689,0.1677780599916932,1,0.0079191686987307,-0.0002105170187468,0.1670873379221747,1,0.0155320663316478,28.770600920988183,-0.3167146700557879,-0.010888411791196928
2022-01-03,17625.69921875,59183.21875,0.0155320663316478,0.0086869903602652,0.1704721918001599,1,0.0158283595855958,0.0079191686987307,0.1688461691713206,1,0.0101353377336508,26.730489801630906,-2.0401111193572774,-0.07090957623582395
2022-01-04,17805.25,59855.9296875,0.0101353377336508,0.0155320663316478,0.1600797706263982,1,0.0113024682660662,0.0158283595855958,0.1591606418964587,1,0.0067169757589339,31.014773666174122,4.284283864543216,0.16027704304474888
2022-01-05,17925.25,60223.1484375,0.0067169757589339,0.0101353377336508,0.1538103272223814,1,0.0061163010328094,0.0113024682660662,0.1527207290442012,1,-0.0100558080531172,29.135757303389482,-1.8790163627846397,-0.06058455828210563
2022-01-06,17745.900390625,59601.83984375,-0.0100558080531172,0.0067169757589339,0.1492311397367996,-1,-0.0103703604872266,0.0061163010328094,0.1477635701145643,-1,0.0037571168401497,26.481185626020633,-2.6545716773688497,-0.09111044033374183
2022-01-07,17812.69921875,59744.6484375,0.0037571168401497,-0.0100558080531172,0.1494514491279904,1,0.0023931774443567,-0.0103703604872266,0.1477199533503834,1,0.0106434756439645,26.998916590788102,0.5177309647674697,0.01955089821426803
2022-01-10,18003.30078125,60395.62890625,0.0106434756439645,0.0037571168401497,0.1531975401135655,1,0.0108371123194045,0.0023931774443567,0.1516973561674304,1,0.0029090757855369,27.736519627251656,0.737603036463554,0.02731972721880327
2022-01-11,18055.75,60616.890625,0.0029090757855369,0.0106434756439645,0.1492809583528759,1,0.0036568442038183,0.0108371123194045,0.1475197302572294,1,0.0086357203311153,22.844626098439008,-4.891893528812648,-0.17637012842830757
2022-01-12,18212.349609375,61150.0390625,0.0086357203311153,0.0029090757855369,0.1501754745597579,1,0.0087569235070182,0.0036568442038183,0.1483148255900239,1,0.0024925148330414,26.523192690934597,3.6785665924955886,0.16102546728689715
2022-01-13,18257.80078125,61235.30078125,0.0024925148330414,0.0086357203311153,0.1470603963798746,1,0.0013933324473764,0.0087569235070182,0.1454435978184505,0,-0.0001123298725145,25.342071141991863,-1.181121548942734,-0.04453165057110309
2022-01-14,18255.75,61223.03125,-0.0001123298725145,0.0024925148330414,0.1473500709590336,0,-0.0002003870392081,0.0013933324473764,0.1457850252371357,0,0.0028634646353713,24.731767076113528,-0.610304065878335,-0.024082643540016768
2022-01-17,18308.099609375,61308.91015625,0.0028634646353713,-0.0001123298725145,0.1318862539902848,1,0.0014017393232517,-0.0002003870392081,0.1302214015719846,0,-0.0107108474462168,24.62642481325657,-0.1053422628569578,-0.004259390868948443
2022-01-18,18113.05078125,60754.859375,-0.0107108474462168,0.0028634646353713,0.1076698783487928,-1,-0.0090781169288495,0.0014017393232517,0.1061053140033241,-1,-0.0096890278340564,26.362360888578323,1.735936075321753,0.07049078737516479
2022-01-19,17938.400390625,60098.8203125,-0.0096890278340564,-0.0107108474462168,0.115864901774785,-1,-0.0108568561288303,-0.0090781169288495,0.1162932582391012,-1,-0.0101638838763968,24.86817590001252,-1.4941849885658023,-0.056678724446609374
2022-01-20,17757.0,59464.62109375,-0.0101638838763968,-0.0096890278340564,0.1210533421307208,-1,-0.0106086803663047,-0.0108568561288303,0.1219274126742477,-1,-0.0079069227919098,22.962976233506488,-1.9051996665060322,-0.07661195876071769
2022-01-21,17617.150390625,59037.1796875,-0.0079069227919098,-0.0101638838763968,0.1246311244592959,-1,-0.0072141226078972,-0.0106086803663047,0.1247506447262259,-1,-0.0269272102621386,25.608278008641907,2.645301775135419,0.11519855911689358
2022-01-24,17149.099609375,57491.51171875,-0.0269272102621386,-0.0079069227919098,0.1581491264228075,-1,-0.0265300950070987,-0.0072141226078972,0.1574544250254988,-1,0.0074854055398087,30.613623515452755,5.005345506810848,0.19545810558295718
2022-01-25,17277.94921875,57858.1484375,0.0074854055398087,-0.0269272102621386,0.1593447317519593,1,0.0063569836779686,-0.0265300950070987,0.157970488219188,1,-0.0097591993637289,29.783740541021466,-0.829882974431289,-0.027108289680651154
2022-01-27,17110.150390625,57276.94140625,-0.0097591993637289,0.0074854055398087,0.1603432917539159,-1,-0.0100961743119716,0.0063569836779686,0.1591878495176087,-1,-0.0004794310858279,28.15358991523194,-1.6301506257895255,-0.054732904469950716
2022-01-28,17101.94921875,57200.23046875,-0.0004794310858279,-0.0097591993637289,0.160318102861098,0,-0.0013401964378652,-0.0100961743119716,0.1591703744542797,0,0.0138148518554594,26.73793673069865,-1.4156531845332907,-0.0502832210313392
2022-01-31,17339.849609375,58014.171875,0.0138148518554594,-0.0004794310858279,0.1676034125530937,1,0.014129395820438,-0.0013401964378652,0.1670573438833755,1,0.0135753748226512,30.156787882536552,3.4188511518379023,0.12786518220430287
2022-02-01,17576.849609375,58862.5703125,0.0135753748226512,0.0138148518554594,0.1714690356371031,1,0.014518086718065,0.014129395820438,0.1723877580550788,1,0.011491556994747,29.93387433455381,-0.222913547982742,-0.007391820005864358
2022-02-02,17780.0,59558.328125,0.011491556994747,0.0135753748226512,0.1675646238807328,1,0.0117507268985602,0.014518086718065,0.1683492435860262,1,-0.0124392969118211,30.54684882812874,0.6129744935749315,0.0204776196600569
2022-02-03,17560.19921875,58788.01953125,-0.0124392969118211,0.011491556994747,0.1693032547634536,-1,-0.0130180523123486,0.0117507268985602,0.169400967330265,-1,-0.0025030125821506,30.2006690797093,-0.3461797484194413,-0.011332748276826066
2022-02-04,17516.30078125,58644.8203125,-0.0025030125821506,-0.0124392969118211,0.1672414836009838,-1,-0.0024388286942261,-0.0130180523123486,0.1675456539893561,-1,-0.0174321742274954,30.82325379073705,0.6225847110277485,0.02061493105945922
2022-02-07,17213.599609375,57621.19140625,-0.0174321742274954,-0.0025030125821506,0.1740332712674399,-1,-0.0176088495826717,-0.0024388286942261,0.1742448499054702,-1,0.0030829404762161,28.332856703622852,-2.4903970871141965,-0.0807960478157762
2022-02-08,17266.75,57808.578125,0.0030829404762161,-0.0174321742274954,0.1737946052861594,1,0.0032467687343129,-0.0176088495826717,0.1745167819544399,1,0.0113475249468573,32.01424865988459,3.6813919562617414,0.12993366658262206
2022-02-09,17463.80078125,58465.96875,0.0113475249468573,0.0030829404762161,0.1744294975951508,1,0.0113076790638702,0.0032467687343129,0.1749453510595185,1,0.00810099920504,29.83814896889988,-2.1760996909847137,-0.06797284903054657
2022-02-10,17605.849609375,58926.03125,0.00810099920504,0.0113475249468573,0.1769725747189972,1,0.0078380955321371,0.0113076790638702,0.1770985899667024,1,-0.0132132081342731,33.84777921715025,4.009630248250367,0.13437932267278319
2022-02-11,17374.75,58152.921875,-0.0132132081342731,0.00810099920504,0.1778523455116209,-1,-0.0132068248218954,0.0078380955321371,0.1776522023788911,-1,-0.0310946906967536,28.406858914982955,-5.440920302167292,-0.16074674404075662
2022-02-14,16842.80078125,56405.83984375,-0.0310946906967536,-0.0132132081342731,0.2028826828426279,-1,-0.0305034284351543,-0.0132068248218954,0.2018059581213773,-1,0.0298103496144214,35.76019589059329,7.353336975610333,0.25885779901317707
2022-02-15,17352.44921875,58142.05078125,0.0298103496144214,-0.0310946906967536,0.2339181155940009,1,0.0303164711912881,-0.0305034284351543,0.2339984599912544,1,-0.0017447910238332,35.78763312632539,0.02743723573210133,0.0007672563040774794
2022-02-16,17322.19921875,57996.6796875,-0.0017447910238332,0.0298103496144214,0.233150949891348,0,-0.0025034055234422,0.0303164711912881,0.2335773303906888,-1,-0.0010165312120177,34.0122589819059,-1.7753741444194873,-0.049608593509178456
2022-02-17,17304.599609375,57892.01171875,-0.0010165312120177,-0.0017447910238332,0.2313319007249374,0,-0.0018063539408397,-0.0025034055234422,0.232409131694646,0,-0.0016366742405402,34.16541840438509,0.15315942247919168,0.004503065278923968
2022-02-18,17276.30078125,57832.96875,-0.0016366742405402,-0.0010165312120177,0.2297121033430919,0,-0.0010204015353279,-0.0018063539408397,0.2303337379568129,0,-0.0040397055923562,34.33051571792055,0.16509731353545476,0.004832293039158664
2022-02-21,17206.650390625,57683.58984375,-0.0040397055923562,-0.0016366742405402,0.2278717051606481,-1,-0.002586278388704,-0.0010204015353279,0.2281473468258096,-1,-0.0066737863209561,35.635502408868646,1.3049866909480983,0.03801244064233189
2022-02-22,17092.19921875,57300.6796875,-0.0066737863209561,-0.0040397055923562,0.2274744870031722,-1,-0.0066602427143107,-0.002586278388704,0.227978971751708,-1,-0.001695145363,35.793119676388216,0.15761726751956928,0.004423040419386348
2022-02-23,17063.25,57232.05859375,-0.001695145363,-0.0066737863209561,0.2077952335346323,0,-0.0011982792516917,-0.0066602427143107,0.2089175901990591,0,-0.0489602690308219,31.63212334558607,-4.160996330802146,-0.11625128986862376
2022-02-24,16247.9501953125,54529.91015625,-0.0489602690308219,-0.001695145363,0.2653767500808819,-1,-0.0483648449752693,-0.0011982792516917,0.265550502004673,-1,0.0249478581682029,38.488965823566225,6.856842477980155,0.21676832766071508
2022-02-25,16658.400390625,55858.51953125,0.0249478581682029,-0.0489602690308219,0.2808987404212534,1,0.0240726956314748,-0.0483648449752693,0.2797553245257718,1,0.0081011313355374,44.374414759349065,5.88544893578284,0.1529126285897573
2022-02-28,16793.900390625,56247.28125,0.0081011313355374,0.0249478581682029,0.2827710351720621,1,0.0069356496172525,0.0240726956314748,0.2811662287742195,1,-0.0112547306669936,43.73218985740763,-0.6422249019414323,-0.01447286472225806
2022-03-02,16605.94921875,55468.8984375,-0.0112547306669936,0.0081011313355374,0.2796906622377875,-1,-0.013935231420556,0.0069356496172525,0.2791906599189474,-1,-0.0065187783706088,40.84171356312682,-2.890476294280816,-0.06609493610325601
2022-03-03,16498.05078125,55102.6796875,-0.0065187783706088,-0.0112547306669936,0.2741444344261123,-1,-0.0066241270192631,-0.013935231420556,0.27283344946073,-1,-0.0154355495239856,39.49045039894763,-1.351263164179187,-0.03308536900859005
2022-03-04,16245.349609375,54333.80859375,-0.0154355495239856,-0.0065187783706088,0.2720506640884783,-1,-0.0140516889186539,-0.0066241270192631,0.2697089711699025,-1,-0.0238078559614201,39.44512906228435,-0.04532133666327809,-0.001147653070689869
2022-03-07,15863.150390625,52842.75,-0.0238078559614201,-0.0154355495239856,0.2790962999217646,-1,-0.0278261370186106,-0.0140516889186539,0.2803581987232157,-1,0.0094301723362427,41.13666593763729,1.6915368753529378,0.042883289155474236
2022-03-08,16013.4501953125,53424.08984375,0.0094301723362427,-0.0238078559614201,0.2833836087614476,1,0.0109412427052686,-0.0278261370186106,0.2857246526732248,1,0.0205144230156611,38.292775745747946,-2.8438901918893436,-0.06913273419388555
2022-03-09,16345.349609375,54647.328125,0.0205144230156611,0.0094301723362427,0.2915488198457923,1,0.0226385578481856,0.0109412427052686,0.2961762952296793,1,0.015152013456311,40.64012890973254,2.347353163984593,0.061300156968778774
2022-03-10,16594.900390625,55464.390625,0.015152013456311,0.0205144230156611,0.2973817294865881,1,0.0148408817125428,0.0226385578481856,0.301694117797211,1,0.0021398626113986,38.40100480090363,-2.2391241088289107,-0.055096383030731055
2022-03-11,16630.44921875,55550.30078125,0.0021398626113986,0.015152013456311,0.2939077273616595,1,0.0015477262029242,0.0148408817125428,0.298155095137052,0,0.0143786943723374,42.18921898137651,3.7882141804728846,0.09864882963645116
2022-03-14,16871.30078125,56486.01953125,0.0143786943723374,0.0021398626113986,0.2974971658235745,1,0.0167042349338718,0.0015477262029242,0.3035379193284019,1,-0.0124233072084706,43.04410846176293,0.8548894803864187,0.020263221292714295
2022-03-15,16663.0,55776.8515625,-0.0124233072084706,0.0143786943723374,0.2971353756888181,-1,-0.0126342288443619,0.0167042349338718,0.3032782452010238,-1,0.018571576221107,40.74716464428306,-2.296943817479871,-0.05336255993129235
2022-03-16,16975.349609375,56816.6484375,0.018571576221107,-0.0124233072084706,0.2854213977813852,1,0.0184704523094112,-0.0126342288443619,0.2925151161146695,1,0.0181954426985114,43.69011330471859,2.942948660435526,0.07222462436655519
2022-03-17,17287.05078125,57863.9296875,0.0181954426985114,0.018571576221107,0.2728885226249441,1,0.0182648253386174,0.0184704523094112,0.2796529782488718,1,-0.009850560325581,36.83732093648973,-6.8527923682288545,-0.1568499564291298
2022-03-21,17117.599609375,57292.48828125,-0.009850560325581,0.0181954426985114,0.2749113671101126,-1,-0.0099246938534922,0.0182648253386174,0.2815886554288341,-1,0.0114949029834435,36.56238695059162,-0.2749339858981088,-0.007463463110471968
2022-03-22,17315.5,57989.30078125,0.0114949029834435,-0.009850560325581,0.2780513984509753,1,0.0120890036820872,-0.0099246938534922,0.2849216084218748,1,-0.0040420937201906,40.254043482217476,3.6916565316258527,0.1009686959610856
2022-03-23,17245.650390625,57684.8203125,-0.0040420937201906,0.0114949029834435,0.2783577553229697,-1,-0.00526446484457,0.0120890036820872,0.2855068330243344,-1,-0.0013287761390126,41.929972137521275,1.6759286553037995,0.04163379651647059
2022-03-24,17222.75,57595.6796875,-0.0013287761390126,-0.0040420937201906,0.2780306313880913,0,-0.0015464999330535,-0.00526446484457,0.2854164658909608,0,-0.0040580988470762,43.17091852172487,1.2409463842035962,0.02959568826169412
2022-03-25,17153.0,57362.19921875,-0.0040580988470762,-0.0013287761390126,0.2773811340834753,-1,-0.0040620232733522,-0.0015464999330535,0.2848021119019148,-1,0.0040145508462854,38.820344882609646,-4.350573639115225,-0.10077556346006145
2022-03-28,17222.0,57593.48828125,0.0040145508462854,-0.0040580988470762,0.2776027137491479,1,0.004023974448295,-0.0040620232733522,0.2850878586630624,1,0.0059802697624021,41.91763304177738,3.097288159167732,0.07978517884201541
2022-03-29,17325.30078125,57943.6484375,0.0059802697624021,0.0040145508462854,0.2118695618416533,1,0.0060614489557476,0.004023974448295,0.2237769942193016,1,0.0099329698927592,33.109939245163915,-8.807693796613464,-0.21011906344605003
2022-03-30,17498.25,58683.98828125,0.0099329698927592,0.0059802697624021,0.1982704993078619,1,0.012695957990816,0.0060614489557476,0.2134403644438341,1,-0.0019163121157625,31.48179533090455,-1.6281439142593648,-0.04917387199667467
2022-03-31,17464.75,58568.51171875,-0.0019163121157625,0.0099329698927592,0.1976400756506697,0,-0.0019697081057548,0.012695957990816,0.2132587873464682,0,0.0117091448747648,33.531327440040315,2.0495321091357646,0.0651021356181618
2022-04-01,17670.44921875,59276.69140625,0.0117091448747648,-0.0019163121157625,0.1944153203780809,1,0.01201895696604,-0.0019697081057548,0.2078195940826088,1,0.0214403456403388,32.74617779463493,-0.785149645405383,-0.023415405990394045
2022-04-04,18053.400390625,60611.73828125,0.0214403456403388,0.0117091448747648,0.201246918645786,1,0.0222724088831339,0.01201895696604,0.2146699861164799,1,-0.0053317463281753,28.9719075506101,-3.77427024402483,-0.11525834458283557
2022-04-05,17957.400390625,60176.5,-0.0053317463281753,0.0214403456403388,0.1915800223303534,-1,-0.007206664674532,0.0222724088831339,0.2084200036236188,-1,-0.0083741458125089,34.111082932487136,5.139175381877035,0.177384777750639
2022-04-06,17807.650390625,59610.41015625,-0.0083741458125089,-0.0053317463281753,0.1686595751705119,-1,-0.0094516847838789,-0.007206664674532,0.1798716766133575,-1,-0.0094845778489411,31.62614022534609,-2.4849427071410446,-0.07284854345021119
2022-04-07,17639.55078125,59034.94921875,-0.0094845778489411,-0.0083741458125089,0.1756954117239783,-1,-0.0097005977001331,-0.0094516847838789,0.186441796051316,-1,0.0081752507766337,28.31841576937877,-3.307724455967321,-0.10458830677404052
2022-04-08,17784.349609375,59447.1796875,0.0081752507766337,-0.0094845778489411,0.166580587070738,1,0.0069585537659489,-0.0097005977001331,0.1750562661905572,1,-0.0061704963921376,29.449665773948617,1.1312500045698464,0.039947503200129075
2022-04-11,17674.94921875,58964.5703125,-0.0061704963921376,0.0081752507766337,0.1649915449770745,-1,-0.0081514215822748,0.0069585537659489,0.1752494201541495,-1,-0.0082174818512636,29.48721487027293,0.03754909632431236,0.001275026229925036
2022-04-12,17530.30078125,58576.37109375,-0.0082174818512636,-0.0061704963921376,0.1695130159835834,-1,-0.0066053687432008,-0.0081514215822748,0.1782996406188707,-1,-0.003122351097155,29.472649130006154,-0.014565740266775151,-0.0004939679902240535
2022-04-13,17475.650390625,58338.9296875,-0.003122351097155,-0.0082174818512636,0.1648496022205581,-1,-0.0040617734566085,-0.0066053687432008,0.1718891509046191,-1,-0.0174322506303487,27.38434991436497,-2.0882992156411824,-0.07085549746239406
2022-04-18,17173.650390625,57166.73828125,-0.0174322506303487,-0.003122351097155,0.1710442833640954,-1,-0.0202973874833603,-0.0040617734566085,0.18162376444698,-1,-0.0125982039716312,27.761181600533437,0.3768316861684653,0.013760841040480143
2022-04-19,16958.650390625,56463.1484375,-0.0125982039716312,-0.0174322506303487,0.1656993933419634,-1,-0.0123840453632632,-0.0202973874833603,0.1759577125747094,-1,0.0104356037788649,28.51883119221345,0.7576495916800141,0.02729169105919671
2022-04-20,17136.55078125,57037.5,0.0104356037788649,-0.0125982039716312,0.1568809228661255,1,0.0101207609464477,-0.0123840453632632,0.1671751587093799,1,0.0148311509927678,30.03355032513128,1.5147191329178291,0.05311294571326597
2022-04-21,17392.599609375,57911.6796875,0.0148311509927678,0.0104356037788649,0.1614125319885676,1,0.0152101397008186,0.0101207609464477,0.1722679838518181,1,-0.0127676127989613,29.228453508045625,-0.805096817085655,-0.02680658158526039
2022-04-22,17171.94921875,57197.1484375,-0.0127676127989613,0.0148311509927678,0.1629536927777096,-1,-0.0124150413025228,0.0152101397008186,0.1724318507681962,-1,-0.0127763942010033,27.554140613598747,-1.674312894446878,-0.05728366346806524
2022-04-25,16953.94921875,56579.890625,-0.0127763942010033,-0.0127676127989613,0.1681421730086784,-1,-0.0108504118838341,-0.0124150413025228,0.1753739878301895,-1,0.0144551408404643,30.357614722164527,2.80347410856578,0.10174420417896046
2022-04-26,17200.80078125,57356.609375,0.0144551408404643,-0.0127763942010033,0.1762270134448418,1,0.0136344504617348,-0.0108504118838341,0.1824342867935223,1,-0.0094862965799431,23.925616103224026,-6.431998618940501,-0.21187430823556785
2022-04-27,17038.400390625,56819.390625,-0.0094862965799431,0.0144551408404643,0.1787633832940764,-1,-0.0094104315179961,0.0136344504617348,0.1847872230306541,-1,0.0120555478734457,32.17386973015185,8.248253626927823,0.3447457148581581
2022-04-28,17245.05078125,57521.05859375,0.0120555478734457,-0.0094862965799431,0.1833314010735958,1,0.0122734654564415,-0.0094104315179961,0.189456121413447,1,-0.0082975702003302,26.85371254980338,-5.32015718034847,-0.16535645929350762
2022-04-29,17102.55078125,57060.87109375,-0.0082975702003302,0.0120555478734457,0.1841952486569493,-1,-0.0080325052226111,0.0122734654564415,0.1900083762180789,-1,-0.001957832424116,29.694642982888666,2.840930433085287,0.1057928369426182
2022-05-02,17069.099609375,56975.98828125,-0.001957832424116,-0.0082975702003302,0.18017642078179,0,-0.0014886910888578,-0.0080325052226111,0.1836248970263659,0,-0.0232033101901817,27.778302288926714,-1.9163406939619527,-0.06453489590921269
2022-05-04,16677.599609375,55669.03125,-0.0232033101901817,-0.001957832424116,0.1956907118155601,-1,-0.0232059204652836,-0.0014886910888578,0.1985729412305137,-1,0.0003028023644061,28.979708230114202,1.2014059411874882,0.04324979722271971
2022-05-05,16682.650390625,55702.23046875,0.0003028023644061,-0.0232033101901817,0.1893652276469788,0,0.0005961900623378,-0.0232059204652836,0.191940881653571,0,-0.016402205362178,33.25817633945492,4.278468109340718,0.1476366868626633
2022-05-06,16411.25,54835.578125,-0.016402205362178,0.0003028023644061,0.1731630512124453,-1,-0.0156809713045385,0.0005961900623378,0.1731827391604681,-1,-0.0066885009232451,28.380902718620746,-4.877273620834174,-0.14664885924752746
2022-05-09,16301.849609375,54470.671875,-0.0066885009232451,-0.016402205362178,0.173304811689216,-1,-0.0066767930582652,-0.0156809713045385,0.1730984718992777,-1,-0.0037981728230063,30.02348893238303,1.6425862137622858,0.057876461155852654
2022-05-10,16240.0498046875,54364.8515625,-0.0037981728230063,-0.0066885009232451,0.1727752810219675,-1,-0.0019445920321566,-0.0066767930582652,0.1724781833516038,0,-0.0045021126418402,29.183686944438378,-0.8398019879446537,-0.027971498909936887
2022-05-11,16167.099609375,54088.390625,-0.0045021126418402,-0.0037981728230063,0.1717826506553859,-1,-0.0050982622694225,-0.0019445920321566,0.1714250739691839,-1,-0.0224621478725792,30.13234671998483,0.948659775546453,0.032506508768154196
2022-05-12,15808.0,52930.30859375,-0.0224621478725792,-0.0045021126418402,0.1767955197980001,-1,-0.021643455712584,-0.0050982622694225,0.1765909905458657,-1,-0.0016365617019766,29.83319576192052,-0.2991509580643097,-0.009927901097258496
2022-05-13,15782.150390625,52793.62109375,-0.0016365617019766,-0.0224621478725792,0.177311181922966,0,-0.0025857452813687,-0.021643455712584,0.1766021279579767,-1,0.003803986233609,27.16513374391946,-2.668062018001063,-0.08943265881714935
2022-05-16,15842.2998046875,52973.83984375,0.003803986233609,-0.0016365617019766,0.1797721323539143,1,0.0034078330483523,-0.0025857452813687,0.1790336271668384,1,0.0259814752129634,31.969746874285708,4.804613130366249,0.17686690504300184
2022-05-17,16259.2998046875,54318.46875,0.0259814752129634,0.003803986233609,0.2091134829855165,1,0.0250660895763569,0.0034078330483523,0.2068012987002248,1,-0.0011692453072036,31.923835132229023,-0.0459117420566848,-0.0014360996424908068
2022-05-18,16240.2998046875,54208.53125,-0.0011692453072036,0.0259814752129634,0.2028940032678221,0,-0.0020259942245634,0.0250660895763569,0.197465950420959,-1,-0.0268910708974037,29.176236529462706,-2.747598602766317,-0.08606730962573017
2022-05-19,15809.400390625,52792.23046875,-0.0268910708974037,-0.0011692453072036,0.217247791576226,-1,-0.0264742695240652,-0.0020259942245634,0.211834982821838,-1,0.0284815608605715,32.868548835690774,3.692312306228068,0.12655204184746394
2022-05-20,16266.150390625,54326.390625,0.0284815608605715,-0.0268910708974037,0.2395198762041776,1,0.0286460943946364,-0.0264742695240652,0.234971265167784,1,-0.0031680351601504,38.95350720168638,6.084958365995604,0.1851301192642909
2022-05-23,16214.7001953125,54288.609375,-0.0031680351601504,0.0284815608605715,0.2310939491421112,-1,-0.0006956912309312,0.0286460943946364,0.2263212162436667,0,-0.0055380610571896,36.8098383984381,-2.143668803248275,-0.05503147103415307
2022-05-24,16125.150390625,54052.609375,-0.0055380610571896,-0.0031680351601504,0.2287223794669429,-1,-0.0043566128570009,-0.0006956912309312,0.2238395280673865,-1,-0.0061802778185587,34.17493367787857,-2.6349047205595326,-0.07158153458971273
2022-05-25,16025.7998046875,53749.26171875,-0.0061802778185587,-0.0055380610571896,0.2262966273296457,-1,-0.0056278885298733,-0.0043566128570009,0.2221661800541832,-1,0.0089670627708302,33.93114732432771,-0.24378635355085976,-0.007133484320663408
2022-05-26,16170.150390625,54252.53125,0.0089670627708302,-0.0061802778185587,0.2218144977849437,1,0.0093197188699239,-0.0056278885298733,0.2187075358037636,1,0.0112107710150345,33.5381796760596,-0.3929676482681117,-0.011581325102625217
2022-05-27,16352.4501953125,54884.66015625,0.0112107710150345,0.0089670627708302,0.2256745099637869,1,0.0115842448778393,0.0093197188699239,0.2225877324323859,1,0.018716945110386,38.72094696350037,5.182767287440768,0.15453335087057085
2022-05-30,16661.400390625,55925.73828125,0.018716945110386,0.0112107710150345,0.2319777608813679,1,0.0187908133669981,0.0115842448778393,0.2287831073569303,1,-0.00462310407988,35.961646992599896,-2.7592999709004715,-0.07126116965841456
2022-05-31,16584.55078125,55566.41015625,-0.00462310407988,0.018716945110386,0.2309960866910402,-1,-0.0064458237493485,0.0187908133669981,0.2282636620332644,-1,-0.0037333670564133,35.95969196348616,-0.001955029113737794,-5.4364281873442444e-05
2022-06-01,16522.75,55381.171875,-0.0037333670564133,-0.00462310407988,0.2311257070975222,-1,-0.0033392066772519,-0.0064458237493485,0.2283766183445608,-1,0.0063498022602603,37.173137617815904,1.213445654329746,0.03374460647665978
2022-06-02,16628.0,55818.109375,0.0063498022602603,-0.0037333670564133,0.2185704097316458,1,0.0078586793694256,-0.0033392066772519,0.2159353320869414,1,-0.0026315095876877,34.33461929121761,-2.8385183265982974,-0.07635939574920048
2022-06-03,16584.30078125,55769.23046875,-0.0026315095876877,0.0063498022602603,0.2187314974247607,-1,-0.0008760655007031,0.0078586793694256,0.2159552817903627,0,-0.0008897910968418,33.35506545083466,-0.9795538403829482,-0.028529625800554848
2022-06-06,16569.55078125,55675.3203125,-0.0008897910968418,-0.0026315095876877,0.2107826388324148,0,-0.0016853256228249,-0.0008760655007031,0.2084142650182945,0,-0.0092889550768917,32.68556418507153,-0.669501265763131,-0.020071951792448917
2022-06-07,16416.349609375,55107.33984375,-0.0092889550768917,-0.0008897910968418,0.2120819002848593,-1,-0.0102540495896669,-0.0016853256228249,0.210373949154842,-1,-0.0036676783326505,33.0649875096578,0.3794233245862699,0.011608284392397472
2022-06-08,16356.25,54892.48828125,-0.0036676783326505,-0.0092889550768917,0.2120503492175986,-1,-0.0039064031168318,-0.0102540495896669,0.2107768383961729,-1,0.0074221155706157,33.13059044874018,0.0656029390823818,0.001984060603779758
2022-06-09,16478.099609375,55320.28125,0.0074221155706157,-0.0036676783326505,0.2126422717060705,1,0.0077630771641495,-0.0039064031168318,0.2112117416826684,1,-0.0169098677448552,34.71948625788101,1.5888958091408298,0.04795857205138487
2022-06-10,16201.7998046875,54303.44140625,-0.0169098677448552,0.0074221155706157,0.2057106502619625,-1,-0.0185519882610916,0.0077630771641495,0.207256867220319,-1,-0.0267339375202159,32.67495679781085,-2.0445294600701587,-0.05888708850368052
2022-06-13,15774.400390625,52846.69921875,-0.0267339375202159,-0.0169098677448552,0.2272697115127878,-1,-0.0271923478659209,-0.0185519882610916,0.2293051834289244,-1,-0.0026852114114221,36.19225130570994,3.517294507899088,0.10764496276655344
2022-06-14,15732.099609375,52693.5703125,-0.0026852114114221,-0.0267339375202159,0.2270043077287908,-1,-0.0029018120643825,-0.0271923478659209,0.2291819349031345,-1,-0.0025425739848417,34.538997612661916,-1.653253693048022,-0.04567976938166296
2022-06-15,15692.150390625,52541.390625,-0.0025425739848417,-0.0026852114114221,0.205863645631795,-1,-0.0028921908123165,-0.0029018120643825,0.2099192469133531,-1,-0.021354848179315,32.74363494381168,-1.7953626688502382,-0.05198074040782419
2022-06-16,15360.599609375,51495.7890625,-0.021354848179315,-0.0025425739848417,0.2168042845952269,-1,-0.020101213286333,-0.0028921908123165,0.2195176528934571,-1,-0.004377862497838,29.684027090458475,-3.059607853353203,-0.09344130114458926
2022-06-17,15293.5,51360.421875,-0.004377862497838,-0.021354848179315,0.1983294180175232,-1,-0.0026321651249149,-0.020101213286333,0.2014245961527889,-1,0.0036973698916184,33.665597151157286,3.981570060698811,0.13413173517748977
2022-06-20,15350.150390625,51597.83984375,0.0036973698916184,-0.004377862497838,0.1671239931274664,1,0.0046119346929262,-0.0026321651249149,0.1713497136395451,1,0.0186297219218027,29.405376264542625,-4.260220886614661,-0.1265452345160083
2022-06-21,15638.7998046875,52532.0703125,0.0186297219218027,0.0036973698916184,0.1827786284959311,1,0.0179440380739033,0.0046119346929262,0.1853532598324361,1,-0.0145242329496379,32.27388306931242,2.868506804769794,0.0975504199967907
2022-06-22,15413.2998046875,51822.53125,-0.0145242329496379,0.0186297219218027,0.1877263481132472,-1,-0.0135988252806315,0.0179440380739033,0.1898176655509465,-1,0.0092574646586046,24.980124054937342,-7.293759014375077,-0.22599570676731917
2022-06-23,15556.650390625,52265.71875,0.0092574646586046,-0.0145242329496379,0.1911364812186476,1,0.0085156620117501,-0.0135988252806315,0.1927185446556015,1,0.0091247154617346,35.290397531426215,10.310273476488874,0.41273908223250166
2022-06-24,15699.25,52727.98046875,0.0091247154617346,0.0092574646586046,0.1912451265615821,1,0.0088055704121793,0.0085156620117501,0.1923683694429796,1,0.0084234136068693,30.845333399847863,-4.445064131578352,-0.1259567599832223
2022-06-27,15832.0498046875,53161.28125,0.0084234136068693,0.0091247154617346,0.1891602951408866,1,0.0081840819876476,0.0088055704121793,0.1898300233645546,1,0.0011457767431705,33.13239514756369,2.2870617477158284,0.07414611857387499
2022-06-28,15850.2001953125,53177.44921875,0.0011457767431705,0.0084234136068693,0.1746908611048697,0,0.0003040842937153,0.0081840819876476,0.1751422381991299,0,-0.0032291792019122,27.389274256235908,-5.743120891327784,-0.17333853667232058
2022-06-29,15799.099609375,53026.96875,-0.0032291792019122,0.0011457767431705,0.1745316795185321,-1,-0.0028337911421999,0.0003040842937153,0.1745366980093159,-1,-0.0011937935294284,30.67871576197835,3.2894415057424418,0.12009962275628805
2022-06-30,15780.25,53018.94140625,-0.0011937935294284,-0.0032291792019122,0.1744925072663943,0,-0.0001513937454731,-0.0028337911421999,0.1746301836885503,0,-0.0017886549985601,27.342419600292114,-3.336296161686235,-0.10874953787410724
2022-07-01,15752.0498046875,52907.9296875,-0.0017886549985601,-0.0011937935294284,0.1717298320245549,0,-0.0020960075237864,-0.0001513937454731,0.1708587780554047,-1,0.0052742548822503,27.92544528106388,0.5830256807717653,0.021323119507884902
2022-07-04,15835.349609375,53234.76953125,0.0052742548822503,-0.0017886549985601,0.17386861067791,1,0.0061585182809376,-0.0020960075237864,0.1734452255246361,1,-0.0015483695040555,33.214923775524575,5.289478494460695,0.1894142937103842
2022-07-05,15810.849609375,53134.3515625,-0.0015483695040555,0.0052742548822503,0.1738210135138055,0,-0.0018881043210553,0.0061585182809376,0.1734388483674556,0,0.0112546182245321,29.000736549853855,-4.21418722567072,-0.1268763178308442
2022-07-06,15989.7998046875,53750.96875,0.0112546182245321,-0.0015483695040555,0.1778336093352215,1,0.0115380489361825,-0.0018881043210553,0.1771164463233684,1,0.0089096826671292,30.218226679881596,1.2174901300277412,0.04198135202307052
2022-07-07,16132.900390625,54178.4609375,0.0089096826671292,0.0112546182245321,0.1809915724642525,1,0.0079217396831316,0.0115380489361825,0.1795506693130417,1,0.0054213258871873,31.83929270780276,1.621066027921163,0.0536453063607607
2022-07-08,16220.599609375,54481.83984375,0.0054213258871873,0.0089096826671292,0.1799965369283377,1,0.0055840024806717,0.0079217396831316,0.1784233585926216,1,-0.0002836061400529,30.99101746877898,-0.8482752390237778,-0.02664240210385993
2022-07-11,16216.0,54395.23046875,-0.0002836061400529,0.0054213258871873,0.1701330585004274,0,-0.0015909574535726,0.0055840024806717,0.166338204471511,0,-0.0097725714476848,29.314143660329893,-1.6768738084490877,-0.054108381892863155
2022-07-12,16058.2998046875,53886.609375,-0.0097725714476848,-0.0002836061400529,0.1447511320416452,-1,-0.0093944623625491,-0.0015909574535726,0.1386995110879523,-1,-0.0057236413300785,27.20503520909697,-2.109108451232924,-0.07194849270276071
2022-07-13,15966.650390625,53514.1484375,-0.0057236413300785,-0.0097725714476848,0.1460627081441034,-1,-0.006935936733718,-0.0093944623625491,0.1407912524822951,-1,-0.0017551946856914,31.41310198488689,4.20806677578992,0.15467970335075343
2022-07-14,15938.650390625,53416.1484375,-0.0017551946856914,-0.0057236413300785,0.1458674800499429,0,-0.0018329702675896,-0.006935936733718,0.1404948378624901,0,0.0069120145803651,26.47151041092712,-4.941591573959769,-0.15730988860435402
2022-07-15,16049.2001953125,53760.78125,0.0069120145803651,-0.0017551946856914,0.1229846458691626,1,0.0064311228418194,-0.0018329702675896,0.1192505346485468,1,0.0141862024707188,24.700662680346195,-1.7708477305809254,-0.0668963615257081
2022-07-18,16278.5,54521.1484375,0.0141862024707188,0.0069120145803651,0.127419686031791,1,0.0140444428347236,0.0064311228418194,0.1248616634270254,1,0.0038045179061477,26.843277395194324,2.142614714848129,0.08674320776636346
2022-07-19,16340.5498046875,54767.62109375,0.0038045179061477,0.0141862024707188,0.1274279092903562,1,0.004510492252249,0.0140444428347236,0.1248440572546114,1,0.0109734592658458,26.953842794951587,0.1105653997572631,0.004118923264454288
2022-07-20,16520.849609375,55397.53125,0.0109734592658458,0.0038045179061477,0.1179888084495156,1,0.011435867109607,0.004510492252249,0.1166919079828442,1,0.0050957145121648,26.17294145607232,-0.7809013388792678,-0.028971799858739655
2022-07-21,16605.25,55681.94921875,0.0050957145121648,0.0109734592658458,0.1003381450685426,1,0.0051209924481267,0.011435867109607,0.10106433842092,1,0.0068537552301666,23.31127495091263,-2.8616665051596897,-0.10933683208525125
2022-07-22,16719.44921875,56072.23046875,0.0068537552301666,0.0050957145121648,0.0989503804850253,1,0.0069846664843207,0.0051209924481267,0.100227500717586,1,-0.0053042419636502,19.609028223041562,-3.702246727871067,-0.15881785683824745
2022-07-25,16631.0,55766.21875,-0.0053042419636502,0.0068537552301666,0.1010930474216806,-1,-0.0054724021044592,0.0069846664843207,0.1026064340876758,-1,-0.0088873336833467,25.37616780677025,5.767139583728689,0.29410634316656337
2022-07-26,16483.849609375,55268.48828125,-0.0088873336833467,-0.0053042419636502,0.1064841141829812,-1,-0.0089653733671535,-0.0054724021044592,0.1080432263591527,-1,0.0095365595600848,20.355720632260745,-5.020447174509506,-0.19784102992769748
2022-07-27,16641.80078125,55816.3203125,0.0095365595600848,-0.0088873336833467,0.1096347234991561,1,0.0098633913955642,-0.0089653733671535,0.1113428997949931,1,0.0171458965295262,23.568743280393676,3.213022648132931,0.15784371903005856
2022-07-28,16929.599609375,56857.7890625,0.0171458965295262,0.0095365595600848,0.1189616788900814,1,0.0184869162430518,0.0098633913955642,0.1228431729464324,1,0.0134155614131158,22.387616188969425,-1.1811270914242513,-0.05011413113429786
2022-07-29,17158.25,57570.25,0.0134155614131158,0.0171458965295262,0.1227272776341154,1,0.0124527196324138,0.0184869162430518,0.1260702957979727,1,0.0105397924018547,24.144451070225557,1.7568348812561325,0.07847351260746294
2022-08-01,17340.05078125,58115.5,0.0105397924018547,0.0134155614131158,0.1228479300759512,1,0.0094264684715859,0.0124527196324138,0.1254574627605478,1,0.0003112792114048,24.942317828202082,0.7978667579765251,0.0330455538482064
2022-08-02,17345.44921875,58136.359375,0.0003112792114048,0.0105397924018547,0.1236914520711749,0,0.0003588652316789,0.0094264684715859,0.1260812892761038,0,0.0024587830727669,25.011859638018038,0.0695418098159557,0.0027881053515133036
2022-08-03,17388.150390625,58350.53125,0.0024587830727669,0.0003112792114048,0.1220570195814997,1,0.003677188311607,0.0003588652316789,0.1241577116644857,1,-0.0003537741781412,25.04954346662054,0.03768382860250341,0.001506638416650219
2022-08-04,17382.0,58298.80078125,-0.0003537741781412,0.0024587830727669,0.1206121444499732,0,-0.0008869398776727,0.003677188311607,0.1226836147173568,0,0.0008913297215996,27.288636983114614,2.239093516494073,0.0893865997788641
2022-08-05,17397.5,58387.9296875,0.0008913297215996,-0.0003537741781412,0.1196736865433678,0,0.001527661683992,-0.0008869398776727,0.1220189955722192,0,0.0073075990121405,24.87443725736474,-2.4141997257498744,-0.08846904765685837
2022-08-08,17525.099609375,58853.0703125,0.0073075990121405,0.0008913297215996,0.1202138358227787,1,0.0079348191415591,0.001527661683992,0.1227789433675589,1,0.000550509541612,23.533070311696573,-1.3413669456681667,-0.053925519270632716
2022-08-10,17534.75,58817.2890625,0.000550509541612,0.0073075990121405,0.1199013313920236,0,-0.0006081608196471,0.0079348191415591,0.1222940658688883,0,0.0070609421403666,25.918307475779073,2.3852371640825005,0.10135681967928223
2022-08-11,17659.0,59332.6015625,0.0070609421403666,0.000550509541612,0.1097806345792373,1,0.0087230849707186,-0.0006081608196471,0.1136061670673494,1,0.0022145679837284,25.35700443577301,-0.561303040006063,-0.02165662401106272
2022-08-12,17698.150390625,59462.78125,0.0022145679837284,0.0070609421403666,0.1037200667889773,1,0.0021916632873533,0.0087230849707186,0.1060952989908875,1,0.007155855032733,19.916791048623743,-5.440213387149267,-0.2145447977078221
2022-08-16,17825.25,59842.2109375,0.007155855032733,0.0022145679837284,0.1010724203202963,1,0.0063606888496581,0.0021916632873533,0.1031842748296182,1,0.0066537379070216,23.302042171729347,3.385251123105604,0.16996970620623775
2022-08-17,17944.25,60260.12890625,0.0066537379070216,0.007155855032733,0.1010253387343453,1,0.006959392399,0.0063606888496581,0.1032663763349693,1,0.000682437022927,23.50487935805633,0.2028371863269811,0.008704695701438059
2022-08-18,17956.5,60298.0,0.000682437022927,0.0066537379070216,0.0968268811419501,0,0.0006282628195919,0.006959392399,0.0995639811324705,0,-0.0110907513899549,21.087561107475025,-2.417318250581303,-0.10284325283093887
2022-08-19,17758.44921875,59646.1484375,-0.0110907513899549,0.000682437022927,0.1111908356557351,-1,-0.0108693585909486,0.0006282628195919,0.1134108156568354,-1,-0.0151921485542088,25.87049719219675,4.782936084721726,0.22681314640156702
2022-08-22,17490.69921875,58773.87109375,-0.0151921485542088,-0.0110907513899549,0.1263178730783936,-1,-0.014732190106845,-0.0108693585909486,0.1273480490699254,-1,0.004950408657946,24.331676133774305,-1.538821058422446,-0.05948169635048983
2022-08-23,17577.5,59031.30078125,0.004950408657946,-0.0151921485542088,0.1262843868495707,1,0.0043704379554896,-0.014732190106845,0.127203430611915,1,0.0015603930328352,24.879591591900155,0.5479154581258499,0.022518607230896936
2022-08-24,17604.94921875,59085.4296875,0.0015603930328352,0.004950408657946,0.1254239892817264,0,0.0009165324814588,0.0043704379554896,0.1264114174030924,0,-0.0046971967955087,24.1962552796049,-0.6833363122952534,-0.02746573671722652
2022-08-25,17522.44921875,58774.71875,-0.0046971967955087,0.0015603930328352,0.1249674504018749,-1,-0.005272548209491,0.0009165324814588,0.1262545511561329,-1,0.0020780947938819,24.527903135350424,0.3316478557455227,0.013706577811859466
2022-08-26,17558.900390625,58833.87109375,0.0020780947938819,-0.0046971967955087,0.1179697433247103,1,0.0010059188502552,-0.005272548209491,0.1193810341831421,0,-0.0141090551859436,21.60442415868063,-2.923478976669795,-0.11918992669440143
2022-08-29,17312.900390625,57972.62109375,-0.0141090551859436,0.0020780947938819,0.1293692738500421,-1,-0.0147468790792176,0.0010059188502552,0.131335287187655,-1,0.0254574554274316,22.056825619815623,0.45240146113499335,0.020940223067839492
2022-08-30,17759.30078125,59537.0703125,0.0254574554274316,-0.0141090551859436,0.1440913376623742,1,0.0266283000229324,-0.0147468790792176,0.1465157244521337,1,-0.0122657125065035,29.598143892687364,7.541318272871742,0.3419040619379381
2022-09-01,17542.80078125,58766.58984375,-0.0122657125065035,0.0254574554274316,0.1465230837208599,-1,-0.0130256555292672,0.0266283000229324,0.1505626369377878,-1,-0.0001910688459375,24.958385675449335,-4.639758217238029,-0.15675841816501024
2022-09-02,17539.44921875,58803.328125,-0.0001910688459375,-0.0122657125065035,0.1424292730102033,0,0.0006249605865254,-0.0130256555292672,0.1473945889798579,0,0.0071780262893559,24.260142602107717,-0.6982430733416187,-0.027976291512654017
2022-09-05,17665.80078125,59245.98046875,0.0071780262893559,-0.0001910688459375,0.144262171453203,1,0.0074994834559928,0.0006249605865254,0.1493344611976791,1,-0.0005776199157346,22.119436918112868,-2.140705683994849,-0.088239616687532
2022-09-06,17655.599609375,59196.98828125,-0.0005776199157346,0.0071780262893559,0.1442246595975939,0,-0.000827270555798,0.0074994834559928,0.1490941108902171,0,-0.0017686636555011,25.144542464380386,3.0251055462675183,0.13676232163895463
2022-09-07,17624.400390625,59028.91015625,-0.0017686636555011,-0.0005776199157346,0.1444413568695086,0,-0.0028433404263899,-0.000827270555798,0.1495076018070473,-1,0.0098439023835124,23.797956100135863,-1.3465863642445228,-0.0535538225104748
2022-09-08,17798.75,59688.21875,0.0098439023835124,-0.0017686636555011,0.1479100876791992,1,0.0111073335113334,-0.0028433404263899,0.1538813881960863,1,0.001942047795601,30.075039088192657,6.277082988056794,0.2637656343950041
2022-09-09,17833.349609375,59793.140625,0.001942047795601,0.0098439023835124,0.14622449159993,0,0.0017562890566123,0.0111073335113334,0.1518730767447589,0,0.0057590802792838,28.64208333867827,-1.432955749514388,-0.04764601453425743
2022-09-12,17936.349609375,60115.12890625,0.0057590802792838,0.001942047795601,0.1472087944025995,1,0.0053705896422369,0.0017562890566123,0.1526075186774101,1,0.0074265566640349,25.344578749904503,-3.2975045887737657,-0.11512795873758297
2022-09-13,18070.05078125,60571.078125,0.0074265566640349,0.0057590802792838,0.1474013366198498,1,0.0075559817356252,0.0053705896422369,0.151919100374774,1,-0.0036758453208641,31.2450052726736,5.900426522769095,0.23280823015420316
2022-09-14,18003.75,60346.96875,-0.0036758453208641,0.0074265566640349,0.1482478979376172,-1,-0.003706802043271,0.0075559817356252,0.1527002581117321,-1,-0.0070427023794097,28.78832076774491,-2.4566845049286883,-0.07862647112680332
2022-09-15,17877.400390625,59934.01171875,-0.0070427023794097,-0.0036758453208641,0.1487545986894649,-1,-0.0068665661388376,-0.003706802043271,0.1533981324905605,-1,-0.0195752033704768,26.225797101929246,-2.5625236658156645,-0.08901261336113686
2022-09-16,17530.849609375,58840.7890625,-0.0195752033704768,-0.0070427023794097,0.16148514435308,-1,-0.0184088463546956,-0.0068665661388376,0.1638634288274819,-1,0.0052001443746094,23.149703005560855,-3.07609409636839,-0.11729268263659764
2022-09-19,17622.25,59141.23046875,0.0052001443746094,-0.0195752033704768,0.1628693249042557,1,0.0050930142892515,-0.0184088463546956,0.1651932840760838,1,0.0109486540312579,32.86881763560705,9.719114630046196,0.41983755159673275
2022-09-20,17816.25,59719.73828125,0.0109486540312579,0.0052001443746094,0.1633782622731924,1,0.0097342699906929,0.0050930142892515,0.1649798953303307,1,-0.0055101585161579,25.55868129379205,-7.310136341815003,-0.2224033861776602
2022-09-21,17718.349609375,59456.78125,-0.0055101585161579,0.0109486540312579,0.1551545018234405,-1,-0.0044129071567802,0.0097342699906929,0.157002873905047,-1,-0.0050101073108318,24.224652688430268,-1.3340286053617803,-0.05219473532407182
2022-09-22,17629.80078125,59119.71875,-0.0050101073108318,-0.0055101585161579,0.1554845663694817,-1,-0.0056851637188092,-0.0044129071567802,0.1577821542603616,-1,-0.0173045408909074,29.59359750096745,5.368944812537183,0.22163144634479726
2022-09-23,17327.349609375,58098.921875,-0.0173045408909074,-0.0050101073108318,0.1666479276126821,-1,-0.0174174120379245,-0.0056851637188092,0.1689327875656229,-1,-0.0181144013493809,33.54429757394676,3.9507000729793056,0.133498472865631
2022-09-26,17016.30078125,57145.21875,-0.0181144013493809,-0.0173045408909074,0.1768164923510005,-1,-0.0165513819936783,-0.0174174120379245,0.1770184873663107,-1,-0.0005231876910193,32.45019487212109,-1.094102701825669,-0.03261665263414071
2022-09-27,17007.400390625,57107.51953125,-0.0005231876910193,-0.0181144013493809,0.176401678810285,0,-0.0006599267673633,-0.0165513819936783,0.1768344229044241,0,-0.0087876772469355,30.76798612113322,-1.6822087509878685,-0.05183971182968472
2022-09-28,16858.599609375,56598.28125,-0.0087876772469355,-0.0005231876910193,0.1725373358859085,-1,-0.0089571804160332,-0.0006599267673633,0.1724180932464518,-1,-0.0024052250050792,30.443242271921424,-0.3247438492117958,-0.0105546020442574
2022-09-29,16818.099609375,56409.9609375,-0.0024052250050792,-0.0087876772469355,0.1425528569210951,-1,-0.0033328628633821,-0.0089571804160332,0.1397587860094445,-1,0.0162923125267817,27.962116809670125,-2.481125462251299,-0.0815000399789777
2022-09-30,17094.349609375,57426.921875,0.0162923125267817,-0.0024052250050792,0.1521413314815741,1,0.0178674603046198,-0.0033328628633821,0.1511447052485996,1,-0.012183178897324,28.73199032773094,0.769873518060816,0.027532733780533114
2022-10-03,16887.349609375,56788.80859375,-0.012183178897324,0.0162923125267817,0.1567092908665061,-1,-0.011173941067912,0.0178674603046198,0.1549289087428852,-1,0.0226550952685504,28.23331193458936,-0.49867839314158147,-0.01735620774799851
2022-10-04,17274.30078125,58065.46875,0.0226550952685504,-0.012183178897324,0.175885011445974,1,0.0222318710009144,-0.011173941067912,0.1732281324861031,1,0.0033231164632058,29.79690335250115,1.5635914179117911,0.05538108393143193
2022-10-06,17331.80078125,58222.1015625,0.0033231164632058,0.0226550952685504,0.1765396526095332,1,0.0026938890683373,0.0222318710009144,0.1736905462607363,1,-0.0009900230150986,29.528779005154277,-0.2681243473468733,-0.008998396382836393
2022-10-07,17314.650390625,58191.2890625,-0.0009900230150986,0.0033231164632058,0.1765109492402262,0,-0.000529363513151,0.0026938890683373,0.1735308857315531,0,-0.0042627183291925,28.143165746289267,-1.3856132588650105,-0.04692416366498431
2022-10-10,17241.0,57991.109375,-0.0042627183291925,-0.0009900230150986,0.1724660640237274,-1,-0.0034459589108242,-0.000529363513151,0.1683194073988167,-1,-0.0150449936685785,28.68525624863919,0.5420905023499252,0.019261887850033466
2022-10-11,16983.55078125,57147.3203125,-0.0150449936685785,-0.0042627183291925,0.1781205202866208,-1,-0.0146572116875454,-0.0034459589108242,0.173981856625816,-1,0.008212331644389,26.42613840027131,-2.2591178483678824,-0.07875536578046272
2022-10-12,17123.599609375,57625.91015625,0.008212331644389,-0.0150449936685785,0.1797189877140906,1,0.0083397951892825,-0.0146572116875454,0.1758936822880751,1,-0.0064005234917517,29.775219517819558,3.3490811175482484,0.126733655399075
2022-10-13,17014.349609375,57235.328125,-0.0064005234917517,0.008212331644389,0.176737154549664,-1,-0.0068009633634922,0.0083397951892825,0.1730599901580162,-1,0.0100205145326987,27.696533240664564,-2.0786862771549934,-0.06981262643289543
2022-10-14,17185.69921875,57919.96875,0.0100205145326987,-0.0064005234917517,0.182230072359002,1,0.0118908762428869,-0.0068009633634922,0.1802011894724112,1,0.0073107978348221,28.015828601468655,0.31929536080409093,0.011528351148846872
2022-10-17,17311.80078125,58410.98046875,0.0073107978348221,0.0100205145326987,0.184210856220945,1,0.0084416853454608,0.0118908762428869,0.1827285842120163,1,0.0100664487390829,30.780873924401455,2.7650453229327994,0.09869582521602971
2022-10-18,17486.94921875,58960.6015625,0.0100664487390829,0.0073107978348221,0.1760642664557422,1,0.0093655568353397,0.0084416853454608,0.1749857781947432,1,0.0014457922593648,32.390431218263416,1.6095572938619611,0.05229082506932947
2022-10-19,17512.25,59107.19140625,0.0014457922593648,0.0100664487390829,0.1751127860702485,0,0.0024831482894212,0.0093655568353397,0.1742789988881991,1,0.0029478254394111,31.347911819029477,-1.0425193992339388,-0.032186030257173925
2022-10-20,17563.94921875,59202.8984375,0.0029478254394111,0.0014457922593648,0.1707777836798626,1,0.0016179017741147,0.0024831482894212,0.1707837608152281,0,0.0007029866326317,25.936777160739904,-5.411134658289573,-0.1726154740235294
2022-10-21,17576.30078125,59307.1484375,0.0007029866326317,0.0029478254394111,0.1699173181446822,0,0.0017593449608594,0.0016179017741147,0.1703004583961413,0,0.008748972260095,27.012475541327547,1.0756983805876423,0.041473864463620114
2022-10-24,17730.75,59831.66015625,0.008748972260095,0.0007029866326317,0.1718702877163442,1,0.0088051091616108,0.0017593449608594,0.1717256903559267,1,-0.0042049504521588,31.068571147610854,4.056095606283307,0.1501563823751626
2022-10-25,17656.349609375,59543.9609375,-0.0042049504521588,0.008748972260095,0.1606126910944078,-1,-0.0048200758769105,0.0088051091616108,0.1602618641049201,-1,0.0045545202832827,26.09629432236416,-4.972276825246695,-0.160042018077457
2022-10-27,17736.94921875,59756.83984375,0.0045545202832827,-0.0042049504521588,0.1452699452117537,1,0.0035687796023951,-0.0048200758769105,0.1468214274861329,1,0.0028066628790527,26.077728221181324,-0.018566101182834416,-0.000711445883982198
2022-10-28,17786.80078125,59959.8515625,0.0028066628790527,0.0045545202832827,0.1450061046915313,1,0.0033915389902794,0.0035687796023951,0.1465225771235993,1,0.0125926096268805,27.600714667202233,1.5229864460209086,0.058401806825484126
2022-10-31,18012.19921875,60746.58984375,0.0125926096268805,0.0028066628790527,0.1436241817335935,1,0.0130357487632186,0.0033915389902794,0.1449915909318966,1,0.0073678438770083,24.425729263632082,-3.174985403570151,-0.11503272440053758
2022-11-01,18145.400390625,61121.3515625,0.0073678438770083,0.0125926096268805,0.1428476874697607,1,0.0061503114887569,0.0130357487632186,0.1431793769179822,1,-0.0034531529072475,26.495519759267992,2.0697904956359103,0.08473812483943566
2022-11-02,18082.849609375,60906.08984375,-0.0034531529072475,0.0073678438770083,0.1370296074423495,-1,-0.0035280907238091,0.0061503114887569,0.1357185111770862,-1,-0.001668738878993,23.03490975439854,-3.4606100048694515,-0.13061113864954277
2022-11-03,18052.69921875,60836.41015625,-0.001668738878993,-0.0034531529072475,0.1271469890579728,0,-0.0011447061643836,-0.0035280907238091,0.1268643873015742,0,0.0035638102334325,23.511963617894853,0.4770538634963124,0.020710038310665313
2022-11-04,18117.150390625,60950.359375,0.0035638102334325,-0.001668738878993,0.1056857184472498,1,0.0018712911499369,-0.0011447061643836,0.1065105964809395,0,0.0047164462855731,23.208135713010055,-0.30382790488479827,-0.012922268417154048
2022-11-07,18202.80078125,61185.1484375,0.0047164462855731,0.0035638102334325,0.1059707320110003,1,0.0038447353423408,0.0018712911499369,0.1066375326286606,1,-0.0025193100341803,19.41108573403669,-3.797049978973366,-0.1636085735591769
2022-11-09,18157.0,61033.55078125,-0.0025193100341803,0.0047164462855731,0.1067051819579625,-1,-0.0024807616995701,0.0038447353423408,0.1075152547526484,-1,-0.0071190060025469,23.55146767171705,4.14038193768036,0.21329986351151597
2022-11-10,18028.19921875,60613.69921875,-0.0071190060025469,-0.0025193100341803,0.1093322438369456,-1,-0.0069027985361154,-0.0024807616995701,0.1104578310654665,-1,0.0176760277314828,22.893948785841197,-0.6575188858758523,-0.02791838262655144
2022-11-11,18349.69921875,61795.0390625,0.0176760277314828,-0.0071190060025469,0.103163975473988,1,0.0193021599289622,-0.0069027985361154,0.1081389382366263,1,-0.0011204729970374,23.421377456233095,0.5274286703918989,0.023037907323270046
2022-11-14,18329.150390625,61624.1484375,-0.0011204729970374,0.0176760277314828,0.1030682358745791,0,-0.0027692733629697,0.0193021599289622,0.1090073526623537,-1,0.0040427413587009,22.754651855587234,-0.6667256006458615,-0.028466540957796105
2022-11-15,18403.400390625,61872.98828125,0.0040427413587009,-0.0011204729970374,0.0969265947107281,1,0.0040298939250842,-0.0027692733629697,0.102772532842723,1,0.0003395534967851,24.420940331020496,1.6662884754332623,0.07322847591817228
2022-11-16,18409.650390625,61980.71875,0.0003395534967851,0.0040427413587009,0.0947971791020936,0,0.001739641041055,0.0040298939250842,0.0985192071856078,0,-0.0035778894143715,21.730166915505176,-2.69077341551532,-0.1101830387791164
2022-11-17,18343.900390625,61750.6015625,-0.0035778894143715,0.0003395534967851,0.0964476938823474,-1,-0.0037196314116313,0.001739641041055,0.0994112703761753,-1,-0.0019780888419361,20.785958305984234,-0.9442086095209419,-0.04345151204739339
2022-11-18,18307.650390625,61663.48046875,-0.0019780888419361,-0.0035778894143715,0.0939393242749565,0,-0.0014118503624186,-0.0037196314116313,0.0972208789244403,0,-0.0081004497747084,21.63852743356022,0.8525691275759861,0.04101658990293133
2022-11-21,18159.94921875,61144.83984375,-0.0081004497747084,-0.0019780888419361,0.1004776330803075,-1,-0.0084463936492701,-0.0014118503624186,0.10387157622779,-1,0.0046286016308605,23.134359366103524,1.4958319325433038,0.06912817598776844
2022-11-22,18244.19921875,61418.9609375,0.0046286016308605,-0.0081004497747084,0.1009022341366402,1,0.0044731241863088,-0.0084463936492701,0.1043427835743236,1,0.0012626606067816,22.18794355431543,-0.9464158117880928,-0.04090953187036517
2022-11-23,18267.25,61510.578125,0.0012626606067816,0.0046286016308605,0.1008435132938019,0,0.0014905645162503,0.0044731241863088,0.1043466314232693,0,0.0118010428622143,22.165534711787956,-0.02240884252747577,-0.0010099558110294726
2022-11-24,18484.099609375,62272.6796875,0.0118010428622143,0.0012626606067816,0.1039849931344473,1,0.012313639266888,0.0014905645162503,0.1079854328993014,1,0.0015488019469054,20.994515937831217,-1.1710187739567388,-0.052830612443289016
2022-11-25,18512.75,62293.640625,0.0015488019469054,0.0118010428622143,0.1015536917249314,0,0.0003365426167401,0.012313639266888,0.1053857032013105,0,0.0026972005940332,20.829567337391243,-0.16494860043997406,-0.007856747015669185
2022-11-28,18562.75,62504.80078125,0.0026972005940332,0.0015488019469054,0.1012271736231499,1,0.0033840223544595,0.0003365426167401,0.1053562962694331,1,0.0029746977400658,19.317506818715604,-1.5120605186756393,-0.07259202719786373
2022-11-29,18618.05078125,62681.83984375,0.0029746977400658,0.0026972005940332,0.1012422252241148,1,0.0028284037280686,0.0033840223544595,0.1052901103456786,1,0.0075073835684748,25.62337600878536,6.305869190069757,0.32643286989604525
2022-11-30,18758.349609375,63099.6484375,0.0075073835684748,0.0029746977400658,0.0960484739399421,1,0.0066434279976804,0.0028284037280686,0.0990808868878843,1,0.0028825767148602,19.11712092321164,-6.50625508557372,-0.2539187296530696
2022-12-01,18812.5,63284.19140625,0.0028825767148602,0.0075073835684748,0.0940872443247763,1,0.0029203591239881,0.0066434279976804,0.0979229911190139,1,-0.0062066174425393,20.022914036885815,0.905793113674175,0.04738125146105965
2022-12-02,18696.099609375,62868.5,-0.0062066174425393,0.0028825767148602,0.0964483699555298,-1,-0.0065903137879823,0.0029203591239881,0.1005061116757172,-1,0.000264788725997,20.208022464414583,0.18510842752876755,0.009244829558163525
2022-12-05,18701.05078125,62834.6015625,0.000264788725997,-0.0062066174425393,0.0958564513151941,0,-0.0005393413193526,-0.0065903137879823,0.1003263500645965,0,-0.0031223832280691,23.375493885408293,3.16747142099371,0.1567432650360263
2022-12-06,18642.75,62626.359375,-0.0031223832280691,0.000264788725997,0.0969925278387941,-1,-0.0033196362785581,-0.0005393413193526,0.1017115926345338,-1,-0.0044216639141222,21.109353427295353,-2.2661404581129396,-0.09694513704061392
2022-12-07,18560.5,62410.6796875,-0.0044216639141222,-0.0031223832280691,0.0981687704152712,-1,-0.0034498561870391,-0.0033196362785581,0.1025401363647036,-1,0.0026284549446723,24.312361186874586,3.203007759579233,0.1517340533716962
2022-12-08,18609.349609375,62570.6796875,0.0026284549446723,-0.0044216639141222,0.097509360163399,1,0.0025603832156667,-0.0034498561870391,0.1019034759072691,1,-0.0060772113035933,20.403954767852163,-3.9084064190224233,-0.16075799421458248
2022-12-09,18496.599609375,62181.671875,-0.0060772113035933,0.0026284549446723,0.0964543350309802,-1,-0.0062365008509133,0.0025603832156667,0.1012613231297876,-1,2.977698935843848e-05,22.203421827545625,1.7994670596934625,0.08819207257451134
2022-12-12,18497.150390625,62130.5703125,2.977698935843848e-05,-0.0060772113035933,0.0756504697865053,0,-0.0008221485588095,-0.0062365008509133,0.0770824849445646,0,0.0059749084955102,17.894352872131016,-4.3090689554146095,-0.19407229159916095
2022-12-13,18608.0,62533.30078125,0.0059749084955102,2.977698935843848e-05,0.0778372450768944,1,0.0064610839730001,-0.0008221485588095,0.0791200171590912,1,0.0028067185510282,24.07402276323622,6.179669891105203,0.34534190396622444
2022-12-14,18660.30078125,62677.91015625,0.0028067185510282,0.0059749084955102,0.0772880484493194,1,0.0023098481072576,0.0064610839730001,0.0784285175823727,1,-0.013238173588299,17.353608006872914,-6.720414756363304,-0.2791562848659488
2022-12-15,18414.900390625,61799.03125,-0.013238173588299,0.0028067185510282,0.0910790245866067,-1,-0.014121386680994,0.0023098481072576,0.0933840427773363,-1,-0.007954506384605,21.727543879114727,4.3739358722418125,0.2520476358869874
2022-12-16,18269.0,61337.80859375,-0.007954506384605,-0.013238173588299,0.0944529070381945,-1,-0.0074912562930213,-0.014121386680994,0.0960808348051125,-1,0.0082557837296452,22.71284446568365,0.9853005865689219,0.04534799662818889
2022-12-19,18420.44921875,61806.19140625,0.0082557837296452,-0.007954506384605,0.0985811697375187,1,0.0076071115312409,-0.0074912562930213,0.0997964723637733,1,-0.0019099433205291,22.685715168654866,-0.027129297028782418,-0.0011944473564186042
2022-12-20,18385.30078125,61702.2890625,-0.0019099433205291,0.0082557837296452,0.0941743580243466,0,-0.0016825139110558,0.0076071115312409,0.0951308981847879,0,-0.0101793539169421,21.046860484679243,-1.638854683975623,-0.07224170240134409
2022-12-21,18199.099609375,61067.23828125,-0.0101793539169421,-0.0019099433205291,0.0999602675014216,-1,-0.010345506072673,-0.0016825139110558,0.100876051450025,-1,-0.0039502948868902,21.736385350675306,0.6895248659960629,0.0327614119216495
2022-12-22,18127.349609375,60826.21875,-0.0039502948868902,-0.0101793539169421,0.1006816757061943,-1,-0.0039545985687125,-0.010345506072673,0.1014382401109349,-1,-0.0178413752680846,22.15579051457765,0.4194051639023435,0.019295074003153667
2022-12-23,17806.80078125,59845.2890625,-0.0178413752680846,-0.0039502948868902,0.107666880855205,-1,-0.016258208960234,-0.0039545985687125,0.1040978860487311,-1,0.0116020678589944,22.47268408226352,0.3168935676858702,0.014302968223018908
2022-12-26,18014.599609375,60566.421875,0.0116020678589944,-0.0178413752680846,0.1168233857174076,1,0.0119779285362668,-0.016258208960234,0.1145285832871055,1,0.0065124028114138,25.610096805330578,3.137412723067058,0.1396100577742403
2022-12-27,18132.30078125,60927.4296875,0.0065124028114138,0.0116020678589944,0.1191913225169439,1,0.0059428336552144,0.0119779285362668,0.1161891379924736,1,-0.0005406611691443,28.340178254877095,2.7300814495465175,0.10660176219944106
2022-12-28,18122.5,60910.28125,-0.0005406611691443,0.0065124028114138,0.1182893570700361,0,-0.0002814963853356,0.0059428336552144,0.1153209718902764,0,0.0037727060871833,22.713952136987942,-5.6262261178891535,-0.19852472582528413
2022-12-29,18191.0,61133.87890625,0.0037727060871833,-0.0005406611691443,0.115465557332069,1,0.0036642131199185,-0.0002814963853356,0.113155537360284,1,-0.0047222100411233,20.806949774048743,-1.907002362939199,-0.08395731185123834
2022-12-30,18105.30078125,60840.73828125,-0.0047222100411233,0.0037727060871833,0.1148633956219968,-1,-0.0048065933082854,0.0036642131199185,0.1125101540342006,-1,0.0050766752055361,23.309775465497168,2.5028256914484253,0.12028796717575818
2023-01-02,18197.44921875,61167.7890625,0.0050766752055361,-0.0047222100411233,0.1160834878215765,1,0.0053611263360381,-0.0048065933082854,0.1138088344189496,1,0.0019270696328715,28.767767457466284,5.457991991969116,0.2341503460660943
2023-01-03,18232.55078125,61294.19921875,0.0019270696328715,0.0050766752055361,0.1165055829249119,0,0.0020644806265466,0.0053611263360381,0.1143857951503197,1,-0.0104535176122929,22.043209156551725,-6.724558300914559,-0.2337532208871249
2023-01-04,18042.94921875,60657.44921875,-0.0104535176122929,0.0019270696328715,0.1207151229275376,-1,-0.0104427581697679,0.0020644806265466,0.1186452658694144,-1,-0.002819410093268,27.349745903641896,5.3065367470901705,0.2407334027184036
2023-01-05,17992.150390625,60353.26953125,-0.002819410093268,-0.0104535176122929,0.1203631664617268,-1,-0.0050273286746129,-0.0104427581697679,0.119093372195537,-1,-0.0074028372147649,27.391718274325562,0.04197237068366633,0.0015346530396129765
2023-01-06,17859.44921875,59900.37109375,-0.0074028372147649,-0.002819410093268,0.1210619734527318,-1,-0.0075324219125505,-0.0050273286746129,0.1197848687828929,-1,0.0134454550995231,22.99902086185719,-4.392697412468372,-0.160365894847337
2023-01-09,18101.19921875,60747.30859375,0.0134454550995231,-0.0074028372147649,0.131161715987259,1,0.0140400779322971,-0.0075324219125505,0.130983359829924,1,-0.0103872660939372,26.25413775709645,3.2551168952392615,0.1415328467586079
2023-01-10,17914.150390625,60115.48046875,-0.0103872660939372,0.0134454550995231,0.1350097688656555,-1,-0.0104553913672259,0.0140400779322971,0.1349075118074066,-1,-0.0010305082936186,28.757770132822625,2.5036323757261734,0.09536143974293898
2023-01-11,17895.69921875,60105.5,-0.0010305082936186,-0.0103872660939372,0.1322593438507139,0,-0.0001660353913935,-0.0104553913672259,0.1318553634313944,0,-0.0020976741216788,24.467678903096413,-4.290091229726212,-0.14918024623994486
2023-01-12,17858.19921875,59958.03125,-0.0020976741216788,-0.0010305082936186,0.1311662207845104,-1,-0.0024565131913494,-0.0001660353913935,0.130975298230956,-1,0.0054949708747303,24.709461358246315,0.24178245514990238,0.009881707868877765
2023-01-13,17956.599609375,60261.1796875,0.0054949708747303,-0.0020976741216788,0.1270983619244352,1,0.005043271831078,-0.0024565131913494,0.1255479740031705,1,-0.0034447734977776,23.54647436454623,-1.162986993700084,-0.047066464818423026
2023-01-16,17894.849609375,60092.96875,-0.0034447734977776,0.0054949708747303,0.1250217634407761,-1,-0.0027952679522966,0.005043271831078,0.1236220801133295,-1,0.0088155967034695,22.472662882691875,-1.0738114818543565,-0.045603917819271755
2023-01-17,18053.30078125,60655.71875,0.0088155967034695,-0.0034447734977776,0.1255570371466816,1,0.0093210797744308,-0.0027952679522966,0.1252533763998795,1,0.0061873749786786,23.257148624536143,0.7844857418442679,0.03490844613917421
2023-01-18,18165.349609375,61045.73828125,0.0061873749786786,0.0088155967034695,0.1278955300207884,1,0.0064094691382022,0.0093210797744308,0.127724430370139,1,-0.0031703874707042,22.34167246855433,-0.9154761559818141,-0.039363215618616
2023-01-19,18107.849609375,60858.4296875,-0.0031703874707042,0.0061873749786786,0.1234911496996063,-1,-0.0030730490068901,0.0064094691382022,0.1230673505480564,-1,-0.0044388122721841,24.417281906479083,2.0756094379247543,0.09290304657568282
2023-01-20,18027.650390625,60621.76953125,-0.0044388122721841,-0.0031703874707042,0.1236875571753118,-1,-0.0038962803348486,-0.0030730490068901,0.1230448760763469,-1,0.0050296063930943,22.828809255413894,-1.5884726510651888,-0.06505526115270388
2023-01-23,18118.55078125,60941.671875,0.0050296063930943,-0.0044388122721841,0.1069771124624548,1,0.005263146197724,-0.0038962803348486,0.1093963923383401,1,-1.379810823647804e-05,23.165283069826977,0.33647381441308255,0.014738999772109684
2023-01-24,18118.30078125,60978.75,-1.379810823647804e-05,0.0050296063930943,0.0995440182754051,0,0.0006082348727615,0.005263146197724,0.1016593898380298,0,-0.0125716729916367,18.842610535133254,-4.322672534693723,-0.18660132585748757
2023-01-25,17891.94921875,60205.05859375,-0.0125716729916367,-1.379810823647804e-05,0.1062023999737621,-1,-0.0127690642449233,0.0006082348727615,0.1090243917506205,-1,-0.0162048389496388,23.282000461805126,4.439389926671872,0.23560376193067012
2023-01-27,17604.349609375,59330.8984375,-0.0162048389496388,-0.0125716729916367,0.1191047342844067,-1,-0.0146261553692948,-0.0127690642449233,0.119381730209169,-1,0.0025302388515036,25.577531351658518,2.295530889853392,0.09859680630190204
2023-01-30,17648.94921875,59500.41015625,0.0025302388515036,-0.0162048389496388,0.1185035365663412,1,0.0028529826984911,-0.0146261553692948,0.118993328266693,1,0.000747706677847,19.86288237149121,-5.714648980167308,-0.22342457141770855
2023-01-31,17662.150390625,59549.8984375,0.000747706677847,0.0025302388515036,0.1181091543093582,0,0.0008313843900967,0.0028529826984911,0.1184954813116579,0,-0.0025992997802722,24.559028570630964,4.696146199139754,0.23642823389419232
2023-02-01,17616.30078125,59708.078125,-0.0025992997802722,0.000747706677847,0.1159592806529314,-1,0.0026527329209913,0.0008313843900967,0.1170196607665646,1,-0.0003349953577196,26.051266050239725,1.492237479608761,0.060761258342003854
2023-02-02,17610.400390625,59932.23828125,-0.0003349953577196,-0.0025992997802722,0.1153689909297457,0,0.0037472388118694,0.0026527329209913,0.1177450621547624,1,0.0137407582052342,21.11761705559216,-4.933648994647566,-0.18938231198180733
2023-02-03,17854.05078125,60841.87890625,0.0137407582052342,-0.0003349953577196,0.1223474204243821,1,0.0150637876268209,0.0037472388118694,0.1250857527206832,1,-0.0050227259566789,27.579886816113618,6.462269760521458,0.3060132089482219
2023-02-06,17764.599609375,60506.8984375,-0.0050227259566789,0.0137407582052342,0.1231091525668825,-1,-0.0055209673630448,0.0150637876268209,0.1253543237513835,-1,-0.0024290993398515,25.14895327542034,-2.430933540693278,-0.08814153433265726
2023-02-07,17721.5,60286.0390625,-0.0024290993398515,-0.0050227259566789,0.1208338867921153,-1,-0.0036568300380703,-0.0055209673630448,0.1230710053958985,-1,0.0084398207303899,22.673364967694713,-2.4755883077256264,-0.09843703157797723
2023-02-08,17871.69921875,60663.7890625,0.0084398207303899,-0.0024290993398515,0.114712209454287,1,0.0062464119891483,-0.0036568300380703,0.1147950903221923,1,0.0012162679944837,23.35968279011329,0.6863178224185766,0.030269782336960205
2023-02-09,17893.44921875,60806.21875,0.0012162679944837,0.0084398207303899,0.10915555216185,0,0.0023451015660458,0.0062464119891483,0.1085939988933361,1,-0.0020670928330845,24.032209041228445,0.6725262511151548,0.028790042106213498
2023-02-10,17856.5,60682.69921875,-0.0020670928330845,0.0012162679944837,0.1093311907429482,-1,-0.0020334294827261,0.0023451015660458,0.1089399702858502,-1,-0.0048052775756446,23.085129857119643,-0.9470791841088015,-0.03940874442645037
2023-02-13,17770.900390625,60431.83984375,-0.0048052775756446,-0.0020670928330845,0.1103507388678468,-1,-0.004142520554189,-0.0020334294827261,0.1096619158230664,-1,0.0089045899051629,24.112585871677418,1.0274560145577745,0.04450726597238086
2023-02-14,17929.849609375,61032.26171875,0.0089045899051629,-0.0048052775756446,0.1131767776771664,1,0.0098864892233662,-0.004142520554189,0.1134768555586614,1,0.0047850043793272,21.47633058155791,-2.6362552901195073,-0.10933108975325811
2023-02-15,18015.849609375,61275.08984375,0.0047850043793272,0.0089045899051629,0.1136751681269646,1,0.0039707906508849,0.0098864892233662,0.1133424574294048,1,0.0011095178582493,23.706238460768617,2.2299078792107068,0.10383095337178161
2023-02-16,18035.849609375,61319.51171875,0.0011095178582493,0.0047850043793272,0.1094761893365445,0,0.0007246954821495,0.0039707906508849,0.1091559719336682,0,-0.005094522761127,20.12018993984449,-3.586048520924127,-0.15127024588311078
2023-02-17,17944.19921875,61002.5703125,-0.005094522761127,0.0011095178582493,0.1083523105590723,-1,-0.0051820915774256,0.0007246954821495,0.1086579130076119,-1,-0.0055659798467826,22.612778933209828,2.492588993365338,0.12388496335361143
2023-02-20,17844.599609375,60691.5390625,-0.0055659798467826,-0.005094522761127,0.1093858769730855,-1,-0.0051117006214066,-0.0051820915774256,0.1096018229656513,-1,-0.0010036299610954,21.130772414378967,-1.482006518830861,-0.06553845165197014
2023-02-21,17826.69921875,60672.71875,-0.0010036299610954,-0.0055659798467826,0.1085494874016756,0,-0.0003101458862779,-0.0051117006214066,0.1087501355928506,0,-0.0153983109464969,21.383888854988026,0.2531164406090589,0.011978570193525995
2023-02-22,17554.30078125,59744.98046875,-0.0153983109464969,-0.0010036299610954,0.1180112208331517,-1,-0.0154089746569486,-0.0003101458862779,0.1193050744343125,-1,-0.0024554471223785,26.273308433736045,4.889419578748019,0.22864969098487942
2023-02-23,17511.25,59605.80078125,-0.0024554471223785,-0.0153983109464969,0.1179251470104437,-1,-0.0023322805118104,-0.0154089746569486,0.1192577455934822,-1,-0.0025988036906682,25.975134942232906,-0.2981734915031389,-0.011348912994918914
2023-02-24,17465.80078125,59463.9296875,-0.0025988036906682,-0.0024554471223785,0.1111224986352005,-1,-0.0023829928954721,-0.0023322805118104,0.1116182868646292,-1,-0.0041941947968163,24.330526105334407,-1.6446088368984988,-0.063314736980424
2023-02-27,17392.69921875,59288.3515625,-0.0041941947968163,-0.0025988036906682,0.097580851817233,-1,-0.0029570506114395,-0.0023829928954721,0.0998254305991417,-1,-0.0051157790480877,19.57345965237814,-4.757066452956266,-0.19551843771735344
2023-02-28,17303.94921875,58962.12109375,-0.0051157790480877,-0.0041941947968163,0.0981073774678014,-1,-0.0055176320073032,-0.0029570506114395,0.1009797523372117,-1,0.0084564916412935,21.17792084739054,1.604461195012398,0.0819712622861466
2023-03-01,17450.900390625,59411.078125,0.0084564916412935,-0.0051157790480877,0.1032764830180425,1,0.0075854870349964,-0.0055176320073032,0.1046875687929467,1,-0.0074196261962128,24.75384370176262,3.575922854372081,0.16885145997760653
2023-03-02,17321.900390625,58909.3515625,-0.0074196261962128,0.0084564916412935,0.1057875197608434,-1,-0.0084808611842499,0.0075854870349964,0.1080348115766669,-1,0.0156061861385825,22.86218580336415,-1.8916578983984706,-0.07641875424234712
2023-03-03,17594.349609375,59808.96875,0.0156061861385825,-0.0074196261962128,0.1201177326628984,1,0.0151557805916523,-0.0084808611842499,0.1203954521156206,1,0.006633473404126,28.65043234625323,5.78824654288908,0.25317992744321693
2023-03-06,17711.44921875,60224.4609375,0.006633473404126,0.0156061861385825,0.1120965466072182,1,0.0069229688435761,0.0151557805916523,0.1103626337507529,1,0.0024221155475668,23.996290339510562,-4.654142006742667,-0.16244578617506666
2023-03-08,17754.400390625,60348.08984375,0.0024221155475668,0.006633473404126,0.1111758586611483,1,0.0020506980863273,0.0069229688435761,0.1091197220628187,1,-0.0093255984380825,23.501684099094895,-0.49460624041566703,-0.0206117792966225
2023-03-09,17589.599609375,59806.28125,-0.0093255984380825,0.0024221155475668,0.1155344826262999,-1,-0.0090186026718002,0.0020506980863273,0.1128241386766111,-1,-0.0100964628118636,22.935215334224985,-0.56646876486991,-0.024103326488493004
2023-03-10,17412.900390625,59135.12890625,-0.0100964628118636,-0.0093255984380825,0.1155975955147261,-1,-0.0112855475013639,-0.0090186026718002,0.1161461563226953,-1,-0.0149624166878137,23.826841361037175,0.8916260268121903,0.038875851559224905
2023-03-13,17154.30078125,58237.8515625,-0.0149624166878137,-0.0100964628118636,0.1245110991555708,-1,-0.0152896317367256,-0.0112855475013639,0.1250579818649285,-1,-0.0064917061281422,24.146170242795996,0.3193288817588211,0.013402065213772074
2023-03-14,17043.30078125,57900.19140625,-0.0064917061281422,-0.0149624166878137,0.1254768297131416,-1,-0.0058148234469375,-0.0152896317367256,0.1257339396923276,-1,-0.0041834220591396,25.963900324691345,1.8177300818953483,0.07528026447331415
2023-03-15,16972.150390625,57555.8984375,-0.0041834220591396,-0.0064917061281422,0.1253337735949406,-1,-0.0059640680670924,-0.0058148234469375,0.1262394331662074,-1,0.0007921148752918,26.446781993083228,0.48288166839188307,0.01859819450672706
2023-03-16,16985.599609375,57634.83984375,0.0007921148752918,-0.0041834220591396,0.1192904049068092,0,0.0013706209333521,-0.0059640680670924,0.119108017865793,0,0.0067155298897271,22.35706156966502,-4.089720423418207,-0.1546396239999186
2023-03-17,17100.05078125,57989.8984375,0.0067155298897271,0.0007921148752918,0.1209671141795895,1,0.0061415872600956,0.0013706209333521,0.1208705358474104,1,-0.0065506519680019,21.434245510843393,-0.9228160588216276,-0.04127626772177173
2023-03-20,16988.400390625,57628.94921875,-0.0065506519680019,0.0067155298897271,0.1210100918601235,-1,-0.0062437984584787,0.0061415872600956,0.1208484564508732,-1,0.0069861826445701,20.428598439805757,-1.005647071037636,-0.04691777326749791
2023-03-21,17107.5,58074.6796875,0.0069861826445701,-0.0065506519680019,0.1253442238966539,1,0.0077047310952718,-0.0062437984584787,0.1259929668517092,1,0.0025920135774438,25.55040504349048,5.121806603684721,0.25071747426904833
2023-03-22,17151.900390625,58214.58984375,0.0025920135774438,0.0069861826445701,0.1258292454757978,1,0.0024062447777129,0.0077047310952718,0.1266008452129095,1,-0.0043822814890137,22.376191335232033,-3.1742137082584456,-0.12423340071734579
2023-03-23,17076.900390625,57925.28125,-0.0043822814890137,0.0025920135774438,0.1260750279815241,-1,-0.0049820821986341,0.0024062447777129,0.1268566367808422,-1,-0.0077508940504488,20.30172161224744,-2.074469722984592,-0.09270879444609825
2023-03-24,16945.05078125,57527.1015625,-0.0077508940504488,-0.0043822814890137,0.1184211185233368,-1,-0.0068977574399067,-0.0049820821986341,0.1188706528976287,-1,0.002395965721106,24.619269061395606,4.317547449148165,0.2126690303222123
2023-03-27,16985.69921875,57653.859375,0.002395965721106,-0.0077508940504488,0.1192117628306718,1,0.0022010211174032,-0.0068977574399067,0.1196502925935569,1,-0.002003689907923,28.90717531793276,4.2879062565371555,0.17416870687118946
2023-03-28,16951.69921875,57613.71875,-0.002003689907923,0.002395965721106,0.1191573808374934,-1,-0.0006964773143596,0.0022010211174032,0.1196512906558961,0,0.0075810476927372,23.903596260669552,-5.0035790572632095,-0.17309124818429444
2023-03-29,17080.69921875,57960.08984375,0.0075810476927372,-0.002003689907923,0.1226374907801858,1,0.0059939554642105,-0.0006964773143596,0.122271788245308,1,0.0162051828184336,25.940730626921862,2.0371343662523103,0.08522292394990649
2023-03-31,17359.75,58991.51953125,0.0162051828184336,0.0075810476927372,0.1349423377391976,1,0.0176390292656405,0.0059939554642105,0.1370948026460335,1,0.0022038676723761,25.657892491014888,-0.2828381359069745,-0.010903244784225108
2023-04-03,17398.05078125,59106.44140625,0.0022038676723761,0.0162051828184336,0.1317963519070253,1,0.0019462133022837,0.0176390292656405,0.1345436872535513,0,0.0090974472685303,24.981855884320243,-0.6760366066946446,-0.026348095695364893
2023-04-05,17557.05078125,59689.30859375,0.0090974472685303,0.0022038676723761,0.132724854541054,1,0.0098130087105912,0.0019462133022837,0.1353555399407679,1,0.0023950044712142,27.11063842008094,2.1287825357606955,0.08521314611765152
2023-04-06,17599.150390625,59832.96875,0.0023950044712142,0.0090974472685303,0.1213607810428525,1,0.0024039070978943,0.0098130087105912,0.1249137671972912,1,0.0014138632460749,23.555529015907947,-3.555109404172992,-0.13113337093307664
2023-04-10,17624.05078125,59846.51171875,0.0014138632460749,0.0023950044712142,0.1190989148115376,0,0.0002263206483644,0.0024039070978943,0.1223786137506133,0,0.0055592868116142,24.444676109297568,0.8891470933896208,0.03774685309717074
2023-04-11,17722.30078125,60157.71875,0.0055592868116142,0.0014138632460749,0.1204689206318575,1,0.0051866126332572,0.0002263206483644,0.1236134277973049,1,0.0050710882313096,24.69028767557778,0.24561156628021052,0.010047650669701147
2023-04-12,17812.400390625,60392.76953125,0.0050710882313096,0.0055592868116142,0.1168242455801015,1,0.0038996288189509,0.0051866126332572,0.119982981850701,1,0.0008753891763391,22.346243650724052,-2.3440440248537264,-0.09493789848274314
2023-04-13,17828.0,60431.0,0.0008753891763391,0.0050710882313096,0.1101597969272,0,0.0006328302812299,0.0038996288189509,0.1121221778093509,0,-0.0068187067828511,25.000064391793046,2.6538207410689942,0.1187591428138306
2023-04-17,17706.849609375,59910.75,-0.0068187067828511,0.0008753891763391,0.098133496425199,-1,-0.0086462635130574,0.0006328302812299,0.1018258466695172,-1,-0.0026408372714739,21.463430129129083,-3.536634262663963,-0.1414650061391426
2023-04-18,17660.150390625,59727.01171875,-0.0026408372714739,-0.0068187067828511,0.0950350815952371,-1,-0.0030715791246578,-0.0086462635130574,0.0998178467249695,-1,-0.0023470351496987,19.99201784053802,-1.4714122885910648,-0.06855438668184444
2023-04-19,17618.75,59567.80078125,-0.0023470351496987,-0.0026408372714739,0.0938093307875135,-1,-0.0026692029383383,-0.0030715791246578,0.0973440045293793,-1,0.0003234223297552,22.453952765892154,2.461934925354136,0.12314589477616633
2023-04-20,17624.44921875,59632.3515625,0.0003234223297552,-0.0023470351496987,0.0938855693862269,0,0.0010830655211556,-0.0026692029383383,0.0973589821083332,0,-2.260734499433094e-05,19.591620975040616,-2.862331790851538,-0.12747563071386958
2023-04-21,17624.05078125,59655.05859375,-2.260734499433094e-05,0.0003234223297552,0.0922906391313136,0,0.0003807112836891,0.0010830655211556,0.0960258245797211,0,0.0067491469394085,21.285426227869618,1.6938052528290015,0.08645559522547308
2023-04-24,17743.400390625,60056.1015625,0.0067491469394085,-2.260734499433094e-05,0.0892355324280053,1,0.0067002018617266,0.0003807112836891,0.0935688629456565,1,0.0014557975062981,20.90531524951212,-0.3801109783574965,-0.017857804409845746
2023-04-25,17769.25,60130.7109375,0.0014557975062981,0.0067491469394085,0.0874353488290604,0,0.0012415569234597,0.0067002018617266,0.091222134093919,0,0.0024927532688865,22.915326014569196,2.010010765057075,0.09614831161677806
2023-04-26,17813.599609375,60300.578125,0.0024927532688865,0.0014557975062981,0.0874247991504647,1,0.002820982843774,0.0012415569234597,0.0912763688493742,1,0.0056789967392659,21.691876380806377,-1.2234496337628187,-0.053390016488745085
2023-04-27,17915.05078125,60649.37890625,0.0056789967392659,0.0024927532688865,0.0853798759095757,1,0.0057677035487493,0.002820982843774,0.0889623898218606,1,0.0083351792806977,20.487933673467282,-1.2039427073390954,-0.05550200850325604
2023-04-28,18065.0,61112.44140625,0.0083351792806977,0.0056789967392659,0.0795486300516751,1,0.0076060744040769,0.0057677035487493,0.0843664468506642,1,0.0045647326692429,21.590395603568084,1.1024619301008016,0.053810303550940075
2023-05-02,18147.650390625,61354.7109375,0.0045647326692429,0.0083351792806977,0.0796794259377894,1,0.0039564869869146,0.0076060744040769,0.0844078455597071,1,-0.0031901113635851,22.748357691813567,1.1579620882454833,0.05363320383319503
2023-05-03,18089.849609375,61193.30078125,-0.0031901113635851,0.0045647326692429,0.0807453632396181,-1,-0.0026342369382311,0.0039564869869146,0.0857229381056111,-1,0.0091318946467,21.190156936665534,-1.5582007551480324,-0.06849728566158342
2023-05-04,18255.80078125,61749.25,0.0091318946467,-0.0031901113635851,0.0820001126382343,1,0.0090441105173784,-0.0026342369382311,0.087750539848772,1,-0.0102851178222677,20.22071650351019,-0.969440433155345,-0.04574956363243887
2023-05-05,18069.0,61054.2890625,-0.0102851178222677,0.0091318946467,0.0802620063830897,-1,-0.0113183766823807,0.0090441105173784,0.0842105253744071,-1,0.0107560686526575,17.40252817360865,-2.8181883299015382,-0.13937133876597885
2023-05-08,18264.400390625,61764.25,0.0107560686526575,-0.0102851178222677,0.0859283848809692,1,0.0115612651127749,-0.0113183766823807,0.0909714734829259,1,8.479678637020549e-05,18.462611161946175,1.0600829883375233,0.060915458820814505
2023-05-09,18265.94921875,61761.328125,8.479678637020549e-05,0.0107560686526575,0.0825699176888012,0,-4.730801579553432e-05,0.0115612651127749,0.0867446129836231,0,0.0026872067245805,19.646542360170784,1.1839311982246095,0.06412588056151258
2023-05-10,18315.099609375,61940.19921875,0.0026872067245805,8.479678637020549e-05,0.082598862031064,1,0.0028919807581585,-4.730801579553432e-05,0.0868162824830338,1,-0.0009887229108728,19.040861798787834,-0.6056805613829503,-0.030828862925561862
2023-05-11,18297.0,61904.51953125,-0.0009887229108728,0.0026872067245805,0.083193766621696,0,-0.0005762004039782,0.0028919807581585,0.087026152141454,0,0.0009724068345624,19.94543405619871,0.9045722574108765,0.04750689685003984
2023-05-12,18314.80078125,62027.8984375,0.0009724068345624,-0.0009887229108728,0.0820813062032782,0,0.0019910681810614,-0.0005762004039782,0.0860701627486622,0,0.0045786226137952,20.321430470122035,0.3759964139233247,0.01885125251543318
2023-05-15,18398.849609375,62345.7109375,0.0045786226137952,0.0009724068345624,0.0818336870156736,1,0.0051106210284886,0.0019910681810614,0.0866036213088942,1,-0.0061250587396132,21.242754210280822,0.9213237401587868,0.04533754361010067
2023-05-16,18286.5,61932.46875,-0.0061250587396132,0.0045786226137952,0.0860378984922951,-1,-0.0066503019526008,0.0051106210284886,0.0910972889794941,-1,-0.0057447389485387,20.462792293111328,-0.7799619171694943,-0.03671660978838687
2023-05-17,18181.75,61560.640625,-0.0057447389485387,-0.0061250587396132,0.0848474758347747,-1,-0.0060218622805652,-0.0066503019526008,0.0879332427186619,-1,-0.0028531199312594,21.457750871129875,0.9949585780185473,0.0486228156825641
2023-05-18,18129.94921875,61431.73828125,-0.0028531199312594,-0.0057447389485387,0.0849735504291563,-1,-0.0020961037113403,-0.0060218622805652,0.0873863129788933,-1,0.0040431874696799,20.62630387253587,-0.8314469985940036,-0.03874809636794996
2023-05-19,18203.400390625,61729.6796875,0.0040431874696799,-0.0028531199312594,0.0844467018500003,1,0.0048382357455933,-0.0020961037113403,0.0869148795025682,1,0.0060792457091855,16.49373705229229,-4.132566820243582,-0.2003542101280752
2023-05-22,18314.400390625,61963.6796875,0.0060792457091855,0.0040431874696799,0.0857335059746212,1,0.0037835544338084,0.0048382357455933,0.0871773320525757,1,0.0018329197446846,18.694679809824613,2.2009427575323244,0.1334411207450672
2023-05-23,18348.0,61981.7890625,0.0018329197446846,0.0060792457091855,0.0854692270957299,0,0.0002922152025645,0.0037835544338084,0.0871963576349706,0,-0.0034176281556568,20.25874759812976,1.5640677883051453,0.0836637912077629
2023-05-24,18285.400390625,61773.78125,-0.0034176281556568,0.0018329197446846,0.0854829115591239,-1,-0.0033615942757843,0.0002922152025645,0.0870699383156054,-1,0.0019532029433287,18.128901670230174,-2.1298459278995843,-0.10513216167894834
2023-05-25,18321.150390625,61872.62109375,0.0019532029433287,-0.0034176281556568,0.0855019594787719,0,0.001598750354711,-0.0033615942757843,0.0870734944060691,0,0.0096794236936861,21.7500534078696,3.621151737639426,0.19974468412423407
2023-05-26,18499.349609375,62501.69140625,0.0096794236936861,0.0019532029433287,0.0901001204315547,1,0.0101158456961192,0.001598750354711,0.0921356211300631,1,0.0053534432264762,24.071513707842865,2.321460299973264,0.10673354480744934
2023-05-29,18598.650390625,62846.37890625,0.0053534432264762,0.0096794236936861,0.0899303621498386,1,0.0054996996434819,0.0101158456961192,0.0919913659633563,1,0.0018907797884415,23.430559918378492,-0.6409537894643726,-0.02662706621792299
2023-05-30,18633.849609375,62969.12890625,0.0018907797884415,0.0053534432264762,0.0867283364142266,0,0.0019512704130245,0.0054996996434819,0.0894635321108954,0,-0.0053513122664302,20.245947899562246,-3.184612018816246,-0.1359170258803033
2023-05-31,18534.400390625,62622.23828125,-0.0053513122664302,0.0018907797884415,0.0890505601155536,-1,-0.0055241298014506,0.0019512704130245,0.0920736342378232,-1,-0.0025201353688439,23.886508285255264,3.6405603856930178,0.1798167417872163
2023-06-01,18487.75,62428.5390625,-0.0025201353688439,-0.0053513122664302,0.0886824396787429,-1,-0.0030979315407432,-0.0055241298014506,0.0923162707169854,-1,0.0025039069673706,21.16557888227851,-2.720929402976754,-0.11391072192231366
2023-06-02,18534.099609375,62547.109375,0.0025039069673706,-0.0025201353688439,0.0839019038067926,1,0.001897495225003,-0.0030979315407432,0.0876229149639625,0,0.0032186023111129,19.716018438443182,-1.4495604438353276,-0.06848669020099485
2023-06-05,18593.849609375,62787.46875,0.0032186023111129,0.0025039069673706,0.0740446501670258,1,0.0038354885500189,0.001897495225003,0.0766665546571594,1,0.0002769559585788,18.1776596896207,-1.538358748822482,-0.07802583232641536
2023-06-06,18599.0,62792.87890625,0.0002769559585788,0.0032186023111129,0.0657268361836261,0,8.616246656937037e-05,0.0038354885500189,0.0670831538128036,0,0.0068264979901573,17.967744245386353,-0.2099154442343476,-0.011547990655486173
2023-06-07,18726.400390625,63142.9609375,0.0068264979901573,0.0002769559585788,0.0687965342834343,1,0.0055597029955178,8.616246656937037e-05,0.0689898182828736,1,-0.004916887367083,18.103299791260973,0.13555554587462026,0.007544383091351525
2023-06-08,18634.55078125,62848.640625,-0.004916887367083,0.0068264979901573,0.0716873069818463,-1,-0.0046720709035275,0.0055597029955178,0.0713844341231645,-1,-0.0038255051772626,19.509563142935605,1.4062633516746317,0.07767994608107176
2023-06-09,18563.400390625,62625.62890625,-0.0038255051772626,-0.004916887367083,0.0732474007116854,-1,-0.0035547041542934,-0.0046720709035275,0.072783816770924,-1,0.0020503013499982,19.64588803326827,0.13632489033266637,0.006987593178478191
2023-06-12,18601.5,62724.7109375,0.0020503013499982,-0.0038255051772626,0.0733950986694809,1,0.0015808820623684,-0.0035547041542934,0.0726954097699298,0,0.006144585747086,19.345601907254917,-0.30028612601335425,-0.015284935224350815
2023-06-13,18716.150390625,63143.16015625,0.006144585747086,0.0020503013499982,0.0746174367791435,1,0.006649048033366,0.0015808820623684,0.0740981157284972,1,0.0021215820368078,20.33562001740705,0.9900181101521319,0.05117535835268372
2023-06-14,18755.900390625,63228.51171875,0.0021215820368078,0.006144585747086,0.0702976371789084,1,0.0013508023469469,0.006649048033366,0.0692519122525999,0,-0.0036214536561356,21.411056267463522,1.0754362500564731,0.0528843600114437
2023-06-15,18688.099609375,62917.62890625,-0.0036214536561356,0.0021215820368078,0.067999242336191,-1,-0.0049289409942088,0.0013508023469469,0.067949591469656,-1,0.0073519563684706,20.699032504501744,-0.7120237629617776,-0.03325495734854411
2023-06-16,18826.0,63384.578125,0.0073519563684706,-0.0036214536561356,0.0693073308860184,1,0.0073941913957778,-0.0049289409942088,0.0703443870762351,1,-0.0037545579318734,15.960937151702034,-4.738095352799711,-0.22890419403753492
2023-06-19,18755.44921875,63168.30078125,-0.0037545579318734,0.0073519563684706,0.0713525649217383,-1,-0.0034179792064099,0.0073941913957778,0.0712020405394329,-1,0.0032603966930515,14.02741422236992,-1.9335229293321134,-0.121140939968298
2023-06-20,18816.69921875,63327.69921875,0.0032603966930515,-0.0037545579318734,0.069683277124998,1,0.0025202144236655,-0.0034179792064099,0.0707343937757204,1,0.0021314905059401,20.83696753497835,6.809553312608429,0.4854460846924331
2023-06-21,18856.849609375,63523.1484375,0.0021314905059401,0.0032603966930515,0.0697203382125339,1,0.0030815619607918,0.0025202144236655,0.0710237741920818,1,-0.0045497783797934,16.238276424422548,-4.5986911105558015,-0.22069867425939627
2023-06-22,18771.25,63238.890625,-0.0045497783797934,0.0021314905059401,0.0707882556376584,-1,-0.0044849119038461,0.0030815619607918,0.0720263061846702,-1,-0.0056495438985202,18.629294759980475,2.391018335557927,0.1472458204961833
2023-06-23,18665.5,62979.37109375,-0.0056495438985202,-0.0045497783797934,0.0746299560364129,-1,-0.0041122400741925,-0.0044849119038461,0.0742275436506072,-1,0.0013758829522746,17.122769551522573,-1.5065252084579015,-0.08086861192911199
2023-06-26,18691.19921875,62970.0,0.0013758829522746,-0.0056495438985202,0.0675066341551504,0,-0.0001488073133818,-0.0041122400741925,0.0661499148853604,0,0.0067292114028286,15.146702540355001,-1.9760670111675722,-0.11540580542309864
2023-06-27,18817.400390625,63416.03125,0.0067292114028286,0.0013758829522746,0.0689088241691231,1,0.0070582658119298,-0.0001488073133818,0.0678749216359165,1,0.008187463868637,19.973807873321885,4.827105332966884,0.3186901782817839
2023-06-28,18972.099609375,63915.421875,0.008187463868637,0.0067292114028286,0.073728384259199,1,0.0078439878488683,0.0070582658119298,0.0724544311748733,1,0.0113703862194518,20.891148746525193,0.9173408732033081,0.04592719019934899
2023-06-30,19189.05078125,64718.55859375,0.0113703862194518,0.008187463868637,0.0785830992026249,1,0.0124873249215846,0.0078439878488683,0.0794535224404763,1,0.0069330035274252,18.705289118809052,-2.185859627716141,-0.10463089676098891
2023-07-03,19322.55078125,65205.05078125,0.0069330035274252,0.0113703862194518,0.0790793498166346,1,0.0074889308193319,0.0124873249215846,0.0800813899282473,1,0.0034330468644171,14.725850397373641,-3.979438721435411,-0.2127440370560163
2023-07-04,19389.0,65479.05078125,0.0034330468644171,0.0069330035274252,0.0792040938041768,1,0.0041933241798267,0.0074889308193319,0.0804125388328724,1,0.000489848543472,18.827920483912713,4.102070086539072,0.27856252615948596
2023-07-05,19398.5,65446.0390625,0.000489848543472,0.0034330468644171,0.0793030584285218,0,-0.0005042840831955,0.0041933241798267,0.0806925608706789,0,0.0050802910218655,20.713913853657274,1.8859933697445612,0.10017003053290052
2023-07-06,19497.30078125,65785.640625,0.0050802910218655,0.000489848543472,0.079719332667071,1,0.005175614933584,-0.0005042840831955,0.0811165585403361,1,-0.0085245857132682,17.014110129158844,-3.6998037244984303,-0.17861442075299494
2023-07-07,19331.80078125,65280.44921875,-0.0085245857132682,0.0050802910218655,0.0860879132018215,-1,-0.0077089948857309,0.005175614933584,0.0870341255345683,-1,0.0012458539412885,20.975511159740464,3.9614010305816194,0.23283033908382644
2023-07-10,19355.900390625,65344.171875,0.0012458539412885,-0.0085245857132682,0.0828733160618109,0,0.0009756608022485,-0.0077089948857309,0.0840662552491732,0,0.0043046517107255,20.2567119078351,-0.718799251905363,-0.034268497507941365
2023-07-11,19439.400390625,65617.84375,0.0043046517107255,0.0012458539412885,0.0806651832011908,1,0.0041794144975178,0.0009756608022485,0.0820410455281615,1,-0.0028384540734558,21.225101319321254,0.9683894114861538,0.04780585397532322
2023-07-12,19384.30078125,65393.8984375,-0.0028384540734558,0.0043046517107255,0.0825323301209347,-1,-0.0034187092985027,0.0041794144975178,0.0843298568882612,-1,0.0015180775225879,20.492393748921778,-0.7327075703994765,-0.034520804371025116
2023-07-13,19413.75,65558.890625,0.0015180775225879,-0.0028384540734558,0.081122796699682,0,0.002519874162075,-0.0034187092985027,0.0826483527352302,1,0.0077351215942267,18.16614178820509,-2.3262519607166894,-0.11351782467282945
2023-07-14,19564.5,66060.8984375,0.0077351215942267,0.0015180775225879,0.083741627469678,1,0.007628187985433,0.002519874162075,0.0850557733250896,1,0.0074829460454974,22.76730575029678,4.601163962091693,0.25328239841654976
2023-07-17,19711.44921875,66589.9296875,0.0074829460454974,0.0077351215942267,0.0831656204574577,1,0.0079763400245648,0.007628187985433,0.0833753345846641,1,0.001915870400722,19.99950289969183,-2.7678028506049515,-0.12156918701585373
2023-07-18,19749.25,66795.140625,0.001915870400722,0.0074829460454974,0.081312778276182,0,0.0030769725416273,0.0079763400245648,0.0816366780765147,1,0.0042392838963021,20.076668748598337,0.0771658489065068,0.0038583883456271284
2023-07-19,19833.150390625,67097.4375,0.0042392838963021,0.001915870400722,0.0785047004483964,1,0.0045155212168467,0.0030769725416273,0.0789781251303663,1,0.0073344494857055,17.98393412669325,-2.0927346219050875,-0.10423714452384902
2023-07-20,19979.150390625,67571.8984375,0.0073344494857055,0.0042392838963021,0.0801483132157076,1,0.00704633905429,0.0045155212168467,0.0802687990326418,1,-0.0117889545859248,19.12826681918774,1.1443326924944905,0.06363083207672426
2023-07-21,19745.0,66684.2578125,-0.0117889545859248,0.0073344494857055,0.0948826969112727,-1,-0.0132232827723473,0.00704633905429,0.0981647548689111,-1,-0.0036862180542648,19.718664263073467,0.5903974438857276,0.030865182374677724
2023-07-24,19672.349609375,66384.78125,-0.0036862180542648,-0.0117889545859248,0.0941539724643681,-1,-0.0045010780902693,-0.0132232827723473,0.0981788748016495,-1,0.0004192824316674,21.069505126589966,1.350840863516499,0.06850569823059338
2023-07-25,19680.599609375,66355.7109375,0.0004192824316674,-0.0036862180542648,0.0900081393441367,0,-0.000438002187361,-0.0045010780902693,0.0959493735820768,0,0.0049520574860006,24.424230894698358,3.3547257681083913,0.15922185869827032
2023-07-26,19778.30078125,66707.203125,0.0049520574860006,0.0004192824316674,0.090286597070349,1,0.0052831099863544,-0.000438002187361,0.0959144358047946,1,-0.0060043684967971,18.284857421172187,-6.13937347352617,-0.25136404499266396
2023-07-27,19659.900390625,66266.8203125,-0.0060043684967971,0.0049520574860006,0.0938185615741769,-1,-0.006623615818557,0.0052831099863544,0.099794385362948,-1,-0.000704708042179,18.154733361664206,-0.13012405950798112,-0.007116492981635636
2023-07-28,19646.05078125,66160.203125,-0.000704708042179,-0.0060043684967971,0.0915612600154615,0,-0.0016102032314625,-0.006623615818557,0.0982933122278807,0,0.0054695773892536,24.09846665653337,5.943733294869162,0.32739303720207946
2023-07-31,19753.80078125,66527.671875,0.0054695773892536,-0.000704708042179,0.0857769939825704,1,0.0055388586102929,-0.0016102032314625,0.0913357666721945,1,-0.001025644971054,20.159052043953306,-3.9394146125800624,-0.16347158799466777
2023-08-01,19733.55078125,66459.3125,-0.001025644971054,0.0054695773892536,0.0836918381533568,0,-0.0010280612248195,0.0055388586102929,0.0888095283279654,0,-0.0105451544933879,19.031038338015847,-1.1280137059374589,-0.055955691938193386
2023-08-02,19526.55078125,65782.78125,-0.0105451544933879,-0.001025644971054,0.0921561621532122,-1,-0.0102317973492139,-0.0010280612248195,0.0958625252837856,-1,-0.0074483556761193,23.295425590113375,4.264387252097528,0.22407538550217265
2023-08-03,19381.650390625,65240.6796875,-0.0074483556761193,-0.0105451544933879,0.0960119207862099,-1,-0.0082749249936888,-0.0102317973492139,0.1002802115690258,-1,0.0069591183373327,20.389960999147263,-2.905464590966112,-0.12472253746672035
2023-08-04,19517.0,65721.25,0.0069591183373327,-0.0074483556761193,0.097484059072223,1,0.0073391171115191,-0.0082749249936888,0.101993258900465,1,0.0041059608614452,25.400425334316175,5.010464335168912,0.24573192343911088
2023-08-07,19597.30078125,65953.4765625,0.0041059608614452,0.0069591183373327,0.0932143546173312,1,0.0035272798256271,0.0073391171115191,0.0987321714435359,1,-0.0013506471779916,22.67728720441166,-2.723138129904516,-0.10720836734279149
2023-08-08,19570.849609375,65846.5,-0.0013506471779916,0.0041059608614452,0.0934387498650536,0,-0.0016233172232918,0.0035272798256271,0.0989807406227962,0,0.0031477485221408,20.368052170213957,-2.3092350341977017,-0.10183030330666987
2023-08-09,19632.55078125,65995.8125,0.0031477485221408,-0.0013506471779916,0.0929338231590968,1,0.0022650173681512,-0.0016233172232918,0.0982707073202802,1,-0.004566679886024,25.607998742440685,5.239946572226728,0.25726301800667883
2023-08-10,19543.099609375,65688.1796875,-0.004566679886024,0.0031477485221408,0.0938970677743036,-1,-0.0046722971719504,0.0022650173681512,0.0989577097492871,-1,-0.0058914567617632,20.17827693142368,-5.429721811017004,-0.21203225857779384
2023-08-11,19428.30078125,65322.6484375,-0.0058914567617632,-0.004566679886024,0.0962525897727041,-1,-0.0055801830083371,-0.0046722971719504,0.1005447291713717,-1,0.0003216439248586,23.109449721289025,2.931172789865343,0.14526378044205646
2023-08-14,19434.55078125,65401.921875,0.0003216439248586,-0.0058914567617632,0.0921176937733103,0,0.0012128316356725,-0.0055801830083371,0.0966545733116037,0,0.0015655309306883,21.810354538144015,-1.2990951831450097,-0.05621489039387417
2023-08-16,19465.0,65539.421875,0.0015655309306883,0.0003216439248586,0.0879925484315159,0,0.0021001777834557,0.0012128316356725,0.0922205741569125,1,-0.0051377582900605,23.402737421949183,1.5923828838051683,0.07301040801607606
2023-08-17,19365.25,65151.01953125,-0.0051377582900605,0.0015655309306883,0.0888408032165298,-1,-0.005943869851199,0.0021001777834557,0.0927875727724592,-1,-0.0028493381372506,24.007102715106686,0.6043652931575032,0.02582455557488217
2023-08-18,19310.150390625,64948.66015625,-0.0028493381372506,-0.0051377582900605,0.0870136155490583,-1,-0.0031108383768097,-0.005943869851199,0.0906177545302749,-1,0.0043122099570484,20.765369853037363,-3.2417328620693233,-0.13503224027235217
2023-08-21,19393.599609375,65216.08984375,0.0043122099570484,-0.0028493381372506,0.0838180309547293,1,0.0041091011781505,-0.0031108383768097,0.0876288939698546,1,0.0001469247637584,18.874967354780566,-1.8904024982567975,-0.09103630282704966
2023-08-22,19396.44921875,65220.03125,0.0001469247637584,0.0043122099570484,0.0749344374923966,0,6.043427569226331e-05,0.0041091011781505,0.0770420794659708,0,0.0024485198272942,20.413388035117894,1.5384206803373282,0.08150587237692286
2023-08-23,19444.0,65433.30078125,0.0024485198272942,0.0001469247637584,0.0750202062070982,1,0.0032646656209056,6.043427569226331e-05,0.0773641873069423,1,-0.0029513155310064,18.146589881205607,-2.266798153912287,-0.1110446805798544
2023-08-24,19386.69921875,65252.33984375,-0.0029513155310064,0.0024485198272942,0.0753758900187512,-1,-0.002769409895275,0.0032646656209056,0.0776903301973421,-1,-0.0062556798015631,23.564363496928365,5.4177736157227585,0.29855601802815523
2023-08-25,19265.80078125,64886.51171875,-0.0062556798015631,-0.0029513155310064,0.0747521991781527,-1,-0.005622134884559,-0.002769409895275,0.0761024761780239,-1,0.0020870149074536,19.748290579980747,-3.8160729169476184,-0.1619425416453556
2023-08-28,19306.05078125,64996.6015625,0.0020870149074536,-0.0062556798015631,0.0735128925244901,1,0.0016952145253226,-0.005622134884559,0.0742275802514825,0,0.0018939637920959,18.620646149824793,-1.1276444301559536,-0.0571008627601961
2023-08-29,19342.650390625,65075.8203125,0.0018939637920959,0.0020870149074536,0.0741327973696478,0,0.0012180715735553,0.0016952145253226,0.0745429228594092,0,0.0002480649157308,19.782640348694596,1.1619941988698024,0.06240353796104636
2023-08-30,19347.44921875,65087.25,0.0002480649157308,0.0018939637920959,0.0707504303722853,0,0.0001756210498405,0.0012180715735553,0.0710412745938542,0,-0.0048521030396481,16.380790458169137,-3.401849890525458,-0.17196136767203263
2023-08-31,19253.80078125,64831.41015625,-0.0048521030396481,0.0002480649157308,0.0720054396978483,-1,-0.0039384669476681,0.0001756210498405,0.071745804271439,-1,0.0093825560252025,17.25731589276353,0.8765254345943916,0.053509349065463896
2023-09-01,19435.30078125,65387.16015625,0.0093825560252025,-0.0048521030396481,0.0724095794719435,1,0.0085357007515441,-0.0039384669476681,0.0713692260815323,1,0.0047992986219631,21.6417857630832,4.38446987031967,0.2540644152059708
2023-09-04,19528.80078125,65628.140625,0.0047992986219631,0.0093825560252025,0.0693771091317166,1,0.0036786656073032,0.0085357007515441,0.0663482825267644,1,0.0023578141889496,17.62392235522887,-4.017863407854328,-0.18565304415442674
2023-09-05,19574.900390625,65780.2578125,0.0023578141889496,0.0047992986219631,0.0655902458033217,1,0.0023151831580833,0.0036786656073032,0.0617374817738551,1,0.0018450694598145,16.46520261496829,-1.1587197402605796,-0.06574698395200296
2023-09-06,19611.05078125,65880.5234375,0.0018450694598145,0.0023578141889496,0.0643235714121846,0,0.0015230905275075,0.0023151831580833,0.0606937316189877,0,0.0058976072365512,19.50566264627303,3.0404600313047396,0.18465973984071704
2023-09-07,19727.05078125,66265.5625,0.0058976072365512,0.0018450694598145,0.0671949683415635,1,0.0058274923455751,0.0015230905275075,0.0636789170367904,1,0.0046981368182121,21.090905143482345,1.5852424972093146,0.08127088661159676
2023-09-08,19819.94921875,66598.90625,0.0046981368182121,0.0058976072365512,0.0682070381162636,1,0.005017811798123,0.0058274923455751,0.0654378140736385,1,0.0088607705870589,20.258610432956495,-0.8322947105258507,-0.03946225659182068
2023-09-11,19996.349609375,67127.078125,0.0088607705870589,0.0046981368182121,0.0715363429924067,1,0.0078993566426479,0.005017811798123,0.0675368039403823,1,-0.0001575606989245,21.145729670852305,0.8871192378958099,0.043789737742952584
2023-09-12,19993.19921875,67221.1328125,-0.0001575606989245,0.0088607705870589,0.0671039597403018,0,0.0014001630867954,0.0078993566426479,0.0631097270005403,0,0.003833986143147,17.196805796891258,-3.9489238739610464,-0.18674805435559516
2023-09-13,20070.0,67466.9921875,0.003833986143147,-0.0001575606989245,0.0675177515210326,1,0.0036507991788378,0.0014001630867954,0.0635992165848138,1,0.0016478497893743,15.908153818619574,-1.2886519782716839,-0.074935542884635
2023-09-14,20103.099609375,67519.0,0.0016478497893743,0.003833986143147,0.067518867553828,0,0.0007705661043874,0.0036507991788378,0.0636027188351312,0,0.0044297878632228,21.754554059293774,5.8464002406742,0.36750966248712813
2023-09-15,20192.349609375,67838.6328125,0.0044297878632228,0.0016478497893743,0.0636254259470612,1,0.0047227984114552,0.0007705661043874,0.0585835701325729,1,-0.0029286010148227,17.717182917021848,-4.037371142271926,-0.18558740074688496
2023-09-18,20133.30078125,67596.84375,-0.0029286010148227,0.0044297878632228,0.0637019593464596,-1,-0.0035705462927962,0.0047227984114552,0.0591008326785496,-1,-0.0115850988033336,17.868529901735865,0.1513469847140172,0.008542384273100723
2023-09-20,19901.400390625,66800.84375,-0.0115850988033336,-0.0029286010148227,0.0784821993416691,-1,-0.0118455804192911,-0.0035705462927962,0.075236778085647,-1,-0.0080240458900552,22.504608217865027,4.636078316129161,0.2594549379061555
2023-09-21,19742.349609375,66230.2421875,-0.0080240458900552,-0.0115850988033336,0.0847573822874054,-1,-0.0085785221963453,-0.0118455804192911,0.0824129562045057,-1,-0.0034553806166447,21.58819824754186,-0.9164099703231656,-0.04072099196091239
2023-09-22,19674.25,66009.1484375,-0.0034553806166447,-0.0080240458900552,0.0858080928914321,-1,-0.0033438441445399,-0.0085785221963453,0.0830311779982383,-1,1.5287950028248088e-05,21.492584833306424,-0.09561341423543723,-0.0044289668428593165
2023-09-25,19674.55078125,66023.6875,1.5287950028248088e-05,-0.0034553806166447,0.0848887158732494,0,0.0002202340418658,-0.0033438441445399,0.0822274473821458,0,-0.0005008515772894,24.81887627712711,3.3262914438206863,0.15476460693857685
2023-09-26,19664.69921875,65945.46875,-0.0005008515772894,1.5287950028248088e-05,0.0812066427587483,0,-0.001185409703025,0.0002202340418658,0.0794129414580236,0,0.0026281625519171,18.833627815114546,-5.985248462012564,-0.24115710941870983
2023-09-27,19716.44921875,66118.6875,0.0026281625519171,-0.0005008515772894,0.0813214935899746,1,0.0026232530347626,-0.001185409703025,0.0796138646298184,1,-0.0098318038412133,21.987829615159935,3.1542018000453886,0.16747712288941208
2023-09-28,19523.55078125,65508.3203125,-0.0098318038412133,0.0026281625519171,0.0894395914916626,-1,-0.0092742602379414,0.0026232530347626,0.0869073012730736,-1,0.0058603116976752,21.057985398960426,-0.9298442161995091,-0.042289040458927785
2023-09-29,19638.30078125,65828.40625,0.0058603116976752,-0.0098318038412133,0.0913772337332344,1,0.0048742888544994,-0.0092742602379414,0.0883247080853999,1,-0.0055940421731296,21.674907931049958,0.6169225320895322,0.02929637001837726
2023-10-03,19528.75,65512.1015625,-0.0055940421731296,0.0058603116976752,0.091980478313739,-1,-0.0048165688449476,0.0048742888544994,0.0889358697601347,-1,-0.0047555972198833,24.254984684198963,2.5800767531490045,0.11903518858564399
2023-10-04,19436.099609375,65226.0390625,-0.0047555972198833,-0.0055940421731296,0.0880726308547688,-1,-0.0043761209261619,-0.0048165688449476,0.0854088628042571,-1,0.0056257299700197,21.82293459805613,-2.4320500861428336,-0.10027011427994037
2023-10-05,19545.75,65631.5703125,0.0056257299700197,-0.0047555972198833,0.0886842372646459,1,0.0061980736188092,-0.0043761209261619,0.0872459561076341,1,0.005497568008546,21.945015884563855,0.12208128650772565,0.005594173687282211
2023-10-06,19653.5,65995.6328125,0.005497568008546,0.0056257299700197,0.0903685591108367,1,0.0055317353817219,0.0061980736188092,0.0890138849655571,1,-0.007207861089913,23.181870585703273,1.2368547011394178,0.056361531367558504
2023-10-09,19512.349609375,65512.390625,-0.007207861089913,0.005497568008546,0.0936619106998379,-1,-0.0073492757313762,0.0055317353817219,0.0925330357372667,-1,0.0090556762901256,20.63628561089802,-2.5455849748052515,-0.10980929970229258
2023-10-10,19689.849609375,66079.359375,0.0090556762901256,-0.007207861089913,0.0968540499528387,1,0.0086171398792971,-0.0073492757313762,0.0953109343657578,1,0.0061517313687301,20.006985660605856,-0.6292999502921646,-0.03049482654765312
2023-10-11,19811.349609375,66473.046875,0.0061517313687301,0.0090556762901256,0.0978848826414484,1,0.0059401208736003,0.0086171398792971,0.0959902148070383,1,-0.0008761245971014,19.698869876102773,-0.30811578450308374,-0.015400410123238562
2023-10-12,19794.0,66408.390625,-0.0008761245971014,0.0061517313687301,0.0924115787862723,0,-0.0009731420177101,0.0059401208736003,0.0915010551076438,0,-0.002172167428733,17.308444699875228,-2.390425176227545,-0.12134834085723034
2023-10-13,19751.05078125,66282.7421875,-0.002172167428733,-0.0008761245971014,0.0925851729746283,-1,-0.0018938488562372,-0.0009731420177101,0.0913448110289358,0,-0.0009776805295215,25.370931557343475,8.062486857468247,0.4658123244040735
2023-10-16,19731.75,66166.9296875,-0.0009776805295215,-0.002172167428733,0.0911843997384171,0,-0.0017487778999459,-0.0018938488562372,0.0900327075670186,0,0.0040335636613206,18.912023242398345,-6.4589083149451305,-0.25457907607163266
2023-10-17,19811.5,66428.09375,0.0040335636613206,-0.0009776805295215,0.0923613741656949,1,0.0039392790687944,-0.0017487778999459,0.0914433990787334,1,-0.007112043473065,20.793630169397943,1.8816069269995985,0.09949262978808515
2023-10-18,19671.099609375,65877.0234375,-0.007112043473065,0.0040335636613206,0.0929429741017802,-1,-0.008330342937398,0.0039392790687944,0.0927245875403107,-1,-0.0023615965866002,20.740670810400182,-0.05295935899776083,-0.00254690299703908
2023-10-19,19624.69921875,65629.2421875,-0.0023615965866002,-0.007112043473065,0.0928342815735295,-1,-0.0037683610289042,-0.008330342937398,0.0927855186293603,-1,-0.0041896604678091,21.89824155297115,1.157570742570968,0.055811634693633705
2023-10-20,19542.650390625,65397.62109375,-0.0041896604678091,-0.0023615965866002,0.0856885197192213,-1,-0.0035354785913968,-0.0037683610289042,0.0851574112228385,-1,-0.013440223951969,22.200326397000723,0.30208484402957225,0.013794936150413717
2023-10-23,19281.75,64571.87890625,-0.013440223951969,-0.0041896604678091,0.0931208677163643,-1,-0.0127068781238399,-0.0035354785913968,0.0907942414219343,-1,-0.0083116832700098,23.03303374835592,0.8327073513551966,0.037508788675633786
2023-10-25,19122.150390625,64049.05859375,-0.0083116832700098,-0.013440223951969,0.0961238484454278,-1,-0.0081296747195594,-0.0127068781238399,0.0936807867248673,-1,-0.013949914095014,20.446229967404904,-2.5868037809510156,-0.11230842663683671
2023-10-26,18857.25,63148.1484375,-0.013949914095014,-0.0083116832700098,0.1053458186825207,-1,-0.0141658019494754,-0.0081296747195594,0.1032441847771689,-1,0.0100252788637633,22.200338440679246,1.7541084732743428,0.08579129140534558
2023-10-27,19047.25,63782.80078125,0.0100252788637633,-0.013949914095014,0.1132713955187932,1,0.0100000454808712,-0.0141658019494754,0.1114643696481887,1,0.0049046930738934,23.89229945285592,1.691961012176673,0.07621329813046329
2023-10-30,19140.900390625,64112.6484375,0.0049046930738934,0.0100252788637633,0.1145885078992169,1,0.0051580942025695,0.0100000454808712,0.1130062245773709,1,-0.0032077463043944,22.961468537554595,-0.9308309153013248,-0.03895945290397984
2023-10-31,19079.599609375,63874.9296875,-0.0032077463043944,0.0049046930738934,0.1106859052673333,-1,-0.0037147202383565,0.0051580942025695,0.1097612256000906,-1,-0.0047518969731957,26.283281678773314,3.321813141218719,0.14466901957014344
2023-11-01,18989.150390625,63591.328125,-0.0047518969731957,-0.0032077463043944,0.1083635922799736,-1,-0.0044498369267948,-0.0037147202383565,0.1079952468267951,-1,0.0075598752540646,23.818309131273864,-2.4649725474994497,-0.09378480882355689
2023-11-02,19133.25,64080.8984375,0.0075598752540646,-0.0047518969731957,0.111782179301598,1,0.0076692124083649,-0.0044498369267948,0.1119653605775636,1,0.0050750808020812,24.647973502259433,0.8296643709855687,0.03483305075993859
2023-11-03,19230.599609375,64363.78125,0.0050750808020812,0.0075598752540646,0.1127750297836001,1,0.0044047487300837,0.0076692124083649,0.1128091096756602,1,0.0093758127789547,24.603265515694837,-0.04470798656459607,-0.0018138605415368714
2023-11-06,19411.75,64958.69140625,0.0093758127789547,0.0050750808020812,0.1160449972222967,1,0.0092004790901592,0.0044047487300837,0.1155463745174023,1,-0.0002602258142791,25.951447437200322,1.3481819215054855,0.0547968691654146
2023-11-07,19406.69921875,64942.3984375,-0.0002602258142791,0.0093758127789547,0.1141010896878081,0,-0.000250851919026,0.0092004790901592,0.1134663998389119,0,0.0018944969651071,23.772152086188225,-2.1792953510120974,-0.08397586902563936
2023-11-08,19443.5,64975.609375,0.0018944969651071,-0.0002602258142791,0.1117944173172334,0,0.000511259967461,-0.000250851919026,0.1109596608600261,0,-0.002482015022314,20.585777835811648,-3.186374250376577,-0.13403810638700575
2023-11-09,19395.30078125,64832.19921875,-0.002482015022314,0.0018944969651071,0.1068341511197389,-1,-0.0022095776232635,0.000511259967461,0.1061165749978248,-1,0.0015480850435944,23.482791015479172,2.8970131796675247,0.1407288664423354
2023-11-10,19425.349609375,64904.6796875,0.0015480850435944,-0.002482015022314,0.1042636980982882,0,0.0011173457678618,-0.0022095776232635,0.1034777225330142,0,0.0009365417093074,21.123656022245164,-2.359134993234008,-0.10046229137238993
2023-11-13,19443.55078125,64933.87109375,0.0009365417093074,0.0015480850435944,0.1044659112582512,0,0.0004496570019644,0.0011173457678618,0.1036233858912433,0,0.0118561902899385,21.38935776232561,0.2657017400804449,0.012578397404343189
2023-11-15,19675.44921875,65675.9296875,0.0118561902899385,0.0009365417093074,0.1131701593143875,1,0.0113631071153487,0.0004496570019644,0.1121217510856378,1,0.0045511500683312,24.489743968948936,3.1003862066233268,0.14494994384937665
2023-11-16,19765.19921875,65982.4765625,0.0045511500683312,0.0118561902899385,0.114295791111493,1,0.0046567087918693,0.0113631071153487,0.1133669244761535,1,-0.0016911889743673,25.90614525401657,1.4164012850676357,0.05783650849365851
2023-11-17,19731.80078125,65794.7265625,-0.0016911889743673,0.0045511500683312,0.113518896835567,0,-0.0028495084519487,0.0046567087918693,0.1127317506843054,-1,-0.0019175662679732,23.394432837028823,-2.5117124169877485,-0.09695430919419878
2023-11-20,19694.0,65655.1484375,-0.0019175662679732,-0.0016911889743673,0.1109255847908813,0,-0.0021236715129304,-0.0028495084519487,0.1092663821006928,-1,0.0045292011413009,23.710224504286057,0.3157916672572334,0.013498581883010896
2023-11-21,19783.400390625,65930.7734375,0.0045292011413009,-0.0019175662679732,0.1116000667075102,1,0.0041892840689384,-0.0021236715129304,0.1094329395960591,1,0.0014370018446946,26.5644365600215,2.8542120557354416,0.12037895529919984
2023-11-22,19811.849609375,66023.2421875,0.0014370018446946,0.0045292011413009,0.1103904183700276,0,0.0014015301421222,0.0041892840689384,0.1086325992474079,0,-0.000497281111283,23.5205481959799,-3.0438883640415995,-0.11458509037690412
2023-11-23,19802.0,66017.8125,-0.000497281111283,0.0014370018446946,0.0979801161992128,0,-8.224241340556277e-05,0.0014015301421222,0.0976053475287342,0,-0.0003687570669664,27.001377848282072,3.480829652302173,0.14799100868308468
2023-11-24,19794.69921875,65970.0390625,-0.0003687570669664,-0.000497281111283,0.0918680422666029,0,-0.000723906617476,-8.224241340556277e-05,0.0920377050018122,0,0.0047877848833909,22.31782351792338,-4.683554330358692,-0.17345612348655304
2023-11-28,19889.69921875,66174.203125,0.0047877848833909,-0.0003687570669664,0.0727234507881424,1,0.0030900207465823,-0.000723906617476,0.0726101089987894,1,0.0103486565738691,15.750819560502604,-6.567003957420775,-0.29424930043679365
2023-11-29,20096.599609375,66901.90625,0.0103486565738691,0.0047877848833909,0.0731503066650019,1,0.0109367546427674,0.0030900207465823,0.0739337212987633,1,0.0018171025823992,20.821713908709256,5.070894348206652,0.32194479333142967
2023-11-30,20133.150390625,66988.4375,0.0018171025823992,0.0103486565738691,0.0726804119629833,0,0.0012925691222234,0.0109367546427674,0.0732428322411487,0,0.0066706433156343,20.030357966063885,-0.7913559426453709,-0.0380062825814913
2023-12-01,20267.900390625,67481.1875,0.0066706433156343,0.0018171025823992,0.071104173112926,1,0.0073288254582993,0.0012925691222234,0.0721993577233468,1,0.0204574804837739,21.68992281945809,1.6595648533942047,0.08285248102934029
2023-12-04,20686.80078125,68865.1171875,0.0204574804837739,0.0066706433156343,0.088518061752267,1,0.0203009127371379,0.0073288254582993,0.0903175793760105,1,0.0081026504477443,22.198168877766616,0.5082460583085258,0.023432359005564507
2023-12-05,20855.099609375,69296.140625,0.0081026504477443,0.0204574804837739,0.0888066092492273,1,0.0062394457413011,0.0203009127371379,0.0896781426273627,1,0.0039528205452235,20.60374895695518,-1.5944199208114362,-0.0718266416293637
2023-12-06,20937.69921875,69653.7265625,0.0039528205452235,0.0081026504477443,0.0887369520046533,1,0.0051469891141772,0.0062394457413011,0.0897857377926066,1,-0.0017471243957791,18.4250987278866,-2.1786502290685803,-0.10574047633856154
2023-12-07,20901.150390625,69521.6875,-0.0017471243957791,0.0039528205452235,0.0886907535961061,0,-0.0018974486694301,0.0051469891141772,0.0895447077882861,0,0.0032600507599202,20.451028845038557,2.025930117151958,0.10995491243070998
2023-12-08,20969.400390625,69825.6015625,0.0032600507599202,-0.0017471243957791,0.0876321093319919,1,0.0043619728294781,-0.0018974486694301,0.0887054145350065,1,0.0013200635160099,19.062170024780592,-1.3888588202579655,-0.06791144009338701
2023-12-11,20997.099609375,69928.53125,0.0013200635160099,0.0032600507599202,0.0878026599440592,0,0.0014730112668536,0.0043619728294781,0.0883655403632751,0,-0.0043289634704181,19.619219094796474,0.5570490700158821,0.029222752146881747
2023-12-12,20906.400390625,69551.03125,-0.0043289634704181,0.0013200635160099,0.0896444956898861,-1,-0.0054129926274196,0.0014730112668536,0.0916099116179719,-1,0.0009537608817135,22.14160637782983,2.522387283033357,0.128567160132401
2023-12-13,20926.349609375,69584.6015625,0.0009537608817135,-0.0043289634704181,0.0898370486941859,0,0.0004825552228835,-0.0054129926274196,0.0918305872798228,0,0.0121756621637251,24.323513878121403,2.1819075002915724,0.09854332441192226
2023-12-14,21182.69921875,70514.203125,0.0121756621637251,0.0009537608817135,0.0940634139813452,1,0.0132708513486156,0.0004825552228835,0.0973629587345192,1,0.0128498649215015,22.19568445778048,-2.127829420340923,-0.08748034642539337
2023-12-15,21456.650390625,71483.75,0.0128498649215015,0.0121756621637251,0.0951551770029531,1,0.0136559988490467,0.0132708513486156,0.0998617037967859,1,-0.0017725827811074,19.12375157622494,-3.07193288155554,-0.13840225956531405
2023-12-18,21418.650390625,71315.09375,-0.0017725827811074,0.0128498649215015,0.097297280971588,0,-0.0023621525776092,0.0136559988490467,0.102242800888846,-1,0.0016070828069474,22.618933433599082,3.495181857374142,0.18276653738377502
2023-12-19,21453.099609375,71437.1875,0.0016070828069474,-0.0017725827811074,0.09559686965208,0,0.0017105685275482,-0.0023621525776092,0.0997516379369232,0,-0.0142221227330497,23.9529499384993,1.3340165049002195,0.05897786952759754
2023-12-20,21150.150390625,70506.3125,-0.0142221227330497,0.0016070828069474,0.1130713199709473,-1,-0.0131163222753306,0.0017105685275482,0.1143420031708658,-1,0.0049475348167753,22.087566188455966,-1.8653837500433355,-0.07787699447595497
2023-12-21,21255.05078125,70865.1015625,0.0049475348167753,-0.0142221227330497,0.1131333775739528,1,0.0050758469837165,-0.0131163222753306,0.1144608245522669,1,0.0044291035803757,23.045303424049443,0.957737235593477,0.04336092204192399
2023-12-22,21349.400390625,71106.9609375,0.0044291035803757,0.0049475348167753,0.1129483058201599,1,0.0034071436973206,0.0050758469837165,0.1142220850036803,1,0.0042976278879013,23.324206971474382,0.27890354742493884,0.012102402918847455
2023-12-26,21441.349609375,71336.796875,0.0042976278879013,0.0044291035803757,0.1119958068484484,1,0.0032270439994739,0.0034071436973206,0.113475414104422,1,0.0099035475021389,21.629784058680357,-1.6944229127940247,-0.07264653905988372
2023-12-27,21654.75,72038.4296875,0.0099035475021389,0.0042976278879013,0.112842350052442,1,0.009787442786779,0.0032270439994739,0.1141638221162924,1,0.0057075621422148,24.58079587293192,2.9510118142515616,0.13643279129581853
2023-12-28,21778.69921875,72410.3828125,0.0057075621422148,0.0099035475021389,0.1129397805580295,1,0.0051499758377843,0.009787442786779,0.1141366551244101,1,-0.0021741548367498,23.052081758587388,-1.528714114344531,-0.06219140023972669
2023-12-29,21731.400390625,72240.2578125,-0.0021741548367498,0.0057075621422148,0.1128490493060548,-1,-0.002352220186594,0.0051499758377843,0.1136660204297604,-1,0.000483055117301,24.123969818419535,1.0718880598321476,0.04649853627353395
2024-01-01,21741.900390625,,0.000483055117301,-0.0021741548367498,0.1132270990984482,0,,-0.002352220186594,0.1162849576581162,0,-0.003506275858172,21.54772555424062,-2.5762442641789143,-0.10679188722130872
2024-01-02,21665.80078125,71892.4765625,-0.003506275858172,0.000483055117301,0.1152877840506248,-1,,,0.1186894459154469,0,-0.0068754481934599,22.653861804415662,1.106136250175041,0.05133424627070915
2024-01-03,21517.349609375,71356.6015625,-0.0068754481934599,-0.003506275858172,0.1017499612109121,-1,-0.0074817584409162,,0.1064073751733866,-1,0.0065430178827624,23.619758836746755,0.9658970323310925,0.04263719098625485
2024-01-04,21658.599609375,71847.5703125,0.0065430178827624,-0.0068754481934599,0.1006849502163382,1,0.0068569325494925,-0.0074817584409162,0.1067648447821046,1,0.002407282397897,21.322828717450285,-2.2969301192964693,-0.09724612919091236
2024-01-05,21710.80078125,72026.1484375,0.002407282397897,0.0065430178827624,0.1004105767287633,1,0.0024824299845475,0.0068569325494925,0.1061594295947336,1,-0.0091524650052922,25.49498537534314,4.172156657892856,0.19566619012788045
2024-01-08,21513.0,71355.21875,-0.0091524650052922,0.002407282397897,0.1067173832497189,-1,-0.0093587416225699,0.0024824299845475,0.1132516788822891,-1,0.0014793871720368,21.872465953742683,-3.622519421600458,-0.14208752694966797
2024-01-09,21544.849609375,71386.2109375,0.0014793871720368,-0.0091524650052922,0.1064988972114527,0,0.0004342423647411,-0.0093587416225699,0.1128248688484437,0,0.0034218540152167,23.09925917264904,1.2267932189063586,0.056088473128766525
2024-01-10,21618.69921875,71657.7109375,0.0034218540152167,0.0014793871720368,0.1067551485483283,1,0.0037960414181296,0.0004342423647411,0.1131576114385439,1,0.001317434984659,24.54069651857901,1.4414373459299696,0.06240188636165089
2024-01-11,21647.19921875,71721.1796875,0.001317434984659,0.0034218540152167,0.1047167738613699,0,0.0008853291285618,0.0037960414181296,0.1100211988609614,0,0.0113617033464997,19.634945920270926,-4.905750598308085,-0.19990266350403263
2024-01-12,21894.55078125,72568.453125,0.0113617033464997,0.001317434984659,0.1099125284043155,1,0.0117442003198572,0.0008853291285618,0.1155374835202173,1,0.0092243988092869,19.469635216469996,-0.16531070380093027,-0.008419208510794252
2024-01-15,22097.44921875,73327.9375,0.0092243988092869,0.0113617033464997,0.1069576321404357,1,0.0104113779951171,0.0117442003198572,0.1122144862052544,1,-0.0029525879856159,19.64445058490338,0.17481536843338574,0.008978872304988172
2024-01-16,22032.30078125,73128.7734375,-0.0029525879856159,0.0092243988092869,0.1006039406622596,-1,-0.0027197686469331,0.0104113779951171,0.1046325043387152,-1,-0.0211157704737447,24.585562273080324,4.941111688176942,0.2515271000744683
2024-01-17,21571.94921875,71500.7578125,-0.0211157704737447,-0.0029525879856159,0.1268449224224631,-1,-0.0225138583647374,-0.0027197686469331,0.1359626119107449,-1,-0.0050982455047793,23.580775950461415,-1.0047863226189087,-0.04086895843415739
2024-01-18,21462.25,71186.859375,-0.0050982455047793,-0.0211157704737447,0.1281210397941282,-1,-0.0043998063751474,-0.0225138583647374,0.1369497741624592,-1,0.0074342545093672,29.928502550749325,6.34772660028791,0.26919074307067925
2024-01-19,21622.400390625,71683.2265625,0.0074342545093672,-0.0050982455047793,0.1194584090067913,1,0.0069485390364638,-0.0043998063751474,0.1291785960999013,1,-0.0179000980548101,22.817345703364353,-7.111156847384972,-0.23760483289555456
2024-01-23,21238.80078125,70370.546875,-0.0179000980548101,0.0074342545093672,0.1352454699518423,-1,-0.0184819737105941,0.0069485390364638,0.1464305641872399,-1,0.0100790068029252,25.893649601578304,3.0763038982139506,0.13482303937571305
2024-01-24,21453.94921875,71060.3125,0.0100790068029252,-0.0179000980548101,0.1389610893494559,1,0.0097541809045609,-0.0184819737105941,0.1503399115527809,1,-0.0047352473640612,28.98032884008134,3.086679238503038,0.11920603259862195
2024-01-25,21352.599609375,70700.671875,-0.0047352473640612,0.0100790068029252,0.1391545458436694,-1,-0.0050739122354692,0.0097541809045609,0.1510528180699384,-1,0.0178699682193025,29.92764036068519,0.9473115206038472,0.03268808735164064
2024-01-29,21737.599609375,71941.5703125,0.0178699682193025,-0.0047352473640612,0.148840116861412,1,0.0173991900753203,-0.0050739122354692,0.1603674957448696,1,-0.0099631660190465,31.007018839413995,1.079378478728806,0.03606627404366791
2024-01-30,21522.099609375,71139.8984375,-0.0099631660190465,0.0178699682193025,0.1513873186065751,-1,-0.0112059272385399,0.0173991900753203,0.1642900310940907,-1,0.009415559590485,29.555464321843793,-1.4515545175702016,-0.04681373998215799
2024-01-31,21725.69921875,71752.109375,0.009415559590485,-0.0099631660190465,0.1551123060314312,1,0.0085689142856799,-0.0112059272385399,0.1675143560264102,1,-0.0013011495021482,29.559355654766044,0.0038913329222509674,0.0001316620466482732
2024-02-01,21697.44921875,71645.296875,-0.0013011495021482,0.009415559590485,0.1551636144260952,0,-0.001489741307707,0.0085689142856799,0.1631208046089779,0,0.0071801490987671,28.701415341011884,-0.8579403137541597,-0.029024323932305585
2024-02-02,21853.80078125,72085.6328125,0.0071801490987671,-0.0013011495021482,0.1566146718976727,1,0.0061272450695065,-0.001489741307707,0.1604810704734118,1,-0.0037639297855089,29.218189342100544,0.5167740010886597,0.0180051748301846
2024-02-05,21771.69921875,71731.421875,-0.0037639297855089,0.0071801490987671,0.1551546605404452,-1,-0.0049258643835812,0.0061272450695065,0.159193111275303,-1,0.0072172946598549,26.41309462138745,-2.805094720713093,-0.09600508395197604
2024-02-06,21929.400390625,72186.09375,0.0072172946598549,-0.0037639297855089,0.1554994969866195,1,0.0063185274663726,-0.0049258643835812,0.1589222343063945,1,5.014190025218764e-05,25.913551931817334,-0.4995426895701165,-0.018912690721428094
2024-02-07,21930.5,72152.0,5.014190025218764e-05,0.0072172946598549,0.155367053217795,0,-0.0004724151434773,0.0063185274663726,0.1587226211682737,0,-0.0097392904057516,27.529956406957595,1.6164044751402606,0.06237680111909305
2024-02-08,21717.94921875,71428.4296875,-0.0097392904057516,5.014190025218764e-05,0.1558380261192384,-1,-0.0100790398734974,-0.0004724151434773,0.1592811374609642,-1,0.00296782354157,27.24343336687398,-0.2865230400836154,-0.010407682302439158
2024-02-09,21782.5,71595.4921875,0.00296782354157,-0.0097392904057516,0.1560468839924653,1,0.0023361487195952,-0.0100790398734974,0.159475263497615,1,-0.0076707646646054,26.698232300591982,-0.5452010662819973,-0.02001220106658519
2024-02-12,21616.05078125,71072.4921875,-0.0076707646646054,0.00296782354157,0.1581666348730017,-1,-0.0073317408258907,0.0023361487195952,0.1609126910778715,-1,0.0058672340814856,29.2094383822136,2.5112060816216193,0.09405888949306718
2024-02-13,21743.25,71555.1875,0.0058672340814856,-0.0076707646646054,0.159426509003105,1,0.0067686322377511,-0.0073317408258907,0.1627802381431076,1,0.0044421114826255,29.853261317451523,0.643822935237921,0.022041606100511757
2024-02-14,21840.05078125,71822.828125,0.0044421114826255,0.0058672340814856,0.1550708237400295,1,0.0037333608600659,0.0067686322377511,0.1577161232386471,1,0.003231907943473,27.683896146586644,-2.1693651708648787,-0.07266761067732053
2024-02-15,21910.75,72050.3828125,0.003231907943473,0.0044421114826255,0.1518781551726588,1,0.0031632696005751,0.0037333608600659,0.1533404852203897,1,0.00591332480386,30.142875679376402,2.4589795327897583,0.088823463278775
2024-02-16,22040.69921875,72426.640625,0.00591332480386,0.003231907943473,0.1531039755878583,1,0.0052085605610565,0.0031632696005751,0.1545685299076338,1,0.0036931806134258,25.02701933051882,-5.115856348857584,-0.169720248435282
2024-02-19,22122.25,72708.15625,0.0036931806134258,0.00591332480386,0.1327178020192413,1,0.0038793726124673,0.0052085605610565,0.1325972999281078,1,0.0033709674724873,24.884461283364693,-0.14255804715412523,-0.005696165622898763
2024-02-20,22196.94921875,73057.3984375,0.0033709674724873,0.0036931806134258,0.1308841050472372,1,0.0047918434024622,0.0038793726124673,0.1318789332221593,1,-0.0064132208193745,23.654765863518108,-1.2296954198465855,-0.049416196149226654
2024-02-21,22055.05078125,72623.09375,-0.0064132208193745,0.0033709674724873,0.1318967950418973,-1,-0.0059624451789349,0.0047918434024622,0.1324140099097696,-1,0.0073363449492495,21.456606270043608,-2.1981595934745,-0.09292671109734563
2024-02-22,22217.44921875,73158.2421875,0.0073363449492495,-0.0064132208193745,0.1142611429863912,1,0.0073418292935009,-0.0059624451789349,0.1144766643203682,1,-0.0002138187777958,23.26075292695372,1.8041466569101132,0.08408350482848492
2024-02-23,22212.69921875,73142.796875,-0.0002138187777958,0.0073363449492495,0.1107656969629562,0,-0.0002111442633128,0.0073418292935009,0.1109578845352966,0,-0.004089278221713,22.83307467952905,-0.4276782474246694,-0.01838625984153297
2024-02-26,22122.05078125,72790.1328125,-0.004089278221713,-0.0002138187777958,0.1103178293168204,-1,-0.0048332442825845,-0.0002111442633128,0.1107846236192424,-1,0.0034430602082678,26.058682418166303,3.225607738637251,0.14126909248578623
2024-02-27,22198.349609375,73095.21875,0.0034430602082678,-0.004089278221713,0.0937217120651687,1,0.0041825499131979,-0.0048332442825845,0.0950597284103614,1,-0.0111983964511737,22.633794575626425,-3.424887842539878,-0.13142981627314676
2024-02-28,21951.150390625,72304.8828125,-0.0111983964511737,0.0034430602082678,0.095620553926974,-1,-0.010871295312955,0.0041825499131979,0.0945347076105813,-1,0.0014408171929075,19.51368174403899,-3.1201128315874342,-0.13785195501188208
2024-02-29,21982.80078125,72500.296875,0.0014408171929075,-0.0111983964511737,0.0905713154207567,0,0.0026989943529274,-0.010871295312955,0.0905382133996065,1,0.0160624736924449,24.76531667474405,5.251634930705059,0.26912578567134426
2024-03-01,22338.75,73745.3515625,0.0160624736924449,0.0014408171929075,0.1049125512904591,1,0.0170273068926281,0.0026989943529274,0.1067055846072312,1,0.0029880715530739,24.933322520096617,0.16800584535256746,0.006783916699272474
2024-03-04,22405.599609375,73872.2890625,0.0029880715530739,0.0160624736924449,0.1029832071879878,1,0.0017198152029818,0.0170273068926281,0.1053159534774586,0,-0.0022027147028049,23.46251612573601,-1.4708063943606078,-0.05898958685410327
2024-03-05,22356.30078125,73677.1328125,-0.0022027147028049,0.0029880715530739,0.1021762700406407,-1,-0.002645301639579,0.0017198152029818,0.1039411817067006,-1,0.0052531495595052,21.76465880636441,-1.6978573193716002,-0.07236467351893361
2024-03-06,22474.05078125,74085.9921875,0.0052531495595052,-0.0022027147028049,0.1009529960898006,1,0.0055339979910038,-0.002645301639579,0.1034960534879028,1,0.0008672911404987,20.1764211355331,-1.5882376708313082,-0.07297324001086003
2024-03-07,22493.55078125,74119.390625,0.0008672911404987,0.0052531495595052,0.1008786205043217,0,0.0004507047913047,0.0055339979910038,0.1033532347682396,0,-0.0071788854481033,21.343448498290066,1.167027362756965,0.05784114808654994
2024-03-11,22332.650390625,73502.640625,-0.0071788854481033,0.0008672911404987,0.0977183468172673,-1,-0.0083558474739863,0.0004507047913047,0.1011148749972804,-1,0.0001365095489935,23.949331921135098,2.6058834228450323,0.12209289530011058
2024-03-12,22335.69921875,73667.9609375,0.0001365095489935,-0.0071788854481033,0.0976122352546695,0,0.0022466495384505,-0.0083558474739863,0.1011044979300026,1,-0.0152483933565969,25.53039613733617,1.5810642162010708,0.06601704888501692
2024-03-13,21997.69921875,72761.890625,-0.0152483933565969,0.0001365095489935,0.1091330604927153,-1,-0.0123756442695328,0.0022466495384505,0.1078519382334572,-1,0.0067483942326731,25.999793105815908,0.4693969684797388,0.018385808271626614
2024-03-14,22146.650390625,73097.28125,0.0067483942326731,-0.0152483933565969,0.1096864591829065,1,0.0045988361485208,-0.0123756442695328,0.1066752219838957,1,-0.0055830247464483,21.9909470747181,-4.008846031097807,-0.15418761275454407
2024-03-15,22023.349609375,72643.4296875,-0.0055830247464483,0.0067483942326731,0.1110679205844327,-1,-0.0062282258222137,0.0045988361485208,0.1090325257411267,-1,0.0014678000566242,20.86755719186525,-1.1233898828528517,-0.051084197467073045
2024-03-18,22055.69921875,72748.421875,0.0014678000566242,-0.0055830247464483,0.1106681731467099,0,0.0014442653370455,-0.0062282258222137,0.1086736244961968,0,-0.0108609639603587,23.348589808493397,2.4810326166281484,0.1188942526341954
2024-03-19,21817.44921875,72012.046875,-0.0108609639603587,0.0014678000566242,0.1151392917229067,-1,-0.0101737906481129,0.0014442653370455,0.1131737950726317,-1,0.0009918508439663,19.977050441164966,-3.371539367328431,-0.14440012844381644
2024-03-20,21839.099609375,72101.6875,0.0009918508439663,-0.0108609639603587,0.1142812907419014,0,0.0012440262817339,-0.0101737906481129,0.112320353567734,0,0.0078835288646751,24.0744645025597,4.097414061394733,0.20510605774672075
2024-03-21,22011.94921875,72641.1875,0.0078835288646751,0.0009918508439663,0.1172930667765568,1,0.0074546328916296,0.0012440262817339,0.1142333379643637,1,0.0038450866714008,23.434101505058344,-0.6403629975013558,-0.02659926236088328
2024-03-22,22096.75,72831.9375,0.0038450866714008,0.0078835288646751,0.1160414045021302,1,0.0026224790224577,0.0074546328916296,0.1127058510803393,1,-0.0041745074847941,22.672067446476536,-0.7620340585818077,-0.03251816838026922
2024-03-26,22004.69921875,72470.296875,-0.0041745074847941,0.0038450866714008,0.1138139560095987,-1,-0.004977781288665,0.0026224790224577,0.1108468907434696,-1,0.0053911583385007,20.19198946642628,-2.4800779800502575,-0.10938914088470952
2024-03-27,22123.650390625,72996.3125,0.0053911583385007,-0.0041745074847941,0.1156076202036164,1,0.0072321465384028,-0.004977781288665,0.1140028455782665,1,0.0091450572802347,24.587962233501074,4.395972767074795,0.2177087490256513
2024-03-28,22326.900390625,73651.3515625,0.0091450572802347,0.0053911583385007,0.1190247539894004,1,0.0089335677204651,0.0072321465384028,0.1167360345606347,1,0.0060327455209344,22.837073719616217,-1.7508885138848562,-0.07120917533781113
2024-04-01,22462.0,74014.546875,0.0060327455209344,0.0091450572802347,0.12018078036295,1,0.0049191593824986,0.0089335677204651,0.117051505065832,1,-0.0003873610421153,21.678244364874423,-1.158829354741794,-0.05074333817762311
2024-04-02,22453.30078125,73903.90625,-0.0003873610421153,0.0060327455209344,0.1124362768001193,0,-0.001495968126982,0.0049191593824986,0.1097577677007654,0,-0.000830975404816,17.49910325344863,-4.179141111425793,-0.1927804226710036
2024-04-03,22434.650390625,73876.8203125,-0.000830975404816,-0.0003873610421153,0.1126189307392542,0,-0.0003665692872588,-0.001495968126982,0.1096882123341004,0,0.0035595696965144,23.206863263824147,5.707760010375516,0.3261744289239885
2024-04-04,22514.650390625,74227.6328125,0.0035595696965144,-0.000830975404816,0.0990116430259648,1,0.0047373748553336,-0.0003665692872588,0.0940634610240033,1,-4.22476898839797e-05,25.445667495935968,2.2388042321118213,0.09647164317987622
2024-04-05,22513.69921875,74248.21875,-4.22476898839797e-05,0.0035595696965144,0.0985588139205015,0,0.0002772967780991,0.0047373748553336,0.0939237505976756,0,0.0067552962734934,25.17839982114589,-0.2672676747900766,-0.010503464876005397
2024-04-08,22666.30078125,74742.5,0.0067552962734934,-4.22476898839797e-05,0.100637009893522,1,0.0066350852927409,0.0002772967780991,0.0958123356460162,1,-0.0010395619844089,21.149508476179655,-4.028891344966237,-0.16001379649165004
2024-04-09,22642.75,74683.703125,-0.0010395619844089,0.0067552962734934,0.099367751876142,0,-0.0007869687752866,0.0066350852927409,0.0942701076371246,0,0.0048924863608352,20.732351066890637,-0.41715740928901823,-0.019724212964989496
2024-04-10,22753.80078125,75038.1484375,0.0048924863608352,-0.0010395619844089,0.1005993430023522,1,0.0047347260396897,-0.0007869687752866,0.0954695522207688,1,-0.0103550214717636,22.997482812385268,2.2651317454946316,0.10925590340364355
2024-04-12,22519.400390625,74244.8984375,-0.0103550214717636,0.0048924863608352,0.1042099529255571,-1,-0.0106275626433465,0.0047347260396897,0.0984291434212561,-1,-0.0110244436660376,20.424224414179125,-2.5732583982061428,-0.11189304582588133
2024-04-15,22272.5,73399.78125,-0.0110244436660376,-0.0103550214717636,0.1114793841833695,-1,-0.0114481120390569,-0.0106275626433465,0.1064360798880259,-1,-0.0056100321053902,23.751522217975882,3.327297803796757,0.16290938330499571
2024-04-16,22147.900390625,72943.6796875,-0.0056100321053902,-0.0110244436660376,0.0993557741505328,-1,-0.0062333231204192,-0.0114481120390569,0.0994619288319453,-1,-0.0068889200657005,23.46773797182266,-0.2837842461532212,-0.011948044573683925
2024-04-18,21995.849609375,72488.9921875,-0.0068889200657005,-0.0056100321053902,0.0994760786834986,-1,-0.00625291381393,-0.0062333231204192,0.100402581663879,-1,0.0068482656961372,24.401474316118474,0.9337363442958129,0.03978808462140382
2024-04-19,22147.0,73088.328125,0.0068482656961372,-0.0068889200657005,0.1005130437708198,1,0.0082339655980374,-0.00625291381393,0.102302012455196,1,0.0085156050796275,21.850996224122074,-2.5504780919964,-0.1045214751762632
2024-04-22,22336.400390625,73648.6171875,0.0085156050796275,0.0068482656961372,0.1044617997794122,1,0.0076366832396442,0.0082339655980374,0.1053843402295771,1,0.0014137138340638,22.038832477587288,0.18783625346521404,0.008596232937785109
2024-04-23,22368.0,73738.453125,0.0014137138340638,0.0085156050796275,0.095783436130731,0,0.0012190478911723,0.0076366832396442,0.0978488468091813,0,0.0015367473640989,19.822378439559976,-2.2164540380273117,-0.1005703927502225
2024-04-24,22402.400390625,73852.9375,0.0015367473640989,0.0014137138340638,0.0957880662990666,0,0.0015513695951566,0.0012190478911723,0.0978592247400055,0,0.0074689672972998,19.92504592182694,0.10266748226696265,0.0051793725248463485
2024-04-25,22570.349609375,74339.4375,0.0074689672972998,0.0015367473640989,0.0954344062775753,1,0.0065658134940641,0.0015513695951566,0.0971829890824697,1,-0.0066859280691195,21.090482843954476,1.1654369221275367,0.05849105325528292
2024-04-26,22419.94921875,73730.15625,-0.0066859280691195,0.0074689672972998,0.09866468921889,-1,-0.008229707036438,0.0065658134940641,0.102183836864141,-1,0.0099172833455234,22.601199935521358,1.5107170915668817,0.07163027526417798
2024-04-29,22643.400390625,74671.28125,0.0099172833455234,-0.0066859280691195,0.1019298561144943,1,0.0126836725145092,-0.008229707036438,0.1082101051965005,1,-0.0017039682453004,24.020154863915927,1.4189549283945695,0.0627822829072211
2024-04-30,22604.849609375,74482.78125,-0.0017039682453004,0.0099172833455234,0.1013581364272884,0,-0.0025275892214593,0.0126836725145092,0.1068837814483324,-1,0.0019158763335262,20.52945574136815,-3.4906991225477775,-0.14532375591764612
2024-05-02,22648.19921875,74611.109375,0.0019158763335262,-0.0017039682453004,0.0970631915836458,0,0.0017214408471364,-0.0025275892214593,0.1029521780327653,0,-0.0076389620148829,24.691696296283624,4.162240554915474,0.20274480762431013
2024-05-03,22475.849609375,73878.1484375,-0.0076389620148829,0.0019158763335262,0.0990970106931254,-1,-0.0098723220968327,0.0017214408471364,0.1077998948483049,-1,-0.0014760226012829,21.367453867227404,-3.32424242905622,-0.1346299739462029
2024-05-06,22442.69921875,73895.5390625,-0.0014760226012829,-0.0076389620148829,0.0992263672196487,0,0.0002353683578517,-0.0098723220968327,0.1076817129166067,0,-0.006266579655461,21.879902133267997,0.5124482660405931,0.0239826546122357
2024-05-07,22302.5,73511.8515625,-0.006266579655461,-0.0014760226012829,0.1015439101104762,-1,-0.0052058226508984,0.0002353683578517,0.1091806626604895,-1,0.0,20.659967652751973,-1.2199344805160237,-0.05575593862740069
2024-05-08,22302.5,73466.390625,0.0,-0.006266579655461,0.1005916457904732,0,-0.0006186077377594,-0.0052058226508984,0.1076727363188213,0,-0.015590012996666,17.210684058501435,-3.449283594250538,-0.16695493682397333
2024-05-09,21957.5,72404.171875,-0.015590012996666,0.0,0.1133992545037012,-1,-0.0145641109162061,-0.0006186077377594,0.1181072661452889,-1,0.00443959952266,25.10801624309222,7.897332184590784,0.45886219035493814
2024-05-10,22055.19921875,72664.46875,0.00443959952266,-0.015590012996666,0.1116244510973016,1,0.0035886067894834,-0.0145641109162061,0.1160145361976541,1,0.0022125186649836,24.636132903915026,-0.47188333917719305,-0.01879413071142244
2024-05-13,22104.05078125,72776.1328125,0.0022125186649836,0.00443959952266,0.1122871077763113,1,0.0015355283633447,0.0035886067894834,0.1164329196512145,0,0.0051351172756336,22.666055663394705,-1.9700772405203217,-0.0799669837877538
2024-05-14,22217.849609375,73104.609375,0.0051351172756336,0.0022125186649836,0.1124545501797163,1,0.0045033650461023,0.0015355283633447,0.1162861935701847,1,-0.0007789037357247,23.379436452421373,0.7133807890266688,0.0314735302701461
2024-05-15,22200.55078125,72987.03125,-0.0007789037357247,0.0051351172756336,0.1073382750709402,0,-0.0016096492569153,0.0045033650461023,0.1112012621597116,0,0.0091157031198713,23.76570594250222,0.38626949008084566,0.016521762227542425
2024-05-16,22403.849609375,73663.71875,0.0091157031198713,-0.0007789037357247,0.1055386039150776,1,0.0092286238241756,-0.0016096492569153,0.1093386452795397,1,0.0027746873362616,19.428768677734674,-4.3369372647675455,-0.18248720552463937
2024-05-17,22466.099609375,73917.03125,0.0027746873362616,0.0091157031198713,0.1036219308452595,1,0.003432869785055,0.0092286238241756,0.1073133925526443,1,0.0027981332388829,21.304087729833363,1.875319052098689,0.09652279478975934
2024-05-21,22529.05078125,73953.3125,0.0027981332388829,0.0027746873362616,0.100080327738995,1,0.000490717067506,0.003432869785055,0.1043647285374054,0,0.0030469687473969,23.596562133143156,2.292474403309793,0.10760725511374547
2024-05-22,22597.80078125,74221.0625,0.0030469687473969,0.0027981332388829,0.0981973229154348,1,0.0036139891451764,0.000490717067506,0.1014907669625727,1,0.0162341301383458,19.31115344520498,-4.285408687938176,-0.18161156967518566
2024-05-23,22967.650390625,75418.0390625,0.0162341301383458,0.0030469687473969,0.1087535110504934,1,0.0159985201818104,0.0036139891451764,0.1122242821999338,1,-0.0004594812790761,23.462466969382596,4.151313524177617,0.21496973425004828
2024-05-24,22957.099609375,75410.390625,-0.0004594812790761,0.0162341301383458,0.108928159127452,0,-0.0001014190431128,0.0159985201818104,0.1123043525432387,0,-0.0010743358183047,20.17965230349839,-3.2828146658842066,-0.13991771070655634
2024-05-27,22932.44921875,75390.5,-0.0010743358183047,-0.0004594812790761,0.1092130618889494,0,-0.0002637998361005,-0.0001014190431128,0.1123818457942432,0,-0.0019335775744709,23.854166153761994,3.6745138502636046,0.1820900476876195
2024-05-28,22888.150390625,75170.453125,-0.0019335775744709,-0.0010743358183047,0.1071564789246136,0,-0.0029230292065498,-0.0002637998361005,0.1112418711195898,-1,-0.0080474093408375,22.64436492786639,-1.2098012258956032,-0.05071655903196637
2024-05-29,22704.69921875,74502.8984375,-0.0080474093408375,-0.0019335775744709,0.1084296459868155,-1,-0.0089202133443335,-0.0029230292065498,0.1119503906303773,-1,-0.0095611622438567,19.61270096687053,-3.0316639609958607,-0.13388160677736927
2024-05-30,22488.650390625,73885.6015625,-0.0095611622438567,-0.0080474093408375,0.1083371562972515,-1,-0.0083200576317278,-0.0089202133443335,0.1066591005461417,-1,0.0018680341105537,25.163194338639492,5.550493371768962,0.2830050476548216
2024-05-31,22530.69921875,73961.3125,0.0018680341105537,-0.0095611622438567,0.1084714840312092,0,0.0010241802420853,-0.0083200576317278,0.106519466234756,0,0.0320240306745201,21.37796524952482,-3.7852290891146723,-0.15042720881037908
2024-06-03,23263.900390625,76468.78125,0.0320240306745201,0.0018680341105537,0.1556162247931506,1,0.0333404168661054,0.0010241802420853,0.1580561056752965,1,-0.0611241959627575,25.9411176052863,4.563152355761481,0.21345120092114045
2024-06-04,21884.5,72079.046875,-0.0611241959627575,0.0320240306745201,0.2656350620261061,-1,-0.0591191792487035,0.0333404168661054,0.2603649122467886,-1,0.0330713026490232,38.96464459707249,13.023526991786191,0.5020418622647256
2024-06-05,22620.349609375,74382.2421875,0.0330713026490232,-0.0611241959627575,0.2910404377321474,1,0.0314538430170104,-0.0591191792487035,0.2838903877491699,1,0.0088487830297353,43.40131847207217,4.436673874999677,0.11386409194485547
2024-06-06,22821.400390625,75074.5078125,0.0088487830297353,0.0330713026490232,0.2914038915784739,1,0.0092638248290094,0.0314538430170104,0.2847700598227179,1,0.0203318318180632,39.1087455198906,-4.2925729521815725,-0.09890420621538842
2024-06-07,23290.150390625,76693.359375,0.0203318318180632,0.0088487830297353,0.2988572766531525,1,0.0213340675164735,0.0092638248290094,0.2932246474483535,1,-0.0013298220789751,42.00908736501119,2.900341845120593,0.07416095317211058
2024-06-10,23259.19921875,76490.078125,-0.0013298220789751,0.0203318318180632,0.2922533626235278,0,-0.0026540907117249,0.0213340675164735,0.2875714539052948,-1,0.0002429019311563,42.08296926301392,0.07388189800273182,0.0017587122843394365
2024-06-11,23264.849609375,76456.59375,0.0002429019311563,-0.0013298220789751,0.2923078730976937,0,-0.0004378568702995,-0.0026540907117249,0.2877377534321257,0,0.0024941998100964,42.61699852429565,0.5340292612817308,0.012689914011155157
2024-06-12,23322.94921875,76606.5703125,0.0024941998100964,0.0002429019311563,0.2923054935287038,1,0.0019596695444642,-0.0004378568702995,0.2877250322271342,0,0.0032512085635553,41.58343246342483,-1.0335660608708253,-0.024252436742620342
2024-06-13,23398.900390625,76810.8984375,0.0032512085635553,0.0024941998100964,0.2921688736077382,1,0.0026636894413382,0.0019596695444642,0.2876295721276781,1,0.0028464728647632,40.48283168260717,-1.1006007808176577,-0.026467290351408712
2024-06-14,23465.599609375,76992.7734375,0.0028464728647632,0.0032512085635553,0.291931306386416,1,0.0023650291642218,0.0026636894413382,0.2872685855481252,1,0.0039257349959185,39.53795019734416,-0.9448814852630107,-0.02334030120894348
2024-06-18,23557.900390625,77301.140625,0.0039257349959185,0.0028464728647632,0.291032718640757,1,0.003997145317664,0.0023650291642218,0.2863048048662974,1,-0.0017801967265448,41.27555963016845,1.7376094328242928,0.04394788865258392
2024-06-19,23516.0,77337.59375,-0.0017801967265448,0.0039257349959185,0.2913847309526758,0,0.0004714617695566,0.003997145317664,0.2863403149517783,0,0.0021663878659495,38.99419507129637,-2.2813645588720846,-0.055271559715077134
2024-06-20,23567.0,77478.9296875,0.0021663878659495,-0.0017801967265448,0.2913759243487289,1,0.0018258513190517,0.0004714617695566,0.2862799338363876,0,-0.0028002164622532,35.29489146788367,-3.6993036034126945,-0.09486805912133711
2024-06-21,23501.099609375,77209.8984375,-0.0028002164622532,0.0021663878659495,0.2918514648328346,-1,-0.0034783574807697,0.0018258513190517,0.2868976563888784,-1,0.0015625352218749,42.058266091598796,6.763374623715123,0.1916247463140497
2024-06-24,23537.849609375,77341.078125,0.0015625352218749,-0.0028002164622532,0.2871380371342413,0,0.001697559237987,-0.0034783574807697,0.2822700444695836,0,0.0077636644675083,42.52167339559652,0.46340730399772667,0.011018221792321814
2024-06-25,23721.30078125,78053.5234375,0.0077636644675083,0.0015625352218749,0.2879626555053339,1,0.0091695631283047,0.001697559237987,0.283555953918899,1,0.006198787876631,36.07040067944972,-6.4512727161468035,-0.15171728205821
2024-06-26,23868.80078125,78674.25,0.006198787876631,0.0077636644675083,0.2882265833811955,1,0.0079211207364518,0.0091695631283047,0.2842800044127893,1,0.0073340806597626,38.80319692869968,2.732796249249958,0.07576284703726355
2024-06-27,24044.5,79243.1796875,0.0073340806597626,0.006198787876631,0.2884590052379076,1,0.007205438311834,0.0079211207364518,0.284221562497686,1,-0.0014108969297394,42.08420904580115,3.2810121171014757,0.08455520103486025
2024-06-28,24010.599609375,79032.7265625,-0.0014108969297394,0.0073340806597626,0.2863542481698807,0,-0.0026593213586714,0.007205438311834,0.2818660796957783,-1,0.0054555755969174,44.75041575641147,2.666206710610318,0.06335408864899006
2024-07-01,24141.94921875,79476.1875,0.0054555755969174,-0.0014108969297394,0.2829821312879364,1,0.0055954215211081,-0.0026593213586714,0.2790501061293898,1,-0.0007499973340487,40.33980054414445,-4.410615212267018,-0.09856031810464472
2024-07-02,24123.849609375,79441.453125,-0.0007499973340487,0.0054555755969174,0.2833033033662022,0,-0.0004371368139686,0.0055954215211081,0.2792575454851407,0,0.0067196789101684,38.87432445416195,-1.4654760899825021,-0.036328292907120585
2024-07-03,24286.5,79986.796875,0.0067196789101684,-0.0007499973340487,0.2638149907914246,1,0.0068412703140675,-0.0004371368139686,0.2577210756843945,1,0.0006441994597673,38.01570619693278,-0.8586182572291676,-0.022087027087547062
2024-07-04,24302.150390625,80049.671875,0.0006441994597673,0.0067196789101684,0.1305760275592077,0,0.0007857584427612,0.0068412703140675,0.1303972344244512,0,0.0008924945580705,27.80735559421714,-10.208350602715644,-0.26852981632994843
2024-07-05,24323.849609375,79996.6015625,0.0008924945580705,0.0006441994597673,0.0818801890131251,0,-0.0006631871308872,0.0007857584427612,0.0892558907372325,0,-0.0001356303337513,18.89609054306344,-8.911265051153698,-0.32046431099715567
2024-07-08,24320.55078125,79960.3828125,-0.0001356303337513,0.0008924945580705,0.0803266778742367,0,-0.0004528561320469,-0.0006631871308872,0.0876339018388399,0,0.0046211271118829,18.434283774123163,-0.46180676894027783,-0.024439275832629948
2024-07-09,24433.19921875,80351.640625,0.0046211271118829,-0.0001356303337513,0.0506378707999609,1,0.004881213285946,-0.0004528561320469,0.0576847166854756,1,-0.0044608459932337,16.098300035632025,-2.3359837384911373,-0.12671952797917962
2024-07-10,24324.44921875,79924.7734375,-0.0044608459932337,0.0046211271118829,0.0544681235075552,-1,-0.0053266502035933,0.004881213285946,0.0611672101416036,-1,-0.0003495037195243,15.540155134238095,-0.5581449013939306,-0.034671046020917196
2024-07-11,24315.94921875,79897.34375,-0.0003495037195243,-0.0044608459932337,0.054764916057573,0,-0.0003432527143554,-0.0053266502035933,0.0611187742760053,0,0.0076284032489554,17.72183223774689,2.1816771035087967,0.1403896605061632
2024-07-12,24502.150390625,80519.34375,0.0076284032489554,-0.0003495037195243,0.0580169925788358,1,0.0077548430505854,-0.0003432527143554,0.0641761612432063,1,0.0034447298074261,21.0510561748227,3.3292239370758097,0.18786003006984098
2024-07-15,24586.69921875,80664.859375,0.0034447298074261,0.0076284032489554,0.058058780941893,1,0.0018055822060979,0.0077548430505854,0.0641958795264241,0,0.0010691440871768,18.45203664042136,-2.599019534401343,-0.12346266680480378
2024-07-16,24613.0,80716.546875,0.0010691440871768,0.0034447298074261,0.0581966299754916,0,0.0006405632838184,0.0018055822060979,0.0644618408241561,0,0.0076031523871201,17.314955993296586,-1.1370806471247725,-0.06162358493445996
2024-07-18,24800.849609375,81343.4609375,0.0076031523871201,0.0010691440871768,0.0608462109379638,1,0.0077368525172523,0.0006405632838184,0.0669916901175445,1,-0.0109443477378994,17.500998555965293,0.18604256266870678,0.010744616546570107
2024-07-19,24530.900390625,80604.6484375,-0.0109443477378994,0.0076031523871201,0.0754094300147338,-1,-0.0091241278251157,0.0077368525172523,0.0778826786597153,-1,-0.000882965972133,16.414561384080066,-1.0864371718852261,-0.062078581882684
2024-07-22,24509.25,80502.078125,-0.000882965972133,-0.0109443477378994,0.0760677528031697,0,-0.0012733214626978,-0.0091241278251157,0.078690856214422,0,-0.0012329157000276,21.37299483461129,4.958433450531224,0.30207529366823316
2024-07-23,24479.05078125,80429.0390625,-0.0012329157000276,-0.000882965972133,0.0750429951273647,0,-0.0009077059650288,-0.0012733214626978,0.0769944431358816,0,-0.0026814236311497,19.348625118710867,-2.0243697159004235,-0.09471624035683446
2024-07-24,24413.5,80148.8828125,-0.0026814236311497,-0.0012329157000276,0.076734018184593,-1,-0.0034893530939271,-0.0009077059650288,0.0792675997186194,-1,-0.0003031729363163,19.31244199127805,-0.036183127432817486,-0.0018700619403612118
2024-07-25,24406.099609375,80039.796875,-0.0003031729363163,-0.0026814236311497,0.0737858314779439,0,-0.0013619683310367,-0.0034893530939271,0.0750428682167576,0,0.0174148078999285,25.76479828348411,6.452356292206062,0.334103594725105
2024-07-26,24834.849609375,81332.71875,0.0174148078999285,-0.0003031729363163,0.091230156406635,1,0.0160244083253744,-0.0013619683310367,0.0882754321561272,1,5.0331230625744864e-05,21.720521457394874,-4.044276826089238,-0.15696908555584232
2024-07-29,24836.099609375,81355.84375,5.0331230625744864e-05,0.0174148078999285,0.0892198902242678,0,0.0002842855060046,0.0160244083253744,0.0859457161475493,0,0.0008532792280141,19.41840692223641,-2.302114535158463,-0.10598799571520856
2024-07-30,24857.30078125,81455.3984375,0.0008532792280141,5.0331230625744864e-05,0.0886182575508063,0,0.0012229462605925,0.0002842855060046,0.0847631009715359,0,0.0037684255675633,20.00911056266954,0.5907036404331301,0.030419778656337826
2024-07-31,24951.150390625,81741.34375,0.0037684255675633,0.0008532792280141,0.0878952053577002,1,0.0035043053101206,0.0012229462605925,0.0837744913025376,1,0.002391816490734,23.08641195416353,3.0773013914939895,0.1537950116201181
2024-08-01,25010.900390625,81867.546875,0.002391816490734,0.0037684255675633,0.0875233691340083,1,0.0015427419567327,0.0035043053101206,0.0835262055381654,0,-0.0117921908833044,20.97887773447636,-2.107534219687171,-0.09128894623692652
2024-08-02,24717.69921875,80981.953125,-0.0117921908833044,0.002391816490734,0.0971599788515632,-1,-0.0108763303548349,0.0015427419567327,0.0912614779252837,-1,-0.0271517531414515,18.839441928521587,-2.139435805954772,-0.10198046973880093
2024-08-05,24055.599609375,78759.3984375,-0.0271517531414515,-0.0117921908833044,0.1372851808998386,-1,-0.0278287130999379,-0.0108763303548349,0.1342091188953293,-1,-0.0026244033870099,27.56697595913427,8.72753403061268,0.46325862855840816
2024-08-06,23992.55078125,78593.0703125,-0.0026244033870099,-0.0271517531414515,0.1373808987704679,-1,-0.0021140842373754,-0.0278287130999379,0.1342881404294899,-1,0.0126300663412452,24.401801705968804,-3.165174253165464,-0.11481760849857348
2024-08-07,24297.5,79468.0078125,0.0126300663412452,-0.0026244033870099,0.1448983000345549,1,0.0110709916304378,-0.0021140842373754,0.1404996752091898,1,-0.0074564783815551,30.23642555589058,5.834623849921776,0.23910627257062744
2024-08-08,24117.0,78886.21875,-0.0074564783815551,0.0126300663412452,0.146033321072577,-1,-0.0073479779204849,0.0110709916304378,0.1412086430853996,-1,0.0103332912152946,28.763428238687,-1.472997317203582,-0.04871598709579006
2024-08-09,24367.5,79705.90625,0.0103332912152946,-0.0074564783815551,0.1500677117701145,1,0.0103371437776994,-0.0073479779204849,0.1453531113701751,1,-0.0008416385761983,26.112127385693945,-2.651300852993053,-0.09217610748593019
2024-08-12,24347.0,79648.921875,-0.0008416385761983,0.0103332912152946,0.1500953138407511,0,-0.0007151885901346,0.0103371437776994,0.1453656780670889,0,-0.0085798488623965,29.571564107545335,3.4594367218513895,0.13248390951656863
2024-08-13,24139.0,78956.03125,-0.0085798488623965,-0.0008416385761983,0.1503000595943691,-1,-0.0087373694121807,-0.0007151885901346,0.1452946149060236,-1,0.0001967576418212,27.165716980491716,-2.405847127053619,-0.08135677633770322
2024-08-14,24143.75,79105.8828125,0.0001967576418212,-0.0085798488623965,0.1495879460958344,0,0.0018961127768807,-0.0087373694121807,0.1453164568706084,0,0.016325768935141,28.66434195982788,1.4986249793361637,0.055166038150672
2024-08-16,24541.150390625,80436.84375,0.016325768935141,0.0001967576418212,0.1609770764951053,1,0.0166850829673022,0.0018961127768807,0.1576094270443343,1,0.001282735354142,29.06717328409948,0.40283132427159885,0.014053395149840053
2024-08-19,24572.650390625,80424.6796875,0.001282735354142,0.016325768935141,0.1586185045960778,0,-0.0001512364456489,0.0166850829673022,0.1549729219129724,0,0.0051226163083365,26.16913714962603,-2.898036134473447,-0.09970134027648125
2024-08-20,24698.849609375,80802.859375,0.0051226163083365,0.001282735354142,0.1549341582146821,1,0.0046912628360968,-0.0001512364456489,0.1527048201100798,1,0.002884618182089,26.206316156833285,0.037179007207253534,0.0014207196437039382
2024-08-21,24770.19921875,80905.296875,0.002884618182089,0.0051226163083365,0.1551136685646387,1,0.0012669430667911,0.0046912628360968,0.152666955810979,0,0.0016659691560852,29.571288491626195,3.3649723347929097,0.12840310384164755
2024-08-22,24811.5,81053.1875,0.0016659691560852,0.002884618182089,0.1550296240041895,0,0.0018262787118019,0.0012669430667911,0.1527022135337799,0,0.0004694458708691,26.833411736205868,-2.737876755420327,-0.09258564286759507
2024-08-23,24823.150390625,81086.2109375,0.0004694458708691,0.0016659691560852,0.1545619786258814,0,0.000407346249892,0.0018262787118019,0.1520571823939486,0,0.0075230181481054,26.64890093610415,-0.1845108001017195,-0.006876158794700049
2024-08-26,25010.599609375,81698.109375,0.0075230181481054,0.0004694458708691,0.1562316457121275,1,0.0075179392994882,0.000407346249892,0.1537496385567653,1,0.0002858535502177,25.712919412514044,-0.9359815235901046,-0.03512270640482695
2024-08-27,25017.75,81711.7578125,0.0002858535502177,0.0075230181481054,0.1446200185120241,0,0.0001670454516198,0.0075179392994882,0.1436774256458406,0,0.0013820469762269,27.30919998238933,1.5962805698752867,0.062080876320034006
2024-08-28,25052.349609375,81785.5625,0.0013820469762269,0.0002858535502177,0.1446588897692002,0,0.0009028244912156,0.0001670454516198,0.1436968122139602,0,0.0039677773564559,30.590938815406307,3.281738833016977,0.1201697169867022
2024-08-29,25151.94921875,82134.609375,0.0039677773564559,0.0013820469762269,0.1451797661986531,1,0.0042587486159974,0.0009028244912156,0.1443389543084999,1,0.0033322021164079,24.382910791356764,-6.208028024049543,-0.20293682588528583
2024-08-30,25235.900390625,82365.7734375,0.0033322021164079,0.0039677773564559,0.1450661601891432,1,0.0028105006287499,0.0042587486159974,0.1441705752846737,1,0.0016945136137639,26.555054932259836,2.1721441409030717,0.08908469376318484
2024-09-02,25278.69921875,82559.84375,0.0016945136137639,0.0033322021164079,0.1449741075034096,0,0.0023534294475672,0.0028105006287499,0.1442815139441139,1,4.550726442364936e-05,29.32185186117182,2.766796928911983,0.10419096989141607
2024-09-03,25279.849609375,82555.4375,4.550726442364936e-05,0.0016945136137639,0.1379494314187335,0,-5.337180141882537e-05,0.0023534294475672,0.1383728040660567,0,-0.0032152453831834,25.63566035938192,-3.6861915017898994,-0.1257148258999009
2024-09-04,25198.69921875,82352.640625,-0.0032152453831834,4.550726442364936e-05,0.0942424648941476,-1,-0.0024595153801555,-5.337180141882537e-05,0.0921593659874818,-1,-0.0021293438665674,22.328990081914228,-3.306670277467692,-0.12898713086037372
2024-09-05,25145.099609375,82201.15625,-0.0021293438665674,-0.0032152453831834,0.0939375480825486,-1,-0.0018411537219949,-0.0024595153801555,0.0920059281335242,0,-0.0117187473822492,19.2689677519611,-3.060022329953128,-0.13704257643213558
2024-09-06,24852.150390625,81183.9296875,-0.0117187473822492,-0.0021293438665674,0.0977746431197282,-1,-0.012452050936557,-0.0018411537219949,0.0990426426406272,-1,0.0033843154336383,22.634078506388114,3.3651107544270147,0.17463887000820422
2024-09-09,24936.400390625,81559.5390625,0.0033843154336383,-0.0117187473822492,0.0929489720202011,1,0.004615976847711,-0.012452050936557,0.0948948120844733,1,0.0041898603137641,20.920608672011014,-1.7134698343771007,-0.07570309672176412
2024-09-10,25041.099609375,81921.2890625,0.0041898603137641,0.0033843154336383,0.0879714939940945,1,0.0044256026175526,0.004615976847711,0.0901158319126326,1,-0.0049099977844991,22.76860939076918,1.8480007187581649,0.08833398433720263
2024-09-11,24918.44921875,81523.15625,-0.0049099977844991,0.0041898603137641,0.0903161859588944,-1,-0.0048717911360082,0.0044256026175526,0.0924113070108461,-1,0.0187036244247439,23.406390699018942,0.6377813082497639,0.02801143000451889
2024-09-12,25388.900390625,82962.7109375,0.0187036244247439,-0.0049099977844991,0.1021326724191955,1,0.0175041353756161,-0.0048717911360082,0.1014541286055642,1,-0.0012769785942554,27.392394525956778,3.9860038269378357,0.1702955350183446
2024-09-13,25356.5,82890.9375,-0.0012769785942554,0.0187036244247439,0.1026602026957779,0,-0.0008655033236423,0.0175041353756161,0.1020614677402489,0,0.001074098082679,23.42528661600494,-3.9671079099518387,-0.14482515963300124
2024-09-16,25383.75,82988.78125,0.001074098082679,-0.0012769785942554,0.0891783134515983,0,0.0011796952886655,-0.0008655033236423,0.0874741515526654,0,0.0013700476615561,21.56942397832416,-1.8558626376807794,-0.07922475690917663
2024-09-17,25418.55078125,83079.65625,0.0013700476615561,0.001074098082679,0.0891748196556216,0,0.001094428422868,0.0011796952886655,0.0872863835631929,0,-0.0016142974615182,21.306250568716834,-0.26317340960732594,-0.012201225673518112
2024-09-18,25377.55078125,82948.2265625,-0.0016142974615182,0.0013700476615561,0.0888860363456452,0,-0.0015832246093494,0.001094428422868,0.0871442450151732,0,0.0015061029073179,20.182271048943143,-1.123979519773691,-0.05275351081358204
2024-09-19,25415.80078125,83184.796875,0.0015061029073179,-0.0016142974615182,0.0887026864433421,0,0.0028479644504736,-0.0015832246093494,0.087320540299578,1,0.0146525662899847,21.547236331257594,1.3649652823144507,0.06763189727282581
2024-09-20,25790.94921875,84544.3125,0.0146525662899847,0.0015061029073179,0.1001809624038343,1,0.0162112039309422,0.0028479644504736,0.1014415518590351,1,0.0057259604541125,21.42729342010537,-0.11994291115222211,-0.005566510215429643
2024-09-23,25939.05078125,84928.609375,0.0057259604541125,0.0146525662899847,0.1009245536928019,1,0.0045352086862802,0.0162112039309422,0.1016284652938429,1,5.20286681844374e-05,22.429377321819416,1.0020839017140446,0.04676670459806109
2024-09-24,25940.400390625,84914.0390625,5.20286681844374e-05,0.0057259604541125,0.0991636439199019,0,-0.0001715742502814,0.0045352086862802,0.100041520842465,0,0.0024545416621303,24.55155946320611,2.122182141386695,0.09461618621584411
2024-09-25,26004.150390625,85169.8671875,0.0024545416621303,5.20286681844374e-05,0.0990479453011074,1,0.0030082601413571,-0.0001715742502814,0.0999274827618118,1,0.0081156927368075,19.89170939955146,-4.659850063654652,-0.18979853685620574
2024-09-26,26216.05078125,85836.1171875,0.0081156927368075,0.0024545416621303,0.1013737791363903,1,0.0077921643916256,0.0030082601413571,0.1018288976330483,1,-0.0014162255444679,24.41713503589712,4.525425636345663,0.2275031042051976
2024-09-27,26178.94921875,85571.8515625,-0.0014162255444679,0.0081156927368075,0.1018798562817201,0,-0.0030834719798523,0.0077921643916256,0.1032179839109342,-1,-0.0141606918570764,24.82221576285174,0.40508072695461905,0.016590018704450094
2024-09-30,25810.849609375,84299.78125,-0.0141606918570764,-0.0014162255444679,0.1158563776287004,-1,-0.014977122077036,-0.0030834719798523,0.1186002953730463,-1,-0.0005405862138807,23.34950070888788,-1.47271505396386,-0.059330523432476356
2024-10-01,25796.900390625,84266.2890625,-0.0005405862138807,-0.0141606918570764,0.1159639022956142,0,-0.0003973775728251,-0.014977122077036,0.1186183204494139,0,-0.02142424417261,19.35268043154423,-3.9968202773436516,-0.17117369348383027
2024-10-03,25250.099609375,82497.1015625,-0.02142424417261,-0.0005405862138807,0.139560779652581,-1,-0.0212187323847338,-0.0003973775728251,0.1414003394083582,-1,-0.0093704618486467,24.74043399106924,5.3877535595250095,0.27839831172653207
2024-10-04,25014.599609375,81688.453125,-0.0093704618486467,-0.02142424417261,0.1429051273313676,-1,-0.0098505008894919,-0.0212187323847338,0.1452632034450652,-1,-0.0087873712731709,28.88450182625898,4.144067835189741,0.16750182461171303
2024-10-07,24795.75,81050.0,-0.0087873712731709,-0.0093704618486467,0.1457823984129635,-1,-0.0078464110765373,-0.0098505008894919,0.1474938179546423,-1,0.008729434677965,26.532503716698585,-2.3519981095603946,-0.08142768477392215
2024-10-08,25013.150390625,81634.8125,0.008729434677965,-0.0087873712731709,0.1434389970722454,1,0.0071895465848382,-0.0078464110765373,0.1433630844689633,1,-0.0012481693673798,24.34529524263472,-2.1872084740638655,-0.08243505767182147
2024-10-09,24981.94921875,81467.1015625,-0.0012481693673798,0.008729434677965,0.1430841753483605,0,-0.0020565178228817,0.0071895465848382,0.1426724385589241,-1,0.0006602588660852,25.298867692379616,0.9535724497448967,0.03916865415848192
2024-10-10,24998.44921875,81611.40625,0.0006602588660852,-0.0012481693673798,0.142329324754806,0,0.0017697577332502,-0.0020565178228817,0.1419163808222864,0,-0.0013689902517646,27.914172528489708,2.6153048361100915,0.10337635928654065
2024-10-11,24964.25,81381.359375,-0.0013689902517646,0.0006602588660852,0.1413407557653419,0,-0.0028227882000963,0.0017697577332502,0.1412388201133401,-1,0.0065359398889081,27.227542712936952,-0.6866298155527559,-0.024597892516855735
2024-10-14,25127.94921875,81973.046875,0.0065359398889081,-0.0013689902517646,0.1266713922176896,1,0.0072442501085332,-0.0028227882000963,0.129090957995965,1,-0.0028135592532655,24.189275023429573,-3.0382676895073786,-0.11158802399247614
2024-10-15,25057.349609375,81820.1171875,-0.0028135592532655,0.0065359398889081,0.1269030006969108,-1,-0.0018673518252629,0.0072442501085332,0.1291663397669311,0,-0.0034399853806971,23.956651246061703,-0.23262377736786988,-0.009616814771941318
2024-10-16,24971.30078125,81501.359375,-0.0034399853806971,-0.0028135592532655,0.1271315212285173,-1,-0.0039034452044961,-0.0018673518252629,0.1294742333219862,-1,-0.0089077840900148,23.929635824764087,-0.027015421297615916,-0.0011276793663745899
2024-10-17,24749.849609375,81006.609375,-0.0089077840900148,-0.0034399853806971,0.1298966495020605,-1,-0.0060889509897805,-0.0039034452044961,0.1304943433466091,-1,0.0042013359565505,23.144844581209043,-0.7847912435550448,-0.032795787169601964
2024-10-18,24854.05078125,81224.75,0.0042013359565505,-0.0089077840900148,0.1312572649383233,1,0.0026892551145246,-0.0060889509897805,0.1311751368708198,1,-0.0029394984735484,28.356477872771215,5.211633291562173,0.22517469379740063
2024-10-21,24781.099609375,81151.2734375,-0.0029394984735484,0.0042013359565505,0.1310942583781406,-1,-0.0009050174522029,0.0026892551145246,0.1304301666876493,0,-0.0125475729094392,24.464784899391383,-3.8916929733798327,-0.1372417615065219
2024-10-22,24472.099609375,80220.71875,-0.0125475729094392,-0.0029394984735484,0.1232676171514827,-1,-0.0115331661906152,-0.0009050174522029,0.1187048411389621,-1,-0.0014966842167451,26.76107875679926,2.2962938574078784,0.09386119137573146
2024-10-23,24435.5,80081.9765625,-0.0014966842167451,-0.0125475729094392,0.1196819925540635,0,-0.0017310029862333,-0.0115331661906152,0.1159790927357048,0,-0.0014784351216731,27.010831359251252,0.24975260245199138,0.009332680671123361
2024-10-24,24399.400390625,80065.15625,-0.0014784351216731,-0.0014966842167451,0.1193323719561755,0,-0.0002100607393519,-0.0017310029862333,0.1159681868480684,0,-0.0089995957000837,25.92985899191347,-1.0809723673377825,-0.04001995914011536
2024-10-25,24180.80078125,79402.2890625,-0.0089995957000837,-0.0014784351216731,0.1194332831757515,-1,-0.0083135589718632,-0.0002100607393519,0.1154542659441383,-1,0.0065272189172371,23.080087692139053,-2.8497712997744173,-0.10990307740058103
2024-10-28,24339.150390625,80005.0390625,0.0065272189172371,-0.0089995957000837,0.1176058993567303,1,0.0075624236314062,-0.0083135589718632,0.1151775888340648,1,0.0052329430871703,24.56805011634625,1.487962424207197,0.06446953079446005
2024-10-29,24466.849609375,80369.03125,0.0052329430871703,0.0065272189172371,0.1213140923156329,1,0.0045392975535532,0.0075624236314062,0.1183822493307794,1,-0.0051631313061232,24.08301801878146,-0.4850320975647904,-0.019742392874804393
2024-10-30,24340.849609375,79942.1796875,-0.0051631313061232,0.0052329430871703,0.1149264283748964,-1,-0.0053252990698964,0.0045392975535532,0.1105257706631051,-1,-0.0055823258691893,21.685239116029386,-2.397778902752073,-0.09956305729133008
2024-10-31,24205.349609375,79389.0625,-0.0055823258691893,-0.0051631313061232,0.1150088055968871,-1,-0.0069430125798514,-0.0053252990698964,0.1112597899495534,-1,0.0040816636276529,24.149599123131914,2.4643600071025276,0.11364227961318218
2024-11-01,24304.349609375,79724.1171875,0.0040816636276529,-0.0055823258691893,0.0959807932940868,1,0.0042115327391091,-0.0069430125798514,0.0914367226062461,1,-0.0127952853023641,19.239999747089076,-4.909599376042838,-0.2032994150755958
2024-11-04,23995.349609375,78782.2421875,-0.0127952853023641,0.0040816636276529,0.1000244886294886,-1,-0.0118845210968332,0.0042115327391091,0.0939775345363059,-1,0.0090420559405291,24.37780763987199,5.137807892782913,0.26703783577545215
2024-11-05,24213.30078125,79476.6328125,0.0090420559405291,-0.0127952853023641,0.1037372481793539,1,0.0087754330509857,-0.0118845210968332,0.0978934517193195,1,0.0111198158079183,21.444490223338605,-2.9333174165333844,-0.12032736741000827
2024-11-06,24484.05078125,80378.1328125,0.0111198158079183,0.0090420559405291,0.1068831495836486,1,0.0112791076791179,0.0087754330509857,0.1030580265726623,1,-0.0116961598894184,23.090634270110538,1.6461440467719335,0.07676303001972928
2024-11-07,24199.349609375,79541.7890625,-0.0116961598894184,0.0111198158079183,0.1131128308394745,-1,-0.0104596271072693,0.0112791076791179,0.1083852078850073,-1,-0.0021159463488489,23.877858827039734,0.7872245569291962,0.034092807833703054
2024-11-08,24148.19921875,79486.3203125,-0.0021159463488489,-0.0116961598894184,0.1128484639044816,-1,-0.0006975968269691,-0.0104596271072693,0.1078867703847693,0,-0.0002857116991034,22.767036443040006,-1.1108223839997287,-0.046521021505572024
2024-11-11,24141.30078125,79496.1484375,-0.0002857116991034,-0.0021159463488489,0.1129445398018512,0,0.0001236378462329,-0.0006975968269691,0.1078305478714912,0,-0.0107383813677232,24.46784158313567,1.7008051400956639,0.07470472252068672
2024-11-12,23883.44921875,78675.1796875,-0.0107383813677232,-0.0002857116991034,0.113124972457822,-1,-0.0103808462905753,0.0001236378462329,0.1078976113982288,-1,-0.0136756491890301,22.36268993253715,-2.1051516505985184,-0.0860374889810257
2024-11-13,23559.05078125,77690.953125,-0.0136756491890301,-0.0107383813677232,0.1196709312964293,-1,-0.0125889096720331,-0.0103808462905753,0.1140067328882055,-1,-0.001119158461959,25.70968772455742,3.346997792020268,0.14966883689383326
2024-11-14,23532.69921875,77580.3125,-0.001119158461959,-0.0136756491890301,0.1198177543022635,0,-0.0014251270932899,-0.0125889096720331,0.1139362156935563,0,-0.0033583481065696,21.289816069732854,-4.419871654824565,-0.17191463786636296
2024-11-18,23453.80078125,77339.0078125,-0.0033583481065696,-0.001119158461959,0.117793346828772,-1,-0.00311523291171,-0.0014251270932899,0.1131690412059021,-1,0.0027547835038892,24.032093841970024,2.74227777223717,0.1288070203732663
2024-11-19,23518.5,77578.3828125,0.0027547835038892,-0.0033583481065696,0.1168497510176887,1,0.0030903591848949,-0.00311523291171,0.1133959695029322,1,-0.0071946273067947,27.562833099885438,3.530739257915414,0.1469176710582445
2024-11-21,23349.900390625,77155.7890625,-0.0071946273067947,0.0027547835038892,0.1179165284472387,-1,-0.0054622039278851,0.0030903591848949,0.113844692887657,-1,0.0235890420376329,21.79099019551272,-5.771842904372718,-0.20940673563766232
2024-11-22,23907.25,79117.109375,0.0235890420376329,-0.0071946273067947,0.1439717622795637,1,0.0251025395038792,-0.0054622039278851,0.1436616814923908,1,0.0130754385217122,25.041686286906668,3.250696091393948,0.14917615318203126
2024-11-25,24221.900390625,80109.8515625,0.0130754385217122,0.0235890420376329,0.1521011677846224,1,0.012469685351412,0.0251025395038792,0.1505828744982428,1,-0.0011318641340202,28.23793247778007,3.196246190873403,0.12763701909901326
2024-11-26,24194.5,80004.0625,-0.0011318641340202,0.0130754385217122,0.1520754612704999,0,-0.0013214226697675,0.012469685351412,0.1506531471838937,0,0.0033175761911502,27.566709690929187,-0.6712227868508833,-0.023770252562897665
2024-11-27,24274.900390625,80234.078125,0.0033175761911502,-0.0011318641340202,0.1492606366745541,1,0.0028709242642128,-0.0013214226697675,0.1478666958517951,1,-0.0149725605075969,27.627323866002527,0.06061417507333999,0.0021988179130889574
2024-11-28,23914.150390625,79043.7421875,-0.0149725605075969,0.0033175761911502,0.1561711169316026,-1,-0.0149469410902948,0.0028709242642128,0.154714016213118,-1,0.0090310985286958,28.595485953455587,0.9681620874530594,0.03504364346502831
2024-11-29,24131.099609375,79802.7890625,0.0090310985286958,-0.0149725605075969,0.1585675949390542,1,0.0095570566944222,-0.0149469410902948,0.1577508529620041,1,0.0059888509835426,29.12620243102896,0.5307164775733746,0.01855944950322619
2024-12-02,24276.05078125,80248.078125,0.0059888509835426,0.0090310985286958,0.1592796329898807,1,0.0055643586223243,0.0095570566944222,0.1579220568169724,1,0.0074323228793726,30.147362982900518,1.0211605518715565,0.03505985904924169
2024-12-03,24457.150390625,80845.75,0.0074323228793726,0.0059888509835426,0.1600417929120704,1,0.0074202050350898,0.0055643586223243,0.1575948234104994,1,0.0004210081782723,28.823816605064067,-1.3235463778364505,-0.043902558860194896
2024-12-04,24467.44921875,80956.328125,0.0004210081782723,0.0074323228793726,0.1595089765304872,0,0.001366832163058,0.0074202050350898,0.1571413204446118,0,0.0097996517421212,27.468382343811633,-1.3554342612524337,-0.04702480174031831
2024-12-05,24708.400390625,81765.859375,0.0097996517421212,0.0004210081782723,0.1552501314214564,1,0.0099499391096706,0.001366832163058,0.153209819089969,1,-0.0012391968835286,28.8701605445511,1.401778200739468,0.05103242641644945
2024-12-06,24677.80078125,81709.1171875,-0.0012391968835286,0.0097996517421212,0.1529367547369078,0,-0.0006942003109209,0.0099499391096706,0.1512534990245007,0,-0.0023855831698785,31.093439343481208,2.2232787989301066,0.07700957518054818
2024-12-09,24619.0,81508.4609375,-0.0023855831698785,-0.0012391968835286,0.1486670158112588,-1,-0.0024587590796771,-0.0006942003109209,0.1472898338340341,-1,-0.0003635747066644,26.601434088360733,-4.492005255120475,-0.14446794404113517
2024-12-10,24610.05078125,81510.046875,-0.0003635747066644,-0.0023855831698785,0.1422253847001991,0,1.9457146569890743e-05,-0.0024587590796771,0.1416838768966973,0,0.0012892918089711,24.273479860678627,-2.327954227682106,-0.08751235816646008
2024-12-11,24641.80078125,81526.140625,0.0012892918089711,-0.0003635747066644,0.1418339360788419,0,0.0001974254955178,1.9457146569890743e-05,0.1415695818776847,0,-0.0037853517923229,28.397554946458136,4.124075085779509,0.1699004472968142
2024-12-12,24548.69921875,81289.9609375,-0.0037853517923229,0.0012892918089711,0.1427375499008399,-1,-0.0029011854588259,0.0001974254955178,0.1422472889443821,-1,0.008905773422254,26.032992662176795,-2.364562284281341,-0.08326640405272845
2024-12-13,24768.30078125,82133.1171875,0.008905773422254,-0.0037853517923229,0.1389042244344399,1,0.0103187841163894,-0.0029011854588259,0.1393081149929077,1,-0.0040476496141852,21.54508335141592,-4.487909310760877,-0.17239313854535587
2024-12-16,24668.25,81748.5703125,-0.0040476496141852,0.008905773422254,0.1291061350970218,-1,-0.0046929902497676,0.0103187841163894,0.1313104476261775,-1,-0.0135602561482743,26.605456864003024,5.060373512587105,0.23487370320405576
2024-12-17,24336.0,80684.453125,-0.0135602561482743,-0.0040476496141852,0.1398695489188752,-1,-0.0131024146236975,-0.0046929902497676,0.1414619838588448,-1,-0.0056516402868919,24.916298519979676,-1.6891583440233475,-0.06348916888207112
2024-12-18,24198.849609375,80182.203125,-0.0056516402868919,-0.0135602561482743,0.1411136231836505,-1,-0.0062443223930475,-0.0131024146236975,0.1432548297951622,-1,-0.0102658252990389,25.930295753756727,1.0139972337770509,0.04069614244523345
2024-12-19,23951.69921875,79218.046875,-0.0102658252990389,-0.0056516402868919,0.146738600398952,-1,-0.0120974466290589,-0.0062443223930475,0.1508813799197311,-1,-0.0153223592363376,27.33782070103323,1.407524947276503,0.054281098859914945
2024-12-20,23587.5,78041.59375,-0.0153223592363376,-0.0102658252990389,0.1548436260045823,-1,-0.0149621996807679,-0.0120974466290589,0.1593558139117236,-1,0.0070108395042457,27.865361960016365,0.5275412589831348,0.019297121915910376
2024-12-23,23753.44921875,78540.171875,0.0070108395042457,-0.0153223592363376,0.132744824783862,1,0.0063682997570647,-0.0149621996807679,0.1342072464214737,1,-0.0010866989549987,26.693386112664278,-1.171975847352087,-0.04205851870984989
2024-12-24,23727.650390625,78472.8671875,-0.0010866989549987,0.0070108395042457,0.1234984205964575,0,-0.0008573134056152,0.0063682997570647,0.1258491995228859,0,0.0009498673594489,23.478869318506064,-3.2145167941582145,-0.12042371771759353
2024-12-26,23750.19921875,78472.4765625,0.0009498673594489,-0.0010866989549987,0.1236769449993493,0,-4.977847582727722e-06,-0.0008573134056152,0.125887231179386,0,0.0026575452485017,25.393906096287097,1.915036777781033,0.08156426750378465
2024-12-27,23813.400390625,78699.0703125,0.0026575452485017,0.0009498673594489,0.1234153716306446,1,0.002883396028053,-4.977847582727722e-06,0.1258919712529833,1,-0.0071010004684319,23.822443807896626,-1.571462288390471,-0.06188344094964726
2024-12-30,23644.900390625,78248.1328125,-0.0071010004684319,0.0026575452485017,0.1148311500760849,-1,-0.0057463749831957,0.002883396028053,0.1166719938005415,-1,-4.2127301519090045e-06,24.960735969383496,1.13829216148687,0.04778234217555588
2024-12-31,23644.80078125,78139.0078125,-4.2127301519090045e-06,-0.0071010004684319,0.109484148809945,0,-0.0013955753302368,-0.0057463749831957,0.1108201513828475,0,0.0041403042175613,24.179149849020607,-0.7815861203628884,-0.03131262320636585
2025-01-01,23742.900390625,78507.40625,0.0041403042175613,-4.2127301519090045e-06,0.1081833801125429,1,0.0047035754874681,-0.0013955753302368,0.110215850306065,1,0.0185999761576599,20.947460607165098,-3.231689241855509,-0.13365603265767467
2025-01-02,24188.650390625,79943.7109375,0.0185999761576599,0.0041403042175613,0.124857833587267,1,0.0181298062689226,0.0047035754874681,0.1257310290127339,1,-0.0076318035968108,26.657747591076763,5.710286983911665,0.27260044026331554
2025-01-03,24004.75,79223.109375,-0.0076318035968108,0.0185999761576599,0.1271831023168178,-1,-0.0090547324433488,0.0181298062689226,0.1288887838872318,-1,-0.0163251287258849,23.64638334145368,-3.0113642496230817,-0.1129639418834878
2025-01-06,23616.05078125,77964.9921875,-0.0163251287258849,-0.0076318035968108,0.1315884444597209,-1,-0.0160081334656602,-0.0090547324433488,0.132345585978834,-1,0.0038817437019732,26.77496004253438,3.1285767010807,0.13230677418631265
2025-01-07,23707.900390625,78199.109375,0.0038817437019732,-0.0163251287258849,0.1332221976100455,1,0.0029983505882897,-0.0160081334656602,0.1335114016590984,1,-0.0007996806978147,26.05679438780723,-0.7181656547271515,-0.026822286703183984
2025-01-08,23688.94921875,78148.4921875,-0.0007996806978147,0.0038817437019732,0.133264028474945,0,-0.0006474955645316,0.0029983505882897,0.1335959152337719,0,-0.0068812163158634,29.002770201084747,2.945975813277517,0.11305979428751334
2025-01-09,23526.5,77620.2109375,-0.0068812163158634,-0.0007996806978147,0.1342668249149805,-1,-0.0067829193519651,-0.0006474955645316,0.1343732755419209,-1,-0.0040461744370668,24.979750526754344,-4.023019674330403,-0.1387115660482644
2025-01-10,23431.5,77378.90625,-0.0040461744370668,-0.0068812163158634,0.1338190771916699,-1,-0.0031136291202979,-0.0067829193519651,0.1340782412191154,-1,-0.0148570974223703,24.6832741269306,-0.29647639982374585,-0.011868669365060591
2025-01-13,23085.94921875,76330.0078125,-0.0148570974223703,-0.0040461744370668,0.1405900584039277,-1,-0.0136480662211137,-0.0031136291202979,0.1395539899539727,-1,0.0038952780436351,26.020166628617304,1.3368925016867053,0.054161878801487484
2025-01-14,23176.05078125,76499.6328125,0.0038952780436351,-0.0148570974223703,0.1362826493182693,1,0.0022197928223647,-0.0136480662211137,0.1324559259379504,1,0.0016015971562733,25.02190536615838,-0.9982612624589251,-0.0383649066013676
2025-01-15,23213.19921875,76724.078125,0.0016015971562733,0.0038952780436351,0.1372229542751949,0,0.0029296441348112,0.0022197928223647,0.1341279374175661,1,0.0042386549220649,27.32217923140359,2.300273865245213,0.09193040384351736
2025-01-16,23311.80078125,77042.8203125,0.0042386549220649,0.0016015971562733,0.133596629863831,1,0.0041457901183227,0.0029296441348112,0.1310656495865247,1,-0.0046695371314281,22.127041769509923,-5.195137461893669,-0.1901435979133933
2025-01-17,23203.19921875,76619.328125,-0.0046695371314281,0.0042386549220649,0.1333057928686273,-1,-0.0055120049280105,0.0041457901183227,0.1308051636238496,-1,0.0060819529090996,23.22321444857002,1.0961726790600963,0.049539956153134446
2025-01-20,23344.75,77073.4375,0.0060819529090996,-0.0046695371314281,0.1325613177314295,1,0.0059093307953441,-0.0055120049280105,0.1284273677149372,1,-0.0138067213115826,23.120525929984566,-0.10268851858545247,-0.004421804690856512
2025-01-21,23024.650390625,75838.359375,-0.0138067213115826,0.0060819529090996,0.1306197842516302,-1,-0.0161544761056689,0.0059093307953441,0.130080454962275,-1,0.0056604403518015,26.962593609110172,3.8420676791256057,0.16617561775023915
2025-01-22,23155.349609375,76404.9921875,0.0056604403518015,-0.0138067213115826,0.129636779790337,1,0.0074438118068853,-0.0161544761056689,0.1309364927672221,1,0.0021570002277194,28.38490472419755,1.4223111150873784,0.05275127221465836
2025-01-23,23205.349609375,76520.3828125,0.0021570002277194,0.0056604403518015,0.1301629372195422,1,0.0015091105305362,0.0074438118068853,0.131296261863963,0,-0.0048879743646975,24.807395284879277,-3.5775094393182734,-0.12603563316767163
2025-01-24,23092.19921875,76190.4609375,-0.0048879743646975,0.0021570002277194,0.13059742973608,-1,-0.0043208770274729,0.0015091105305362,0.1316521275308312,-1,-0.0114566190908245,24.72209952722798,-0.08529575765129849,-0.0034383197700440515
2025-01-27,22829.150390625,75366.171875,-0.0114566190908245,-0.0048879743646975,0.1342576400638648,-1,-0.0108777448409035,-0.0043208770274729,0.1346011412526333,-1,0.0055955455120542,25.565868332612844,0.8437688053848653,0.03413014353637611
2025-01-28,22957.25,75901.40625,0.0055955455120542,-0.0114566190908245,0.1353907823358363,1,0.0070766864297198,-0.0108777448409035,0.1374758737128802,1,0.0089266875926458,27.86283483880001,2.2969665061871645,0.08984504169009822
2025-01-29,23163.099609375,76532.9609375,0.0089266875926458,0.0055955455120542,0.1400112424019654,1,0.0082862980683142,0.0070766864297198,0.1415547801636101,1,0.0037231480743501,24.146417971815392,-3.7164168669846163,-0.13338258251487645
2025-01-30,23249.5,76759.8125,0.0037231480743501,0.0089266875926458,0.1398263511999005,1,0.0029597184917898,0.0082862980683142,0.1407980441133567,1,0.0110741942803563,26.45937308545962,2.312955113644229,0.09578874665153214
2025-01-31,23508.400390625,77500.5703125,0.0110741942803563,0.0037231480743501,0.1285065297458384,1,0.0096040667451551,0.0029597184917898,0.1287278867371018,1,-0.0011172460119788,26.8010482341487,0.34167514868907745,0.012913198947893445
2025-02-01,23482.150390625,,-0.0011172460119788,0.0110741942803563,0.1264646646605004,0,,0.0096040667451551,0.1290098767972513,0,-0.0051704356717334,25.64865480592973,-1.1523934282189678,-0.04299807299143765
2025-02-03,23361.05078125,77186.7421875,-0.0051704356717334,-0.0011172460119788,0.1148568907648856,-1,,,0.1195512929270411,0,0.0160596574106868,23.864852309686047,-1.783802496243684,-0.0695476043379587
2025-02-04,23739.25,78583.8125,0.0160596574106868,-0.0051704356717334,0.1277560878502656,1,0.0179380214275067,,0.1365230653497437,1,-0.0018108456539069,26.777700970160843,2.912848660474797,0.12205601034843006
2025-02-05,23696.30078125,78271.28125,-0.0018108456539069,0.0160596574106868,0.1278900615235195,0,-0.0039849730870877,0.0179380214275067,0.1374441127948799,-1,-0.0039303162184799,19.382541566353474,-7.395159403807369,-0.27616857070918843
2025-02-06,23603.349609375,78058.15625,-0.0039303162184799,-0.0018108456539069,0.1262836375420768,-1,-0.0027266154787845,-0.0039849730870877,0.1352963063189221,-1,-0.0018404311807618,25.984114393269493,6.601572826916019,0.3405937660092946
2025-02-07,23559.94921875,77860.1875,-0.0018404311807618,-0.0039303162184799,0.1255882288335247,0,-0.0025393914740528,-0.0027266154787845,0.1350970248040111,-1,-0.0075988318246352,23.250671517097622,-2.733442876171871,-0.10519669190187597
2025-02-10,23381.599609375,77311.796875,-0.0075988318246352,-0.0018404311807618,0.1167882245303741,-1,-0.0070681948202371,-0.0025393914740528,0.12732435207082,-1,-0.0133382451446241,20.017556659324498,-3.233114857773124,-0.1390546873192725
2025-02-11,23071.80078125,76293.6015625,-0.0133382451446241,-0.0075988318246352,0.1255982533946107,-1,-0.0132574796985812,-0.0070681948202371,0.137152106697896,-1,-0.0011514519568673,25.58223053851103,5.5646738791865324,0.2779896654667102
2025-02-12,23045.25,76171.078125,-0.0011514519568673,-0.0133382451446241,0.125458618253951,0,-0.0016072373500074,-0.0132574796985812,0.1368233787809783,0,-0.0006011552347958,27.293178915721015,1.7109483772099843,0.06688034394164166
2025-02-13,23031.400390625,76138.96875,-0.0006011552347958,-0.0011514519568673,0.1243455574165736,0,-0.0004216317456987,-0.0016072373500074,0.1358151305826762,0,-0.0044451311266271,24.159658712401978,-3.133520203319037,-0.11480964577248687
2025-02-14,22929.25,75939.2109375,-0.0044451311266271,-0.0006011552347958,0.1242548762073713,-1,-0.002627042588144,-0.0004216317456987,0.1346989500192852,-1,0.0013184061183492,26.331236715143007,2.171578002741029,0.08988446519843785
2025-02-17,22959.5,75996.859375,0.0013184061183492,-0.0044451311266271,0.1221212269628107,0,0.0007588512740636,-0.002627042588144,0.1326897211841925,0,-0.0006186376571162,27.436679212258362,1.1054424971153551,0.04198217155822448
2025-02-18,22945.30078125,75967.390625,-0.0006186376571162,0.0013184061183492,0.1125856285301327,0,-0.000387837933848,0.0007588512740636,0.1183406996427415,0,-0.0005405787764224,25.888391760181364,-1.5482874520769982,-0.05643129914152445
2025-02-19,22932.900390625,75939.1796875,-0.0005405787764224,-0.0006186376571162,0.1105745628021681,0,-0.0003714248536621,-0.000387837933848,0.115117391340912,0,-0.0008615791713867,26.337385338959596,0.4489935787782322,0.017343432644928658
2025-02-20,22913.150390625,75735.9609375,-0.0008615791713867,-0.0005405787764224,0.1101681882883312,0,-0.0026796595772371,-0.0003714248536621,0.1153040656129883,-1,-0.0051302862414602,24.501073810976905,-1.8363115279826907,-0.06972262069106483
2025-02-21,22795.900390625,75311.0625,-0.0051302862414602,-0.0008615791713867,0.1102900579623975,-1,-0.0056260566886822,-0.0026796595772371,0.1160323801390911,-1,-0.0106971160111741,23.179873074042938,-1.3212007369339673,-0.053924197246491556
2025-02-24,22553.349609375,74454.40625,-0.0106971160111741,-0.0051302862414602,0.1093769414720291,-1,-0.0114400949710515,-0.0056260566886822,0.1167592742980524,-1,-0.0002571491081876,19.733762523408572,-3.4461105506343657,-0.14866822348968578
2025-02-25,22547.55078125,74602.1171875,-0.0002571491081876,-0.0106971160111741,0.10706877938057,0,0.0019819459416548,-0.0114400949710515,0.1136070545164382,0,-0.0001108829349354,22.214752961797103,2.480990438388531,0.12572313239533162
2025-02-27,22545.05078125,74612.4296875,-0.0001108829349354,-0.0002571491081876,0.1010719555315339,0,0.000138223788932,0.0019819459416548,0.1083421701612648,0,-0.018820968141259,20.420702362521006,-1.7940505992760976,-0.08075942155923777
2025-02-28,22124.69921875,73198.1015625,-0.018820968141259,-0.0001108829349354,0.1160498935612559,-1,-0.0191376254329932,0.000138223788932,0.1252501498722711,-1,-0.0002440302652016,27.946874791121218,7.526172428600212,0.3685560023838024
2025-03-03,22119.30078125,73085.9375,-0.0002440302652016,-0.018820968141259,0.1057010835372504,0,-0.0015335109038521,-0.0191376254329932,0.1167243029447217,0,-0.0016583158911502,22.218336728860365,-5.728538062260853,-0.20497955871906015
2025-03-04,22082.650390625,72989.9296875,-0.0016583158911502,-0.0002440302652016,0.1056026498193731,0,-0.0013144926423886,-0.0015335109038521,0.1137457477716015,0,0.0114657118546871,22.80667459550628,0.5883378666459151,0.026479833923918283
2025-03-05,22337.30078125,73730.2265625,0.0114657118546871,-0.0016583158911502,0.1163278388233766,1,0.0100913627178719,-0.0013144926423886,0.1195156341188028,1,0.0092420085440883,24.735754634418598,1.9290800389123177,0.08458401205462951
2025-03-06,22544.69921875,74340.09375,0.0092420085440883,0.0114657118546871,0.1047100197782347,1,0.008237581101914,0.0100913627178719,0.1024445756544153,1,0.0003459541374161,22.558206870568377,-2.177547763850221,-0.08803239666762663
2025-03-07,22552.5,74332.578125,0.0003459541374161,0.0092420085440883,0.1051437777003814,0,-0.000101102978935,0.008237581101914,0.1026869911573267,0,-0.0040965834647173,25.904479850899648,3.346272980331271,0.14833949345048092
2025-03-10,22460.30078125,74115.171875,-0.0040965834647173,0.0003459541374161,0.1051767208178936,-1,-0.0029290629926659,-0.000101102978935,0.1026960422738249,-1,0.0016726478000064,21.272373358320458,-4.63210649257919,-0.1788148814120396
2025-03-11,22497.900390625,74102.3203125,0.0016726478000064,-0.0040965834647173,0.106097006465358,0,-0.0001734149234686,-0.0029290629926659,0.1030019970327416,0,-0.0012186510428671,22.998915557010285,1.7265421986898275,0.08116359042816956
2025-03-12,22470.5,74029.7578125,-0.0012186510428671,0.0016726478000064,0.1042902831709773,0,-0.0009797000990242,-0.0001734149234686,0.1016424965253008,0,-0.0032674216748287,20.944087145701634,-2.0548284113086517,-0.0893445782787059
2025-03-13,22397.19921875,73828.90625,-0.0032674216748287,-0.0012186510428671,0.0958582709344063,-1,-0.0027168064491122,-0.0009797000990242,0.0932290021868217,-1,0.0049682063353279,18.94578207099922,-1.9983050747024151,-0.09541141902250572
2025-03-17,22508.75,74169.953125,0.0049682063353279,-0.0032674216748287,0.098379681246821,1,0.004608785231435,-0.0027168064491122,0.0956478017125864,1,0.0143597031826613,20.61442994287153,1.668647871872313,0.08807490055670786
2025-03-18,22834.30078125,75301.2578125,0.0143597031826613,0.0049682063353279,0.1120747023729151,1,0.0151377149294023,0.004608785231435,0.1112896209532242,1,0.003204890493779,23.133396643194686,2.518966700323155,0.12219434189079825
2025-03-19,22907.599609375,75449.046875,0.003204890493779,0.0143597031826613,0.1117361964211832,1,0.0019607139123604,0.0151377149294023,0.1113334669168224,0,0.0122804808636645,22.315015193083802,-0.8183814501108841,-0.03537662292889587
2025-03-20,23190.650390625,76348.0625,0.0122804808636645,0.003204890493779,0.1195977065579924,1,0.011845102191352,0.0019607139123604,0.1190300450636814,1,0.0068649342763162,22.57492869605153,0.2599135029677271,0.011647471476886162
2025-03-21,23350.400390625,76905.5078125,0.0068649342763162,0.0122804808636645,0.1215279064488678,1,0.007274842208891,0.011845102191352,0.1214720728371761,1,0.013101970335,21.340155717543112,-1.234772978508417,-0.054696650214642095
2025-03-24,23658.349609375,77984.3828125,0.013101970335,0.0068649342763162,0.1285694579770852,1,0.013931089294052,0.007274842208891,0.1298679715215576,1,0.0004353025297464,24.69073465245113,3.350578934908018,0.15700817647518872
2025-03-25,23668.650390625,78017.1875,0.0004353025297464,0.013101970335,0.1283497696181252,0,0.0004205686893768,0.013931089294052,0.1291232249035615,0,-0.0077107307525872,21.825536213750514,-2.8651984387006166,-0.11604346646753905
2025-03-26,23486.849609375,77288.5,-0.0077107307525872,0.0004353025297464,0.1303365974906477,-1,-0.009383981475756,0.0004205686893768,0.1323211305539003,-1,0.0044648456029652,26.553771676443972,4.728235462693458,0.21663776854722028
2025-03-27,23591.94921875,77606.4296875,0.0044648456029652,-0.0077107307525872,0.1229463195629443,1,0.0041051070505408,-0.009383981475756,0.1242727067545138,1,-0.0030820490476671,24.459511462163434,-2.0942602142805384,-0.07886865337997806
2025-03-28,23519.349609375,77414.921875,-0.0030820490476671,0.0044648456029652,0.1240261380462963,-1,-0.0024707294574768,0.0041051070505408,0.1252229203065323,-1,-0.0151507672965339,21.48751080569977,-2.9720006564636634,-0.12150695082610574
2025-04-01,23165.69921875,76024.5078125,-0.0151507672965339,-0.0030820490476671,0.1374789132383126,-1,-0.0181237915761733,-0.0024707294574768,0.142934427035042,-1,0.0071680902053714,25.129473169731533,3.6419623640317624,0.16949205503439213
2025-04-02,23332.349609375,76617.4375,0.0071680902053714,-0.0151507672965339,0.1176110983648302,1,0.007768934922037,-0.0181237915761733,0.1246445946163726,1,-0.0035313765959128,22.256797025301854,-2.872676144429679,-0.11431501667491462
2025-04-03,23250.099609375,76295.359375,-0.0035313765959128,0.0071680902053714,0.1191298363023976,-1,-0.0042125787753157,0.007768934922037,0.1259869480434277,-1,-0.0149782355814721,24.55133265107812,2.294535625776266,0.10309370315808719
2025-04-04,22904.44921875,75364.6875,-0.0149782355814721,-0.0035313765959128,0.1329456041884369,-1,-0.0122732859006899,-0.0042125787753157,0.1350630416630047,-1,-0.0329701369044216,27.975461310889976,3.4241286598118563,0.1394681383888745
2025-04-07,22161.599609375,73137.8984375,-0.0329701369044216,-0.0149782355814721,0.1745804168164972,-1,-0.0299921508805811,-0.0122732859006899,0.1699087755101294,-1,0.0167463133888997,25.70769674235823,-2.267764568531746,-0.08106263354624199
2025-04-08,22535.849609375,74227.078125,0.0167463133888997,-0.0329701369044216,0.1815845596244258,1,0.014782339013982,-0.0299921508805811,0.1755134027370891,1,-0.006084328049671,30.388508120737416,4.680811378379186,0.1820782089228039
2025-04-09,22399.150390625,73847.1484375,-0.006084328049671,0.0167463133888997,0.1827841503546135,-1,-0.0051316225660746,0.014782339013982,0.1763866792971067,-1,0.0189889506738593,29.95814944432807,-0.4303586764093481,-0.014161888918649113
2025-04-11,22828.55078125,75157.2578125,0.0189889506738593,-0.006084328049671,0.1939359447879863,1,0.0175852938795113,-0.0051316225660746,0.1865727829279325,1,0.0216659860293088,32.73627463169956,2.77812518737149,0.09273353791542238
2025-04-15,23328.55078125,76734.890625,0.0216659860293088,0.0189889506738593,0.2070278095617369,1,0.0207738130523999,0.0175852938795113,0.1990787031844715,1,0.0046465044600635,33.12917421264907,0.3928995809495106,0.012001963735025933
2025-04-16,23437.19921875,77044.2890625,0.0046465044600635,0.0216659860293088,0.2069734746943906,1,0.0040239368633908,0.0207738130523999,0.1989965435657413,1,0.0175289433936214,31.193408805961422,-1.935765406687647,-0.058430837854948736
2025-04-17,23851.650390625,78553.203125,0.0175289433936214,0.0046465044600635,0.2127542541097845,1,0.0193957029075681,0.0040239368633908,0.2071091045821579,1,0.0114180635667531,32.63731753964521,1.443908733683788,0.046288904898647676
2025-04-21,24125.55078125,79408.5,0.0114180635667531,0.0175289433936214,0.2146721320361871,1,0.0108292733830669,0.0193957029075681,0.2088491658371072,1,0.0017269335569158,31.87516149001173,-0.7621560496334787,-0.02335228833398062
2025-04-22,24167.25,79595.59375,0.0017269335569158,0.0114180635667531,0.2109013460113441,0,0.0023533209986377,0.0108292733830669,0.2043266495282547,1,0.0066685563231763,35.242148878331605,3.366987388319874,0.1056304417273286
2025-04-23,24328.94921875,80116.4921875,0.0066685563231763,0.0017269335569158,0.2113463196382126,1,0.0065229914371824,0.0023533209986377,0.2047460261596215,1,-0.0033864737270896,33.17725526116514,-2.0648936171664616,-0.058591592252084435
2025-04-24,24246.69921875,79801.4296875,-0.0033864737270896,0.0066685563231763,0.2095138023794834,-1,-0.0039403076771491,0.0065229914371824,0.2033130636991311,-1,-0.0085884386458094,36.75376160945436,3.5765063482892145,0.1077999466844266
2025-04-25,24039.349609375,79212.53125,-0.0085884386458094,-0.0033864737270896,0.21192953466881,-1,-0.0074069110207341,-0.0039403076771491,0.2049651290572676,-1,0.0119564478312009,33.07163183925176,-3.6821297702026,-0.10018375287212578
2025-04-28,24328.5,80218.3671875,0.0119564478312009,-0.0085884386458094,0.2111673006374468,1,0.0126179967945087,-0.0074069110207341,0.2040024244911081,1,0.0003061462290345,31.699916529923755,-1.3717153093280032,-0.04147709783404019
2025-04-29,24335.94921875,80288.3828125,0.0003061462290345,0.0119564478312009,0.2111746703877527,0,0.0008724322116168,0.0126179967945087,0.203982630360287,0,-7.191266338548166e-05,30.090038253549615,-1.6098782763741397,-0.050784937394218854
2025-04-30,24334.19921875,80242.2421875,-7.191266338548166e-05,0.0003061462290345,0.2087002570394242,0,-0.0005748513876478,0.0008724322116168,0.2003837072152525,0,0.0005135484625769,29.263746351430527,-0.8262919021190882,-0.02746064644904911
2025-05-02,24346.69921875,80501.9921875,0.0005135484625769,-7.191266338548166e-05,0.2084865083043396,0,0.0032318450126287,-0.0005748513876478,0.2002791683531163,1,0.0046898760166561,29.68037894442298,0.41663259299245325,0.014237158427669483
2025-05-05,24461.150390625,80796.84375,0.0046898760166561,0.0005135484625769,0.2080724351850588,1,0.0036559704749838,0.0032318450126287,0.1997783832279757,1,-0.0033394596535795,33.341496820528846,3.661117876105866,0.12335145326012764
2025-05-06,24379.599609375,80641.0703125,-0.0033394596535795,0.0046898760166561,0.1997553009727007,-1,-0.0019298253046593,0.0036559704749838,0.1866315172235271,0,0.0014264371500933,32.99298014372994,-0.3485166767989085,-0.010452940330630933
2025-05-07,24414.400390625,80746.78125,0.0014264371500933,-0.0033394596535795,0.1990289670511371,0,0.0013100236677623,-0.0019298253046593,0.1858072863959992,0,-0.0057755265883323,28.74051530104944,-4.252464842680496,-0.12888998884475256
2025-05-08,24273.80078125,80334.8125,-0.0057755265883323,0.0014264371500933,0.1999868790476223,-1,-0.0051150431110921,0.0013100236677623,0.1862438508670485,-1,-0.0110105034287145,33.78876453291446,5.048249231865022,0.1756492247611401
2025-05-09,24008.0,79454.46875,-0.0110105034287145,-0.0057755265883323,0.196165453311814,-1,-0.0110189200484182,-0.0051150431110921,0.1850406379280594,-1,0.0374721401846667,30.65042322781452,-3.1383413050999422,-0.09288120913810882
2025-05-12,24924.69921875,82429.8984375,0.0374721401846667,-0.0110105034287145,0.1884722780310665,1,0.0367640787506648,-0.0110189200484182,0.181738709304215,1,-0.0139932900771993,31.14081382707775,0.4903905992632289,0.015999472360245015
2025-05-13,24578.349609375,81148.21875,-0.0139932900771993,0.0374721401846667,0.1955064327965711,-1,-0.0156708725910757,0.0367640787506648,0.1928319484526494,-1,0.0035963215412445,34.77508453616796,3.6342707090902096,0.11670442298878259
2025-05-14,24666.900390625,81330.5625,0.0035963215412445,-0.0139932900771993,0.1919770902954894,1,0.0022445247945547,-0.0156708725910757,0.1899844864472955,1,0.0158944494666119,32.99138766128,-1.7836968748879585,-0.05129238069954423
2025-05-15,25062.099609375,82530.7421875,0.0158944494666119,0.0035963215412445,0.189334219221538,1,0.0146489880842903,0.0022445247945547,0.187713760994436,1,-0.0016891866264205,30.396360626342137,-2.595027034937864,-0.07865771096326124
2025-05-16,25019.80078125,82330.59375,-0.0016891866264205,0.0158944494666119,0.1796039845108538,0,-0.002428083391349,0.0146489880842903,0.1793206757664709,-1,-0.0029761331077067,28.178014000254805,-2.2183466260873317,-0.07298066546048498
2025-05-19,24945.44921875,82059.421875,-0.0029761331077067,-0.0016891866264205,0.1808383352513032,-1,-0.0032991312754355,-0.002428083391349,0.1807633320704153,-1,-0.0105401844508155,25.78020272247171,-2.397811277783095,-0.08509511272729908
2025-05-20,24683.900390625,81186.4375,-0.0105401844508155,-0.0029761331077067,0.1784902215854591,-1,-0.0106954344841419,-0.0032991312754355,0.1763819044994011,-1,0.0052345883147392,28.41071552006107,2.630512797589361,0.10203615642232466
2025-05-21,24813.44921875,81596.6328125,0.0052345883147392,-0.0105401844508155,0.1754789893327754,1,0.0050397892107696,-0.0106954344841419,0.1736718929659258,1,-0.0082451709667342,29.125638455622152,0.7149229355610807,0.025163848304216918
2025-05-22,24609.69921875,80951.9921875,-0.0082451709667342,0.0052345883147392,0.178573927990609,-1,-0.007931706646313,0.0050397892107696,0.1765130481465784,-1,0.0098438783734483,27.883033744758535,-1.242604710863617,-0.04266360419040893
2025-05-23,24853.150390625,81721.078125,0.0098438783734483,-0.0082451709667342,0.180205760721129,1,0.0094556728575795,-0.007931706646313,0.1779962634616397,1,0.0059373186446142,29.75806213792829,1.8750283931697567,0.06724621181230783
2025-05-26,25001.150390625,82176.453125,0.0059373186446142,0.0098438783734483,0.1802307313180655,1,0.0055568399145487,0.0094556728575795,0.1777526267810919,1,-0.0070223237717306,30.176776897724086,0.41871475979579387,0.014070632618987666
2025-05-27,24826.19921875,81551.6328125,-0.0070223237717306,0.0059373186446142,0.1792094069119431,-1,-0.0076324515995662,0.0055568399145487,0.1778950315629356,-1,-0.0029750732108038,29.471228727578154,-0.7055481701459314,-0.023380501255558017
2025-05-28,24752.44921875,81312.3203125,-0.0029750732108038,-0.0070223237717306,0.1756974633542563,-1,-0.0029388046605125,-0.0076324515995662,0.1736301762331629,-1,0.0032731167331063,28.26974117377871,-1.2014875537994456,-0.040768152726361695
2025-05-29,24833.599609375,81633.0234375,0.0032731167331063,-0.0029750732108038,0.1758880746049077,1,0.0039363326587868,-0.0029388046605125,0.1740047352477369,1,-0.0033438193068198,29.926116804424225,1.6563756306455168,0.058591821568634295
2025-05-30,24750.69921875,81451.0078125,-0.0033438193068198,0.0032731167331063,0.1764950087309859,-1,-0.0022321707303971,0.0039363326587868,0.1742631582145712,-1,-0.0013786730055621,30.533382172237406,0.6072653678131807,0.020292153899613252
2025-06-02,24716.599609375,81373.75,-0.0013786730055621,-0.0033438193068198,0.1766564506998709,0,-0.000948968932437,-0.0022321707303971,0.1741031728472828,0,-0.0070687582881646,27.484846915101397,-3.0485352571360096,-0.0998426980653293
2025-06-03,24542.5,80737.5078125,-0.0070687582881646,-0.0013786730055621,0.178016183738707,-1,-0.0078494913048578,-0.000948968932437,0.1760372883895057,-1,0.0031609038835467,32.62348313336324,5.138636218261841,0.18696251917046136
2025-06-04,24620.19921875,80998.25,0.0031609038835467,-0.0070687582881646,0.177831059434377,1,0.0032243013779856,-0.0078494913048578,0.1762435744963907,1,0.0052946553040901,29.585929678869178,-3.0375534544940592,-0.09310941575664022
2025-06-05,24750.900390625,81442.0390625,0.0052946553040901,0.0031609038835467,0.178597047536997,1,0.0054640405923712,0.0032243013779856,0.1771552213128028,1,0.0101359809008172,29.897403999589397,0.31147432072021886,0.010527785474413465
2025-06-06,25003.05078125,82188.9921875,0.0101359809008172,0.0052946553040901,0.1798828380259308,1,0.0091297880076552,0.0054640405923712,0.1784271722385261,1,0.0039974482568901,31.404712649106195,1.5073086495167978,0.05041603777831338
2025-06-09,25103.19921875,82445.2109375,0.0039974482568901,0.0101359809008172,0.1742510701825927,1,0.0031125847727192,0.0091297880076552,0.1729789277839203,1,4.18575835460567e-05,29.891539280786272,-1.5131733683199222,-0.048183003144370073
2025-06-10,25104.25,82391.71875,4.18575835460567e-05,0.0039974482568901,0.1176182221573677,0,-0.0006490316154174,0.0031125847727192,0.1171150449653657,0,0.0014787507816465,25.66809548356326,-4.2234437972230126,-0.1412922819915723
2025-06-11,25141.400390625,82515.140625,0.0014787507816465,4.18575835460567e-05,0.1054393981740685,0,0.0014968679715668,-0.0006490316154174,0.1023846191862173,0,-0.0101221411211214,23.1181881478105,-2.54990733575276,-0.09934150889323323
2025-06-12,24888.19921875,81691.9765625,-0.0101221411211214,0.0014787507816465,0.1118276395817521,-1,-0.0100260082756002,0.0014968679715668,0.1088178428456424,-1,-0.006837783295332,21.957889208894336,-1.1602989389161635,-0.05018987350987769
2025-06-13,24718.599609375,81118.6015625,-0.006837783295332,-0.0101221411211214,0.0992216788888112,-1,-0.0070434903808496,-0.0100260082756002,0.0979572849378082,-1,0.0091775509175443,22.645174939293323,0.6872857303989868,0.031300172974759066
2025-06-16,24946.5,81796.1484375,0.0091775509175443,-0.006837783295332,0.104782471957181,1,0.0083178568108032,-0.0070434903808496,0.1026954933448612,1,-0.00373895196994,20.190794781076775,-2.454380158216548,-0.10838424365438537
2025-06-17,24853.400390625,81583.296875,-0.00373895196994,0.0091775509175443,0.105075561907434,-1,-0.0026056115261914,0.0083178568108032,0.1024690100581595,-1,-0.0016651260767121,22.724675602296447,2.5338808212196717,0.12549683401242206
2025-06-18,24812.05078125,81444.65625,-0.0016651260767121,-0.00373895196994,0.098326585325397,0,-0.0017008206968682,-0.0026056115261914,0.0954424997122681,0,-0.0007580150449296,21.766198551250778,-0.9584770510456693,-0.04217781005194243
2025-06-19,24793.25,81361.8671875,-0.0007580150449296,-0.0016651260767121,0.096673658027608,0,-0.0010170239851324,-0.0017008206968682,0.0938261117648953,0,0.0127903249029659,21.25113208821572,-0.5150664630350583,-0.023663592970645797
2025-06-20,25112.400390625,82408.171875,0.0127903249029659,-0.0007580150449296,0.1015161976096366,1,0.0127779040625432,-0.0010170239851324,0.099409170253941,1,-0.0056105552585128,21.8945447380858,0.6434126498700792,0.030276629367282926
2025-06-23,24971.900390625,81896.7890625,-0.0056105552585128,0.0127903249029659,0.0985540680851863,-1,-0.0062248207339925,0.0127779040625432,0.097117410684667,-1,0.00289702924233,18.091708717523353,-3.802836020562445,-0.17368874603486828
2025-06-24,25044.349609375,82055.109375,0.00289702924233,-0.0056105552585128,0.0968830520592664,1,0.0019313025737321,-0.0062248207339925,0.0953476667169059,0,0.0079699757193964,20.590855390444716,2.4991466729213627,0.1381376801905243
2025-06-25,25244.75,82755.5078125,0.0079699757193964,0.00289702924233,0.096950602921746,1,0.0084994846317335,0.0019313025737321,0.0956026947175038,1,0.0119799636297515,21.88075009445683,1.289894704012113,0.06264405628387326
2025-06-26,25549.0,83755.8671875,0.0119799636297515,0.0079699757193964,0.1032570372417748,1,0.0120156525116706,0.0084994846317335,0.102240081450327,1,0.0034696784710735,22.645416508172282,0.7646664137154531,0.03494699269515311
2025-06-27,25637.80078125,84058.8984375,0.0034696784710735,0.0119799636297515,0.1033016034567515,1,0.0036115007906424,0.0120156525116706,0.1021450927254263,1,,20.27481006382323,-2.3706064443490504,-0.10468372014679195
